From_Dept,To_Dept,Eligible_Weeks,Joint_Events,Support,Confidence,Lift
8,40,2700,21,0.0077777777777777776,0.3,20.76923076923077
40,8,2700,21,0.0077777777777777776,0.5384615384615384,20.76923076923077
4,95,2700,27,0.01,0.5,7.941176470588236
95,4,2700,27,0.01,0.1588235294117647,7.941176470588235
91,97,2618,180,0.06875477463712758,0.728744939271255,6.114917471192775
97,91,2618,180,0.06875477463712758,0.5769230769230769,6.114917471192774
95,97,2618,92,0.03514132925897632,0.7131782945736435,5.98429735639038
97,95,2618,92,0.03514132925897632,0.2948717948717949,5.98429735639038
2,46,2700,23,0.008518518518518519,0.359375,5.952837423312883
46,2,2700,23,0.008518518518518519,0.1411042944785276,5.952837423312883
2,95,2700,21,0.0077777777777777776,0.328125,5.21139705882353
95,2,2700,21,0.0077777777777777776,0.12352941176470589,5.21139705882353
91,95,2700,93,0.034444444444444444,0.32517482517482516,5.16454134101193
95,91,2700,93,0.034444444444444444,0.5470588235294118,5.16454134101193
90,97,2618,227,0.086707410236822,0.6151761517615176,5.161958863178375
97,90,2618,227,0.086707410236822,0.7275641025641025,5.161958863178375
81,95,2700,78,0.028888888888888888,0.3170731707317073,5.035868005738881
95,81,2700,78,0.028888888888888888,0.4588235294117647,5.03586800573888
92,95,2700,119,0.04407407407407407,0.31398416886543534,4.986807387862797
95,92,2700,119,0.04407407407407407,0.7,4.986807387862797
93,97,2452,153,0.06239804241435563,0.3923076923076923,4.907849293563579
97,93,2452,153,0.06239804241435563,0.7806122448979592,4.907849293563579
81,97,2618,132,0.05042016806722689,0.5814977973568282,4.879362927821077
97,81,2618,132,0.05042016806722689,0.4230769230769231,4.879362927821077
83,97,2449,133,0.05430788076766027,0.3715083798882682,4.7141141054216
97,83,2449,133,0.05430788076766027,0.689119170984456,4.7141141054216
3,40,2700,22,0.008148148148148147,0.06790123456790123,4.700854700854701
40,3,2700,22,0.008148148148148147,0.5641025641025641,4.700854700854701
4,81,2700,23,0.008518518518518519,0.42592592592592593,4.67479674796748
81,4,2700,23,0.008518518518518519,0.09349593495934959,4.67479674796748
92,97,2618,180,0.06875477463712758,0.5555555555555556,4.661680911680912
97,92,2618,180,0.06875477463712758,0.5769230769230769,4.661680911680911
92,91,2700,184,0.06814814814814815,0.48548812664907653,4.583279517316457
91,92,2700,184,0.06814814814814815,0.6433566433566433,4.583279517316456
90,91,2700,202,0.07481481481481482,0.4821002386634845,4.551295959410518
91,90,2700,202,0.07481481481481482,0.7062937062937062,4.551295959410518
90,95,2700,120,0.044444444444444446,0.2863961813842482,4.548645233749825
95,90,2700,120,0.044444444444444446,0.7058823529411765,4.548645233749825
4,92,2700,34,0.012592592592592593,0.6296296296296297,4.485488126649077
92,4,2700,34,0.012592592592592593,0.08970976253298153,4.485488126649076
93,91,2452,117,0.047716150081566065,0.3,4.404790419161677
91,93,2452,117,0.047716150081566065,0.7005988023952096,4.404790419161676
8,3,2700,37,0.013703703703703704,0.5285714285714286,4.404761904761905
3,8,2700,37,0.013703703703703704,0.11419753086419752,4.404761904761904
4,91,2700,25,0.009259259259259259,0.46296296296296297,4.370629370629371
91,4,2700,25,0.009259259259259259,0.08741258741258741,4.37062937062937
83,91,2449,106,0.04328297264189465,0.29608938547486036,4.368210271252608
91,83,2449,106,0.04328297264189465,0.6385542168674698,4.368210271252608
90,93,2452,184,0.07504078303425775,0.6917293233082706,4.3490264121843065
93,90,2452,184,0.07504078303425775,0.4717948717948718,4.3490264121843065
94,98,1974,148,0.07497467071935157,0.6271186440677966,4.2540625546042286
98,94,1974,148,0.07497467071935157,0.5085910652920962,4.2540625546042286
94,97,2072,82,0.03957528957528957,0.2789115646258503,4.187715665976535
97,94,2072,82,0.03957528957528957,0.5942028985507246,4.187715665976535
81,91,2700,108,0.04,0.43902439024390244,4.144635851952925
91,81,2700,108,0.04,0.3776223776223776,4.144635851952925
90,92,2700,243,0.09,0.5799522673031027,4.13158607313556
92,90,2700,243,0.09,0.6411609498680739,4.13158607313556
93,95,2452,60,0.024469820554649267,0.15384615384615385,4.1003344481605355
95,93,2452,60,0.024469820554649267,0.6521739130434783,4.100334448160535
92,81,2700,141,0.052222222222222225,0.3720316622691293,4.083274341978249
81,92,2700,141,0.052222222222222225,0.573170731707317,4.083274341978248
93,92,2452,148,0.06035889070146819,0.37948717948717947,4.028149628149628
92,93,2452,148,0.06035889070146819,0.6406926406926406,4.028149628149627
80,94,1985,163,0.08211586901763224,0.4851190476190476,3.9144768679829656
94,80,1985,163,0.08211586901763224,0.6626016260162602,3.914476867982965
2,74,2692,26,0.009658246656760773,0.40625,3.8919039145907472
74,2,2692,26,0.009658246656760773,0.09252669039145907,3.8919039145907472
4,97,2618,25,0.009549274255156608,0.46296296296296297,3.8847340930674266
97,4,2618,25,0.009549274255156608,0.08012820512820513,3.8847340930674266
94,91,2093,74,0.035355948399426664,0.24262295081967214,3.7896256422804018
91,94,2093,74,0.035355948399426664,0.5522388059701493,3.7896256422804013
4,90,2700,31,0.011481481481481481,0.5740740740740741,3.6992840095465396
90,4,2700,31,0.011481481481481481,0.07398568019093078,3.699284009546539
95,83,2449,49,0.02000816659861168,0.532608695652174,3.6434600437211566
83,95,2449,49,0.02000816659861168,0.13687150837988826,3.643460043721156
81,94,2093,62,0.029622551361681796,0.5299145299145299,3.6364298724954462
94,81,2093,62,0.029622551361681796,0.20327868852459016,3.6364298724954462
46,95,2700,37,0.013703703703703704,0.22699386503067484,3.605196679898954
95,46,2700,37,0.013703703703703704,0.21764705882352942,3.6051966798989534
2,20,2426,30,0.01236603462489695,0.5357142857142857,3.5802833530106257
20,2,2426,30,0.01236603462489695,0.08264462809917356,3.5802833530106257
92,94,2093,91,0.043478260869565216,0.5170454545454546,3.5481184798807752
94,92,2093,91,0.043478260869565216,0.2983606557377049,3.5481184798807752
94,90,2093,108,0.051600573339703776,0.3540983606557377,3.5291803278688523
90,94,2093,108,0.051600573339703776,0.5142857142857142,3.529180327868852
2,23,2291,26,0.011348756001745963,0.49056603773584906,3.5231560891938254
23,2,2291,26,0.011348756001745963,0.08150470219435736,3.523156089193825
20,40,2426,20,0.008244023083264633,0.05509641873278237,3.5174713643613167
40,20,2426,20,0.008244023083264633,0.5263157894736842,3.5174713643613167
81,90,2700,134,0.04962962962962963,0.5447154471544715,3.510099540136213
90,81,2700,134,0.04962962962962963,0.3198090692124105,3.5100995401362125
4,93,2452,26,0.010603588907014683,0.5531914893617021,3.478014184397163
93,4,2452,26,0.010603588907014683,0.06666666666666667,3.478014184397163
74,8,2692,25,0.009286775631500743,0.08896797153024912,3.4710402805714584
8,74,2692,25,0.009286775631500743,0.36231884057971014,3.471040280571458
38,40,2700,23,0.008518518518518519,0.04883227176220807,3.3806957373836357
40,38,2700,23,0.008518518518518519,0.5897435897435898,3.3806957373836353
21,14,2700,43,0.015925925925925927,0.2388888888888889,3.3247422680412373
14,21,2700,43,0.015925925925925927,0.22164948453608246,3.324742268041237
94,93,2027,108,0.053280710409472125,0.40148698884758366,3.3216903118124574
93,94,2027,108,0.053280710409472125,0.44081632653061226,3.321690311812457
90,83,2449,127,0.0518579011841568,0.4828897338403042,3.3033434585891204
83,90,2449,127,0.0518579011841568,0.3547486033519553,3.30334345858912
23,34,2221,146,0.06573615488518686,0.512280701754386,3.2978998220188154
34,23,2221,146,0.06573615488518686,0.42318840579710143,3.2978998220188154
94,95,2093,35,0.016722408026755852,0.11475409836065574,3.290141477655513
95,94,2093,35,0.016722408026755852,0.4794520547945205,3.2901414776555127
1,8,2700,48,0.017777777777777778,0.0852575488454707,3.2885054554681554
8,1,2700,48,0.017777777777777778,0.6857142857142857,3.2885054554681554
92,83,2449,110,0.044916292364230295,0.48034934497816595,3.285965211875778
83,92,2449,110,0.044916292364230295,0.30726256983240224,3.2859652118757774
93,81,2452,81,0.03303425774877651,0.2076923076923077,3.285558312655087
81,93,2452,81,0.03303425774877651,0.5225806451612903,3.2855583126550867
21,23,2291,73,0.031863814927979045,0.45625,3.2767045454545456
23,21,2291,73,0.031863814927979045,0.22884012539184953,3.276704545454545
38,8,2700,40,0.014814814814814815,0.08492569002123142,3.275705186533212
8,38,2700,40,0.014814814814814815,0.5714285714285714,3.2757051865332114
80,91,2356,132,0.05602716468590832,0.22956521739130434,3.200329302804219
91,80,2356,132,0.05602716468590832,0.7810650887573964,3.200329302804219
26,8,2353,26,0.011049723756906077,0.07738095238095238,3.1943400167084377
8,26,2353,26,0.011049723756906077,0.45614035087719296,3.1943400167084373
10,37,1080,57,0.05277777777777778,0.3904109589041096,3.1702544031311155
37,10,1080,57,0.05277777777777778,0.42857142857142855,3.170254403131115
4,67,2700,20,0.007407407407407408,0.37037037037037035,3.1545741324921135
67,4,2700,20,0.007407407407407408,0.06309148264984227,3.1545741324921135
93,96,1718,123,0.07159487776484284,0.5565610859728507,3.13498998590609
96,93,1718,123,0.07159487776484284,0.40327868852459015,3.1349899859060897
83,93,2449,176,0.07186606778276848,0.49162011173184356,3.1110533685562918
93,83,2449,176,0.07186606778276848,0.45478036175710596,3.1110533685562918
21,33,2225,70,0.03146067415730337,0.44871794871794873,3.1102723859733206
33,21,2225,70,0.03146067415730337,0.21806853582554517,3.11027238597332
14,22,2226,55,0.024707996406109614,0.40145985401459855,3.102950121654501
22,14,2226,55,0.024707996406109614,0.1909722222222222,3.102950121654501
2,91,2700,21,0.0077777777777777776,0.328125,3.0976835664335667
91,2,2700,21,0.0077777777777777776,0.07342657342657342,3.0976835664335667
23,24,2220,164,0.07387387387387387,0.5754385964912281,3.0856852275616578
24,23,2220,164,0.07387387387387387,0.3961352657004831,3.0856852275616578
1,40,2700,25,0.009259259259259259,0.04440497335701599,3.07419046317803
40,1,2700,25,0.009259259259259259,0.6410256410256411,3.07419046317803
24,33,2220,182,0.08198198198198198,0.4396135265700483,3.0690000911493938
33,24,2220,182,0.08198198198198198,0.5723270440251572,3.0690000911493938
74,79,2692,31,0.011515601783060922,0.1103202846975089,3.061672230986536
79,74,2692,31,0.011515601783060922,0.31958762886597936,3.0616722309865354
33,26,2220,122,0.054954954954954956,0.3836477987421384,3.0526814093460475
26,33,2220,122,0.054954954954954956,0.43727598566308246,3.052681409346047
21,67,2700,64,0.023703703703703703,0.35555555555555557,3.0283911671924293
67,21,2700,64,0.023703703703703703,0.20189274447949526,3.028391167192429
23,25,2290,172,0.07510917030567686,0.5408805031446541,3.013665090514009
25,23,2290,172,0.07510917030567686,0.41849148418491483,3.013665090514009
8,20,2426,27,0.011129431162407255,0.45,3.007438016528926
20,8,2426,27,0.011129431162407255,0.0743801652892562,3.007438016528926
21,95,2700,34,0.012592592592592593,0.18888888888888888,3.0
95,21,2700,34,0.012592592592592593,0.2,3.0
74,14,2692,60,0.022288261515601784,0.21352313167259787,2.9782604687183083
14,74,2692,60,0.022288261515601784,0.31088082901554404,2.978260468718308
23,26,2226,109,0.048966756513926325,0.3758620689655172,2.977469628175236
26,23,2226,109,0.048966756513926325,0.3879003558718861,2.977469628175236
14,17,2696,38,0.014094955489614243,0.1958762886597938,2.9667554731842927
17,14,2696,38,0.014094955489614243,0.21348314606741572,2.9667554731842927
46,90,2700,75,0.027777777777777776,0.4601226993865031,2.9649911416314043
90,46,2700,75,0.027777777777777776,0.17899761336515513,2.964991141631404
24,26,2220,154,0.06936936936936937,0.3719806763285024,2.959846241753675
26,24,2220,154,0.06936936936936937,0.5519713261648745,2.959846241753675
80,97,2356,144,0.06112054329371817,0.25043478260869567,2.9501217391304353
97,80,2356,144,0.06112054329371817,0.72,2.950121739130435
96,97,1881,139,0.07389686337054759,0.36675461741424803,2.9481428861376093
97,96,1881,139,0.07389686337054759,0.594017094017094,2.948142886137609
46,97,2618,52,0.019862490450725745,0.348993288590604,2.9284116331096195
97,46,2618,52,0.019862490450725745,0.16666666666666666,2.9284116331096195
4,83,2449,20,0.008166598611678236,0.425531914893617,2.910971116129799
83,4,2449,20,0.008166598611678236,0.055865921787709494,2.910971116129799
26,79,2353,32,0.013599660008499787,0.09523809523809523,2.9103277674706245
79,26,2353,32,0.013599660008499787,0.4155844155844156,2.9103277674706245
21,26,2353,66,0.02804929876753081,0.41509433962264153,2.906895777178796
26,21,2353,66,0.02804929876753081,0.19642857142857142,2.906895777178796
81,46,2700,43,0.015925925925925927,0.17479674796747968,2.8954062546760437
46,81,2700,43,0.015925925925925927,0.26380368098159507,2.8954062546760433
96,91,1960,129,0.06581632653061224,0.3154034229828851,2.875305623471883
91,96,1960,129,0.06581632653061224,0.6,2.8753056234718826
59,72,2411,24,0.009954375777685608,0.4897959183673469,2.8662571824846443
72,59,2411,24,0.009954375777685608,0.05825242718446602,2.8662571824846443
81,21,2700,47,0.017407407407407406,0.1910569105691057,2.8658536585365857
21,81,2700,47,0.017407407407407406,0.2611111111111111,2.8658536585365852
23,95,2291,65,0.028371890004364905,0.20376175548589343,2.8639152258784164
95,23,2291,65,0.028371890004364905,0.3987730061349693,2.863915225878416
23,33,2224,118,0.053057553956834536,0.4125874125874126,2.8585495501383353
33,23,2224,118,0.053057553956834536,0.367601246105919,2.858549550138335
4,26,2353,20,0.008499787505312367,0.40816326530612246,2.858357628765792
26,4,2353,20,0.008499787505312367,0.05952380952380952,2.8583576287657917
81,83,2449,62,0.02531645569620253,0.40789473684210525,2.7903190238165245
83,81,2449,62,0.02531645569620253,0.17318435754189945,2.7903190238165245
2,92,2700,25,0.009259259259259259,0.390625,2.782816622691293
92,2,2700,25,0.009259259259259259,0.06596306068601583,2.782816622691293
94,96,1630,60,0.03680981595092025,0.46153846153846156,2.776043145046835
96,94,1630,60,0.03680981595092025,0.22140221402214022,2.776043145046835
2,26,2353,21,0.008924776880577986,0.39622641509433965,2.7747641509433962
26,2,2353,21,0.008924776880577986,0.0625,2.7747641509433962
80,98,2187,257,0.11751257430269776,0.5526881720430108,2.772314294169873
98,80,2187,257,0.11751257430269776,0.5894495412844036,2.772314294169872
1,21,2700,104,0.03851851851851852,0.1847246891651865,2.7708703374777977
21,1,2700,104,0.03851851851851852,0.5777777777777777,2.770870337477797
1,67,2700,183,0.06777777777777778,0.325044404973357,2.768517013968656
67,1,2700,183,0.06777777777777778,0.5772870662460567,2.7685170139686557
14,23,2291,57,0.024879965080750764,0.38513513513513514,2.7659705159705164
23,14,2291,57,0.024879965080750764,0.1786833855799373,2.765970515970516
10,23,2291,124,0.054124836316019206,0.38509316770186336,2.7656691134952007
23,10,2291,124,0.054124836316019206,0.3887147335423197,2.7656691134952007
59,74,2520,20,0.007936507936507936,0.2631578947368421,2.763157894736842
74,59,2520,20,0.007936507936507936,0.08333333333333333,2.763157894736842
17,95,2696,31,0.011498516320474777,0.17415730337078653,2.7619299405155324
95,17,2696,31,0.011498516320474777,0.18235294117647058,2.761929940515532
30,74,2220,46,0.02072072072072072,0.1862348178137652,2.756275303643725
74,30,2220,46,0.02072072072072072,0.30666666666666664,2.7562753036437244
17,23,2291,48,0.020951549541684853,0.38095238095238093,2.735930735930736
23,17,2291,48,0.020951549541684853,0.15047021943573669,2.735930735930736
46,91,2700,47,0.017407407407407406,0.2883435582822086,2.7221245012656055
91,46,2700,47,0.017407407407407406,0.16433566433566432,2.722124501265605
21,97,2618,53,0.02024446142093201,0.3212121212121212,2.6952991452991455
97,21,2618,53,0.02024446142093201,0.16987179487179488,2.6952991452991455
8,9,2640,34,0.012878787878787878,0.6296296296296297,2.689679971233369
9,8,2640,34,0.012878787878787878,0.05501618122977346,2.689679971233369
96,83,1716,108,0.06293706293706294,0.35526315789473684,2.6738227146814406
83,96,1716,108,0.06293706293706294,0.47368421052631576,2.67382271468144
33,34,2221,132,0.05943268797838811,0.41379310344827586,2.663868065967016
34,33,2221,132,0.05943268797838811,0.3826086956521739,2.663868065967016
40,42,2669,23,0.008617459722742601,0.6052631578947368,2.661363045174716
42,40,2669,23,0.008617459722742601,0.03789126853377265,2.6613630451747157
3,20,2426,109,0.04492992580379225,0.3978102189781022,2.658643502040981
20,3,2426,109,0.04492992580379225,0.3002754820936639,2.6586435020409804
67,95,2700,53,0.01962962962962963,0.167192429022082,2.6554091668213027
95,67,2700,53,0.01962962962962963,0.31176470588235294,2.6554091668213027
21,92,2700,67,0.024814814814814814,0.37222222222222223,2.6517150395778364
92,21,2700,67,0.024814814814814814,0.17678100263852242,2.6517150395778364
12,59,2513,34,0.013529645841623557,0.07589285714285714,2.6488715277777777
59,12,2513,34,0.013529645841623557,0.4722222222222222,2.6488715277777777
96,95,1960,80,0.04081632653061224,0.19559902200489,2.6079869600652
95,96,1960,80,0.04081632653061224,0.54421768707483,2.6079869600651997
80,95,2356,56,0.023769100169779286,0.09739130434782609,2.607430830039526
95,80,2356,56,0.023769100169779286,0.6363636363636364,2.6074308300395255
7,8,2700,35,0.012962962962962963,0.0671785028790787,2.591170825335893
8,7,2700,35,0.012962962962962963,0.5,2.5911708253358925
2,42,2669,37,0.013862869988759834,0.5873015873015873,2.582385397871395
42,2,2669,37,0.013862869988759834,0.060955518945634266,2.5823853978713944
2,25,2649,29,0.010947527368818422,0.5,2.58187134502924
25,2,2649,29,0.010947527368818422,0.056530214424951264,2.5818713450292394
46,23,2291,51,0.022261021388040158,0.3591549295774648,2.5793854033290655
23,46,2291,51,0.022261021388040158,0.15987460815047022,2.579385403329065
21,24,2221,75,0.03376857271499325,0.4807692307692308,2.579199182460052
24,21,2221,75,0.03376857271499325,0.18115942028985507,2.579199182460052
96,4,1960,23,0.01173469387755102,0.05623471882640587,2.563256951157105
4,96,1960,23,0.01173469387755102,0.5348837209302325,2.5632569511571046
92,80,2356,137,0.058149405772495756,0.6255707762557078,2.5632082588842566
80,92,2356,137,0.058149405772495756,0.2382608695652174,2.563208258884256
34,46,2222,54,0.024302430243024302,0.1565217391304348,2.557289002557545
46,34,2222,54,0.024302430243024302,0.39705882352941174,2.5572890025575443
85,2,2515,23,0.009145129224652087,0.05778894472361809,2.5498104557877106
2,85,2515,23,0.009145129224652087,0.40350877192982454,2.54981045578771
80,96,1737,129,0.07426597582037997,0.46236559139784944,2.549615975422427
96,80,1737,129,0.07426597582037997,0.4095238095238095,2.549615975422427
1,2,2700,34,0.012592592592592593,0.06039076376554174,2.547735346358792
2,1,2700,34,0.012592592592592593,0.53125,2.547735346358792
14,95,2700,31,0.011481481481481481,0.15979381443298968,2.537901758641601
95,14,2700,31,0.011481481481481481,0.18235294117647058,2.537901758641601
97,98,2294,98,0.042720139494333044,0.550561797752809,2.5259775280898875
98,97,2294,98,0.042720139494333044,0.196,2.5259775280898875
80,81,2356,81,0.03438030560271647,0.1408695652173913,2.514308300395257
81,80,2356,81,0.03438030560271647,0.6136363636363636,2.514308300395257
26,34,2221,109,0.04907699234579019,0.3892857142857143,2.5133824750830565
34,26,2221,109,0.04907699234579019,0.3168604651162791,2.5133824750830565
23,9,2289,155,0.06771515945827872,0.4889589905362776,2.4982748422712935
9,23,2289,155,0.06771515945827872,0.34598214285714285,2.498274842271293
22,95,2226,52,0.02336028751123091,0.18055555555555555,2.496376811594203
95,22,2226,52,0.02336028751123091,0.32298136645962733,2.4963768115942027
7,55,2327,108,0.04641168886978943,0.2517482517482518,2.4928433268858803
55,7,2327,108,0.04641168886978943,0.4595744680851064,2.4928433268858803
25,33,2225,137,0.06157303370786517,0.3577023498694517,2.4794010232384114
33,25,2225,137,0.06157303370786517,0.42679127725856697,2.4794010232384114
4,82,2700,33,0.012222222222222223,0.6111111111111112,2.47376311844078
82,4,2700,33,0.012222222222222223,0.049475262368815595,2.47376311844078
22,79,2226,22,0.009883198562443846,0.0763888888888889,2.464371980676329
79,22,2226,22,0.009883198562443846,0.3188405797101449,2.464371980676328
8,10,2700,30,0.011111111111111112,0.42857142857142855,2.4463908184838417
10,8,2700,30,0.011111111111111112,0.06342494714587738,2.4463908184838417
11,23,2291,130,0.05674378000872981,0.3403141361256545,2.444074250356973
23,11,2291,130,0.05674378000872981,0.40752351097178685,2.444074250356973
80,90,2356,167,0.07088285229202038,0.29043478260869565,2.4438012422360247
90,80,2356,167,0.07088285229202038,0.5964285714285714,2.4438012422360247
83,94,2025,83,0.04098765432098765,0.32421875,2.4406801812267656
94,83,2025,83,0.04098765432098765,0.30855018587360594,2.4406801812267656
21,25,2649,84,0.031710079275198186,0.47191011235955055,2.436822393061305
25,21,2649,84,0.031710079275198186,0.16374269005847952,2.4368223930613047
21,34,2222,59,0.026552655265526554,0.3782051282051282,2.4358602749907097
34,21,2222,59,0.026552655265526554,0.17101449275362318,2.4358602749907097
24,34,2220,156,0.07027027027027027,0.37681159420289856,2.431749241658241
34,24,2220,156,0.07027027027027027,0.45348837209302323,2.4317492416582405
24,25,2221,171,0.0769923457901846,0.41304347826086957,2.4141304347826087
25,24,2221,171,0.0769923457901846,0.45,2.4141304347826087
92,98,2295,106,0.04618736383442266,0.5247524752475248,2.4086138613861388
98,92,2295,106,0.04618736383442266,0.212,2.4086138613861388
2,27,2238,20,0.008936550491510277,0.4166666666666667,2.391025641025641
27,2,2238,20,0.008936550491510277,0.05128205128205128,2.391025641025641
46,14,2700,28,0.01037037037037037,0.17177914110429449,2.3907406236164697
14,46,2700,28,0.01037037037037037,0.14432989690721648,2.390740623616469
34,25,2222,141,0.06345634563456345,0.40869565217391307,2.3897940503432498
25,34,2222,141,0.06345634563456345,0.37105263157894736,2.3897940503432493
7,21,2700,83,0.030740740740740742,0.15930902111324377,2.389635316698657
21,7,2700,83,0.030740740740740742,0.46111111111111114,2.3896353166986564
12,8,2676,28,0.01046337817638266,0.05588822355289421,2.3739188290086495
8,12,2676,28,0.01046337817638266,0.4444444444444444,2.373918829008649
90,96,1960,151,0.0770408163265306,0.49508196721311476,2.372519940678985
96,90,1960,151,0.0770408163265306,0.3691931540342298,2.372519940678985
7,33,2225,130,0.058426966292134834,0.3403141361256545,2.3588752426155177
33,7,2225,130,0.058426966292134834,0.40498442367601245,2.3588752426155177
93,21,2452,51,0.020799347471451877,0.13076923076923078,2.3576923076923078
21,93,2452,51,0.020799347471451877,0.375,2.3576923076923073
17,21,2696,28,0.010385756676557863,0.15730337078651685,2.35605493133583
21,17,2696,28,0.010385756676557863,0.15555555555555556,2.35605493133583
93,98,2272,170,0.07482394366197183,0.5014749262536873,2.3491773864914998
98,93,2272,170,0.07482394366197183,0.35051546391752575,2.3491773864914998
2,82,2700,37,0.013703703703703704,0.578125,2.340236131934033
82,2,2700,37,0.013703703703703704,0.05547226386806597,2.340236131934033
24,95,2221,70,0.0315173345339937,0.16908212560386474,2.3324931737030035
95,24,2221,70,0.0315173345339937,0.43478260869565216,2.3324931737030035
27,14,2238,57,0.02546916890080429,0.14615384615384616,2.3198036006546645
14,27,2238,57,0.02546916890080429,0.40425531914893614,2.319803600654664
22,74,2226,45,0.02021563342318059,0.15625,2.31875
74,22,2226,45,0.02021563342318059,0.3,2.3187499999999996
46,92,2700,53,0.01962962962962963,0.32515337423312884,2.316396069734691
92,46,2700,53,0.01962962962962963,0.13984168865435356,2.316396069734691
46,93,2452,43,0.017536704730831975,0.36752136752136755,2.3106728029804953
93,46,2452,43,0.017536704730831975,0.11025641025641025,2.3106728029804953
14,24,2221,59,0.02656461053579469,0.4306569343065693,2.3103600267992523
24,14,2221,59,0.02656461053579469,0.14251207729468598,2.3103600267992523
23,29,2221,71,0.031967582170193604,0.24825174825174826,2.306975451326916
29,23,2221,71,0.031967582170193604,0.29707112970711297,2.306975451326916
14,29,2221,34,0.01530841963079694,0.24817518248175183,2.3062639342760285
29,14,2221,34,0.01530841963079694,0.14225941422594143,2.3062639342760285
21,27,2238,63,0.028150134048257374,0.4012738853503185,2.3026947574718277
27,21,2238,63,0.028150134048257374,0.16153846153846155,2.3026947574718277
67,33,2225,83,0.037303370786516854,0.332,2.3012461059190032
33,67,2225,83,0.037303370786516854,0.2585669781931464,2.301246105919003
23,79,2291,24,0.010475774770842427,0.07523510971786834,2.2981818181818183
79,23,2291,24,0.010475774770842427,0.32,2.2981818181818183
37,42,1080,39,0.03611111111111111,0.2932330827067669,2.2948676037920888
42,37,1080,39,0.03611111111111111,0.2826086956521739,2.2948676037920888
3,22,2226,51,0.022911051212938006,0.29651162790697677,2.2917877906976747
22,3,2226,51,0.022911051212938006,0.17708333333333334,2.2917877906976747
30,95,2220,41,0.018468468468468467,0.1659919028340081,2.2888324490155156
95,30,2220,41,0.018468468468468467,0.2546583850931677,2.288832449015515
23,7,2291,130,0.05674378000872981,0.40752351097178685,2.288324420677362
7,23,2291,130,0.05674378000872981,0.31862745098039214,2.2883244206773616
90,98,2295,127,0.05533769063180828,0.4980392156862745,2.286
98,90,2295,127,0.05533769063180828,0.254,2.286
22,23,2221,83,0.037370553804592525,0.29328621908127206,2.2855743599280887
23,22,2221,83,0.037370553804592525,0.2912280701754386,2.2855743599280887
17,74,2688,42,0.015625,0.23863636363636365,2.2827563895179552
74,17,2688,42,0.015625,0.1494661921708185,2.2827563895179552
3,23,2291,59,0.0257529463116543,0.3172043010752688,2.2781036168132944
23,3,2291,59,0.0257529463116543,0.18495297805642633,2.2781036168132944
92,14,2700,62,0.022962962962962963,0.16358839050131926,2.2767456409977425
92,79,2700,31,0.011481481481481481,0.08179419525065963,2.2767456409977425
14,92,2700,62,0.022962962962962963,0.31958762886597936,2.276745640997742
79,92,2700,31,0.011481481481481481,0.31958762886597936,2.276745640997742
23,81,2291,77,0.03360977738978612,0.2413793103448276,2.2757201646090537
81,23,2291,77,0.03360977738978612,0.3168724279835391,2.2757201646090537
17,22,2226,32,0.014375561545372867,0.29357798165137616,2.2691131498470947
22,17,2226,32,0.014375561545372867,0.1111111111111111,2.2691131498470947
16,2,2700,32,0.011851851851851851,0.05378151260504202,2.2689075630252105
2,16,2700,32,0.011851851851851851,0.5,2.26890756302521
81,14,2700,40,0.014814814814814815,0.16260162601626016,2.263012320844858
14,81,2700,40,0.014814814814814815,0.20618556701030927,2.2630123208448576
93,80,2308,185,0.08015597920277297,0.5362318840579711,2.262565243886284
80,93,2308,185,0.08015597920277297,0.3382084095063985,2.2625652438862836
20,22,2226,83,0.03728661275831087,0.29225352112676056,2.25887617370892
22,20,2226,83,0.03728661275831087,0.2881944444444444,2.25887617370892
7,67,2700,138,0.051111111111111114,0.2648752399232246,2.256035166538506
67,7,2700,138,0.051111111111111114,0.4353312302839117,2.256035166538506
21,90,2700,63,0.023333333333333334,0.35,2.2553699284009547
90,21,2700,63,0.023333333333333334,0.15035799522673032,2.2553699284009547
29,46,2221,33,0.014858171994597028,0.13807531380753138,2.254891705636229
46,29,2221,33,0.014858171994597028,0.2426470588235294,2.254891705636229
32,46,2428,56,0.023064250411861616,0.13592233009708737,2.229860928890055
46,32,2428,56,0.023064250411861616,0.3783783783783784,2.229860928890055
2,10,2700,25,0.009259259259259259,0.390625,2.2297832980972516
10,2,2700,25,0.009259259259259259,0.052854122621564484,2.2297832980972516
21,22,2226,45,0.02021563342318059,0.28846153846153844,2.2295673076923075
22,21,2226,45,0.02021563342318059,0.15625,2.2295673076923075
20,95,2426,55,0.02267106347897774,0.15151515151515152,2.2277318640955004
95,20,2426,55,0.02267106347897774,0.3333333333333333,2.2277318640955004
24,55,2220,88,0.03963963963963964,0.21256038647342995,2.2258681979764834
55,24,2220,88,0.03963963963963964,0.41509433962264153,2.2258681979764834
11,34,2222,124,0.0558055805580558,0.34540389972144847,2.224601348350894
34,11,2222,124,0.0558055805580558,0.35942028985507246,2.224601348350894
81,98,2295,61,0.026579520697167756,0.48412698412698413,2.222142857142857
98,81,2295,61,0.026579520697167756,0.122,2.222142857142857
9,21,2640,92,0.03484848484848485,0.1488673139158576,2.220393834677198
21,9,2640,92,0.03484848484848485,0.519774011299435,2.220393834677198
7,1,2700,241,0.08925925925925926,0.46257197696737046,2.218373601797336
1,7,2700,241,0.08925925925925926,0.4280639431616341,2.2183736017973357
2,90,2700,22,0.008148148148148147,0.34375,2.215095465393795
90,2,2700,22,0.008148148148148147,0.05250596658711217,2.215095465393795
72,95,2512,67,0.026671974522292995,0.14692982456140352,2.210106103582309
95,72,2512,67,0.026671974522292995,0.40119760479041916,2.210106103582309
33,79,2225,22,0.009887640449438202,0.06853582554517133,2.2100320556232784
79,33,2225,22,0.009887640449438202,0.3188405797101449,2.2100320556232784
46,21,2700,24,0.008888888888888889,0.147239263803681,2.208588957055215
21,46,2700,24,0.008888888888888889,0.13333333333333333,2.2085889570552144
30,23,2220,70,0.03153153153153153,0.2834008097165992,2.2075431493714044
23,30,2220,70,0.03153153153153153,0.24561403508771928,2.207543149371404
4,7,2700,23,0.008518518518518519,0.42592592592592593,2.2072936660268714
7,4,2700,23,0.008518518518518519,0.044145873320537425,2.2072936660268714
91,98,2295,74,0.03224400871459695,0.4805194805194805,2.2055844155844153
98,91,2295,74,0.03224400871459695,0.148,2.2055844155844153
26,25,2306,116,0.05030355594102342,0.37540453074433655,2.2027553381588807
25,26,2306,116,0.05030355594102342,0.2951653944020356,2.2027553381588802
6,46,2472,40,0.016181229773462782,0.13333333333333333,2.1973333333333334
46,6,2472,40,0.016181229773462782,0.26666666666666666,2.1973333333333334
55,72,2221,70,0.0315173345339937,0.330188679245283,2.1891016615038015
72,55,2221,70,0.0315173345339937,0.208955223880597,2.1891016615038015
5,72,2465,172,0.06977687626774848,0.3747276688453159,2.188871335790767
72,5,2465,172,0.06977687626774848,0.4075829383886256,2.188871335790767
30,46,2220,33,0.014864864864864866,0.13360323886639677,2.180876399142653
46,30,2220,33,0.014864864864864866,0.2426470588235294,2.180876399142653
20,74,2422,62,0.02559867877786953,0.17174515235457063,2.177836434569477
74,20,2422,62,0.02559867877786953,0.32460732984293195,2.177836434569477
17,26,2353,37,0.01572460688482788,0.31092436974789917,2.1773959583833533
26,17,2353,37,0.01572460688482788,0.11011904761904762,2.1773959583833533
14,33,2225,43,0.019325842696629212,0.31386861313868614,2.175569047456625
33,14,2225,43,0.019325842696629212,0.13395638629283488,2.1755690474566247
24,46,2221,55,0.024763619990995047,0.13285024154589373,2.1695616652458085
46,24,2221,55,0.024763619990995047,0.40441176470588236,2.1695616652458085
81,96,1960,67,0.034183673469387756,0.4527027027027027,2.169431044736668
96,81,1960,67,0.034183673469387756,0.16381418092909536,2.169431044736668
1,23,2291,135,0.05892623308598865,0.30201342281879195,2.1690054911531425
23,1,2291,135,0.05892623308598865,0.4231974921630094,2.169005491153142
34,9,2221,139,0.06258442143178748,0.4028985507246377,2.166677194090606
9,34,2221,139,0.06258442143178748,0.3365617433414044,2.1666771940906058
3,55,2327,50,0.021486892995272882,0.2183406113537118,2.162036606893989
55,3,2327,50,0.021486892995272882,0.2127659574468085,2.1620366068939885
46,55,2327,31,0.013321873657069187,0.21830985915492956,2.1617320946958345
55,46,2327,31,0.013321873657069187,0.13191489361702127,2.1617320946958345
22,46,2226,38,0.017070979335130278,0.13194444444444445,2.1596200980392157
46,22,2226,38,0.017070979335130278,0.27941176470588236,2.1596200980392157
23,74,2291,52,0.022697512003491925,0.16300940438871472,2.158696794534945
74,23,2291,52,0.022697512003491925,0.30057803468208094,2.158696794534945
92,96,1960,116,0.05918367346938776,0.44787644787644787,2.1463027819996032
96,92,1960,116,0.05918367346938776,0.28361858190709044,2.1463027819996032
26,74,2353,53,0.02252443688907777,0.15773809523809523,2.145420451417561
74,26,2353,53,0.02252443688907777,0.3063583815028902,2.145420451417561
9,2,2640,31,0.011742424242424242,0.05016181229773463,2.1359223300970878
2,9,2640,31,0.011742424242424242,0.5,2.1359223300970873
1,4,2700,24,0.008888888888888889,0.04262877442273535,2.1314387211367674
4,1,2700,24,0.008888888888888889,0.4444444444444444,2.1314387211367674
2,96,1960,26,0.013265306122448979,0.4406779661016949,2.111806390120592
96,2,1960,26,0.013265306122448979,0.06356968215158924,2.111806390120592
9,26,2294,129,0.05623365300784656,0.279826464208243,2.1115852266240442
26,9,2294,129,0.05623365300784656,0.4243421052631579,2.111585226624044
59,11,2528,29,0.011471518987341773,0.37662337662337664,2.1017746050858634
11,59,2528,29,0.011471518987341773,0.0640176600441501,2.101774605085863
4,16,2700,25,0.009259259259259259,0.46296296296296297,2.100840336134454
16,4,2700,25,0.009259259259259259,0.04201680672268908,2.100840336134454
14,30,2220,32,0.014414414414414415,0.23357664233576642,2.099352817754662
30,14,2220,32,0.014414414414414415,0.12955465587044535,2.099352817754662
17,24,2221,43,0.01936064835659613,0.39090909090909093,2.0971234079929735
24,17,2221,43,0.01936064835659613,0.10386473429951691,2.0971234079929735
1,26,2353,152,0.06459838504037399,0.2992125984251969,2.0953787026621673
26,1,2353,152,0.06459838504037399,0.4523809523809524,2.0953787026621673
17,20,2426,42,0.01731244847485573,0.31343283582089554,2.094732946836068
20,17,2426,42,0.01731244847485573,0.11570247933884298,2.094732946836068
46,44,2229,48,0.021534320323014805,0.35294117647058826,2.081232492997199
44,46,2229,48,0.021534320323014805,0.12698412698412698,2.0812324929971986
23,67,2291,77,0.03360977738978612,0.2413793103448276,2.0789473684210527
67,23,2291,77,0.03360977738978612,0.2894736842105263,2.0789473684210527
17,92,2696,52,0.019287833827893175,0.29213483146067415,2.0780884053244786
92,17,2696,52,0.019287833827893175,0.13720316622691292,2.0780884053244786
14,20,2426,46,0.018961253091508656,0.3108108108108108,2.0772094408458046
20,14,2426,46,0.018961253091508656,0.12672176308539945,2.0772094408458046
82,40,2700,20,0.007407407407407408,0.029985007496251874,2.0758851343558993
40,82,2700,20,0.007407407407407408,0.5128205128205128,2.075885134355899
2,11,2699,24,0.00889218228973694,0.375,2.0740266393442623
11,2,2699,24,0.00889218228973694,0.04918032786885246,2.0740266393442623
23,32,2270,101,0.04449339207048458,0.32792207792207795,2.073490576276092
32,23,2270,101,0.04449339207048458,0.28133704735376047,2.073490576276092
27,28,2238,87,0.0388739946380697,0.2230769230769231,2.0715608043408875
28,27,2238,87,0.0388739946380697,0.36099585062240663,2.071560804340887
7,24,2221,147,0.06618640252138676,0.3858267716535433,2.0698581155616416
24,7,2221,147,0.06618640252138676,0.35507246376811596,2.0698581155616416
23,72,2281,103,0.04515563349408154,0.3301282051282051,2.0687429557621866
72,23,2281,103,0.04515563349408154,0.28296703296703296,2.0687429557621866
2,32,2428,20,0.008237232289950576,0.3508771929824561,2.067790836314086
32,2,2428,20,0.008237232289950576,0.04854368932038835,2.067790836314086
23,97,2209,85,0.03847894975101856,0.288135593220339,2.0665309267004184
97,23,2209,85,0.03847894975101856,0.275974025974026,2.066530926700418
17,91,2696,39,0.014465875370919881,0.21910112359550563,2.065372829417773
91,17,2696,39,0.014465875370919881,0.13636363636363635,2.065372829417773
21,83,2449,41,0.016741527153940384,0.3014705882352941,2.0622946105816626
83,21,2449,41,0.016741527153940384,0.11452513966480447,2.0622946105816626
26,95,2353,48,0.020399490012749683,0.14285714285714285,2.0622261174408414
95,26,2353,48,0.020399490012749683,0.294478527607362,2.0622261174408414
3,79,2700,24,0.008888888888888889,0.07407407407407407,2.061855670103093
79,3,2700,24,0.008888888888888889,0.24742268041237114,2.061855670103093
14,32,2428,57,0.023476112026359144,0.3496932515337423,2.060813627970695
32,14,2428,57,0.023476112026359144,0.1383495145631068,2.060813627970695
26,14,2353,42,0.017849553761155972,0.125,2.056818181818182
14,26,2353,42,0.017849553761155972,0.2937062937062937,2.0568181818181817
26,27,2220,100,0.04504504504504504,0.35842293906810035,2.056069572948793
27,26,2220,100,0.04504504504504504,0.25839793281653745,2.056069572948793
14,44,2229,48,0.021534320323014805,0.34782608695652173,2.0510697032436163
44,14,2229,48,0.021534320323014805,0.12698412698412698,2.0510697032436163
55,5,2299,80,0.034797738147020446,0.3448275862068966,2.0484718880869646
5,55,2299,80,0.034797738147020446,0.20671834625322996,2.048471888086964
10,25,2649,175,0.0660626651566629,0.39592760180995473,2.0444682596385384
25,10,2649,175,0.0660626651566629,0.341130604288499,2.044468259638538
33,1,2225,125,0.056179775280898875,0.3894080996884735,2.033880332879938
1,33,2225,125,0.056179775280898875,0.2934272300469484,2.0338803328799377
3,44,2229,60,0.026917900403768506,0.3448275862068966,2.0333880678708263
44,3,2229,60,0.026917900403768506,0.15873015873015872,2.0333880678708263
79,97,2618,23,0.00878533231474408,0.24210526315789474,2.0315114709851554
97,79,2618,23,0.00878533231474408,0.07371794871794872,2.031511470985155
26,37,1080,25,0.023148148148148147,0.25,2.030075187969925
37,26,1080,25,0.023148148148148147,0.18796992481203006,2.030075187969925
20,23,2246,79,0.035173642030276044,0.2696245733788396,2.0253404408323537
23,20,2246,79,0.035173642030276044,0.26421404682274247,2.0253404408323537
67,91,2700,68,0.025185185185185185,0.21451104100946372,2.025104233306126
91,67,2700,68,0.025185185185185185,0.23776223776223776,2.025104233306126
33,95,2225,47,0.021123595505617977,0.14641744548286603,2.023470908070664
95,33,2225,47,0.021123595505617977,0.2919254658385093,2.023470908070664
67,14,2700,46,0.017037037037037038,0.14511041009463724,2.019577872451137
14,67,2700,46,0.017037037037037038,0.23711340206185566,2.0195778724511366
17,44,2229,38,0.01704800358905339,0.34234234234234234,2.018733018733019
44,17,2229,38,0.01704800358905339,0.10052910052910052,2.0187330187330184
11,24,2221,135,0.060783430886987844,0.37604456824512533,2.0173791934116507
24,11,2221,135,0.060783430886987844,0.32608695652173914,2.0173791934116507
4,9,2640,25,0.00946969696969697,0.4716981132075472,2.0150210661293277
9,4,2640,25,0.00946969696969697,0.040453074433656956,2.0150210661293277
5,14,2619,69,0.026345933562428408,0.14168377823408623,2.0057827848382264
14,5,2619,69,0.026345933562428408,0.372972972972973,2.0057827848382264
22,91,2226,69,0.03099730458221024,0.23958333333333334,2.004934210526316
91,22,2226,69,0.03099730458221024,0.2593984962406015,2.004934210526316
7,46,2700,63,0.023333333333333334,0.12092130518234165,2.0029909447381744
46,7,2700,63,0.023333333333333334,0.38650306748466257,2.0029909447381744
34,95,2222,50,0.022502250225022502,0.14492753623188406,2.0001800342064993
95,34,2222,50,0.022502250225022502,0.3105590062111801,2.000180034206499
18,1,1958,354,0.1807967313585291,0.4701195219123506,1.9967332405734979
1,18,1958,354,0.1807967313585291,0.7678958785249458,1.9967332405734977
27,95,2238,56,0.025022341376228777,0.14358974358974358,1.9959866220735785
95,27,2238,56,0.025022341376228777,0.34782608695652173,1.9959866220735785
14,91,2700,41,0.015185185185185185,0.211340206185567,1.9951697786749334
91,14,2700,41,0.015185185185185185,0.14335664335664336,1.9951697786749334
8,52,2610,25,0.009578544061302681,0.49019607843137253,1.992853216052776
52,8,2610,25,0.009578544061302681,0.03894080996884735,1.992853216052776
24,1,2221,157,0.07068887888338586,0.37922705314009664,1.9911661584495381
1,24,2221,157,0.07068887888338586,0.37115839243498816,1.991166158449538
81,5,2619,91,0.034746086292478044,0.3699186991869919,1.98935743977563
5,81,2619,91,0.034746086292478044,0.1868583162217659,1.9893574397756297
22,81,2226,62,0.027852650494159928,0.2152777777777778,1.9884163208852006
81,22,2226,62,0.027852650494159928,0.2572614107883817,1.9884163208852002
46,67,2700,38,0.014074074074074074,0.2331288343558282,1.985639914071723
67,46,2700,38,0.014074074074074074,0.11987381703470032,1.985639914071723
24,97,2139,106,0.049555867227676485,0.2849462365591398,1.985342019543974
97,24,2139,106,0.049555867227676485,0.34527687296416937,1.985342019543974
23,90,2291,113,0.04932343954604976,0.3542319749216301,1.98421871527006
90,23,2291,113,0.04932343954604976,0.2762836185819071,1.98421871527006
27,23,2238,102,0.045576407506702415,0.26153846153846155,1.9841460234680575
23,27,2238,102,0.045576407506702415,0.34576271186440677,1.9841460234680572
26,7,2353,124,0.05269868253293668,0.36904761904761907,1.9780616118884915
7,26,2353,124,0.05269868253293668,0.2824601366742597,1.978061611888491
95,44,2229,54,0.024226110363391656,0.33540372670807456,1.9778172138420587
44,95,2229,54,0.024226110363391656,0.14285714285714285,1.9778172138420584
33,55,2220,60,0.02702702702702703,0.18867924528301888,1.975792096831613
55,33,2220,60,0.02702702702702703,0.2830188679245283,1.9757920968316125
33,46,2225,39,0.01752808988764045,0.12149532710280374,1.9731905314141482
46,33,2225,39,0.01752808988764045,0.2846715328467153,1.973190531414148
44,74,2229,51,0.02288021534320323,0.1349206349206349,1.9656084656084656
74,44,2229,51,0.02288021534320323,0.3333333333333333,1.9656084656084654
14,6,2472,41,0.016585760517799353,0.23837209302325582,1.9641860465116279
6,14,2472,41,0.016585760517799353,0.13666666666666666,1.9641860465116276
30,10,2220,66,0.02972972972972973,0.26720647773279355,1.957750430913537
10,30,2220,66,0.02972972972972973,0.21782178217821782,1.9577504309135367
11,10,2699,167,0.06187476843275287,0.3422131147540984,1.956849993053626
10,11,2699,167,0.06187476843275287,0.3538135593220339,1.9568499930536258
20,79,2426,24,0.00989282769991756,0.06611570247933884,1.9560572465228787
79,20,2426,24,0.00989282769991756,0.2926829268292683,1.9560572465228785
3,72,2512,84,0.03343949044585987,0.35443037974683544,1.952476127026427
72,3,2512,84,0.03343949044585987,0.18421052631578946,1.9524761270264266
3,74,2692,66,0.02451708766716196,0.2037037037037037,1.9514959799657308
74,3,2692,66,0.02451708766716196,0.23487544483985764,1.9514959799657308
55,67,2327,51,0.02191663085517834,0.2170212765957447,1.9498398094142775
67,55,2327,51,0.02191663085517834,0.1969111969111969,1.9498398094142775
10,34,2222,92,0.041404140414041404,0.3026315789473684,1.9491228070175437
34,10,2222,92,0.041404140414041404,0.26666666666666666,1.9491228070175437
24,10,2221,110,0.049527239981990094,0.26570048309178745,1.9475933100556435
10,24,2221,110,0.049527239981990094,0.36303630363036304,1.9475933100556433
54,74,1867,28,0.014997321906802356,0.11155378486055777,1.9464571620061808
74,54,1867,28,0.014997321906802356,0.2616822429906542,1.9464571620061808
74,12,2668,101,0.03785607196401799,0.36330935251798563,1.9464043223252725
12,74,2668,101,0.03785607196401799,0.20281124497991967,1.9464043223252723
32,34,2220,100,0.04504504504504504,0.3021148036253776,1.9440430841980822
34,32,2220,100,0.04504504504504504,0.2898550724637681,1.9440430841980822
95,98,2295,36,0.01568627450980392,0.4235294117647059,1.944
98,95,2295,36,0.01568627450980392,0.072,1.944
7,72,2512,157,0.0625,0.35280898876404493,1.94354425389316
72,7,2512,157,0.0625,0.3442982456140351,1.94354425389316
21,91,2700,37,0.013703703703703704,0.20555555555555555,1.9405594405594406
91,21,2700,37,0.013703703703703704,0.12937062937062938,1.9405594405594406
83,80,2305,147,0.06377440347071583,0.45794392523364486,1.940369021440352
80,83,2305,147,0.06377440347071583,0.2702205882352941,1.9403690214403517
81,30,2220,52,0.023423423423423424,0.2157676348547718,1.939288054160297
30,81,2220,52,0.023423423423423424,0.21052631578947367,1.9392880541602968
72,74,2512,82,0.03264331210191083,0.17982456140350878,1.9387094345305325
74,72,2512,82,0.03264331210191083,0.351931330472103,1.9387094345305325
10,22,2226,77,0.03459119496855346,0.250814332247557,1.938585776330076
22,10,2226,77,0.03459119496855346,0.2673611111111111,1.938585776330076
96,98,1677,65,0.03875968992248062,0.22413793103448276,1.937522218272307
98,96,1677,65,0.03875968992248062,0.33505154639175255,1.9375222182723069
14,72,2512,64,0.025477707006369428,0.3516483516483517,1.9371505687295163
72,14,2512,64,0.025477707006369428,0.14035087719298245,1.937150568729516
55,23,2222,53,0.023852385238523854,0.25,1.9355400696864113
23,55,2222,53,0.023852385238523854,0.18466898954703834,1.9355400696864111
17,9,2636,80,0.030349013657056147,0.4519774011299435,1.9341110866534597
9,17,2636,80,0.030349013657056147,0.12987012987012986,1.9341110866534594
25,59,2504,27,0.010782747603833865,0.05636743215031315,1.933480138416221
59,25,2504,27,0.010782747603833865,0.3698630136986301,1.9334801384162208
24,67,2221,89,0.04007203962179198,0.21497584541062803,1.9330419135911128
67,24,2221,89,0.04007203962179198,0.3603238866396761,1.9330419135911128
2,72,2512,20,0.007961783439490446,0.3508771929824561,1.93290243151739
72,2,2512,20,0.007961783439490446,0.043859649122807015,1.93290243151739
34,3,2222,51,0.022952295229522954,0.14782608695652175,1.9321739130434783
3,34,2222,51,0.022952295229522954,0.3,1.932173913043478
9,24,2221,149,0.06708689779378658,0.35990338164251207,1.9307860160097083
24,9,2221,149,0.06708689779378658,0.35990338164251207,1.9307860160097083
23,92,2291,100,0.04364906154517678,0.31347962382445144,1.9305962854349954
92,23,2291,100,0.04364906154517678,0.26881720430107525,1.9305962854349952
46,85,2515,47,0.01868787276341948,0.3051948051948052,1.92855511322848
85,46,2515,47,0.01868787276341948,0.11809045226130653,1.92855511322848
3,30,2220,36,0.016216216216216217,0.21428571428571427,1.9259687680740312
30,3,2220,36,0.016216216216216217,0.145748987854251,1.925968768074031
14,55,2327,27,0.011602922217447357,0.19424460431654678,1.923434869125976
55,14,2327,27,0.011602922217447357,0.1148936170212766,1.9234348691259757
9,95,2640,76,0.02878787878787879,0.12297734627831715,1.9210662377204573
95,9,2640,76,0.02878787878787879,0.44970414201183434,1.9210662377204573
29,74,2221,31,0.013957676722197209,0.1297071129707113,1.9205299860529985
74,29,2221,31,0.013957676722197209,0.20666666666666667,1.9205299860529985
27,29,2220,80,0.036036036036036036,0.20671834625322996,1.9201453082936006
29,27,2220,80,0.036036036036036036,0.33472803347280333,1.9201453082936006
26,46,2353,40,0.016999575010624733,0.11904761904761904,1.918623613829093
46,26,2353,40,0.016999575010624733,0.273972602739726,1.918623613829093
9,74,2632,120,0.04559270516717325,0.19575856443719414,1.9153774780620632
74,9,2632,120,0.04559270516717325,0.44609665427509293,1.915377478062063
95,85,2515,50,0.019880715705765408,0.30303030303030304,1.9148774173899803
85,95,2515,50,0.019880715705765408,0.12562814070351758,1.9148774173899799
24,81,2221,86,0.03872129671319226,0.20772946859903382,1.9143865135205567
81,24,2221,86,0.03872129671319226,0.35684647302904565,1.9143865135205564
27,79,2238,23,0.010277033065236819,0.05897435897435897,1.9128205128205127
79,27,2238,23,0.010277033065236819,0.3333333333333333,1.9128205128205127
17,55,2327,22,0.009454232917920068,0.19298245614035087,1.910936916759985
55,17,2327,22,0.009454232917920068,0.09361702127659574,1.910936916759985
46,72,2512,52,0.020700636942675158,0.3466666666666667,1.9097076023391815
72,46,2512,52,0.020700636942675158,0.11403508771929824,1.9097076023391812
12,23,2291,88,0.03841117415975556,0.26586102719033233,1.9093655589123868
23,12,2291,88,0.03841117415975556,0.27586206896551724,1.9093655589123868
97,17,2614,36,0.013771996939556235,0.11538461538461539,1.908958130477118
17,97,2614,36,0.013771996939556235,0.22784810126582278,1.9089581304771177
8,82,2700,33,0.012222222222222223,0.4714285714285714,1.9083315485114587
82,8,2700,33,0.012222222222222223,0.049475262368815595,1.9083315485114587
4,42,2669,23,0.008617459722742601,0.4339622641509434,1.9081470889931926
42,4,2669,23,0.008617459722742601,0.03789126853377265,1.9081470889931924
21,30,2220,33,0.014864864864864866,0.21153846153846154,1.9012768607910309
30,21,2220,33,0.014864864864864866,0.13360323886639677,1.9012768607910309
18,21,1958,114,0.05822267620020429,0.15139442231075698,1.9001940954132188
21,18,1958,114,0.05822267620020429,0.7307692307692307,1.9001940954132188
11,46,2699,56,0.020748425342719527,0.11475409836065574,1.9001307452479133
46,11,2699,56,0.020748425342719527,0.34355828220858897,1.900130745247913
32,30,2219,70,0.031545741324921134,0.21148036253776434,1.899898479640887
30,32,2219,70,0.031545741324921134,0.2834008097165992,1.8998984796408869
14,71,2220,63,0.02837837837837838,0.45985401459854014,1.8975388706482512
71,14,2220,63,0.02837837837837838,0.1171003717472119,1.8975388706482512
17,30,2220,23,0.01036036036036036,0.21100917431192662,1.8965197043420126
30,17,2220,23,0.01036036036036036,0.0931174089068826,1.8965197043420126
9,12,2634,209,0.07934700075930144,0.34039087947882735,1.8955382168017574
12,9,2634,209,0.07934700075930144,0.4418604651162791,1.8955382168017574
8,42,2669,28,0.01049082053203447,0.4307692307692308,1.89410721074642
42,8,2669,28,0.01049082053203447,0.04612850082372323,1.89410721074642
27,33,2220,105,0.0472972972972973,0.2713178294573643,1.894105601872166
33,27,2220,105,0.0472972972972973,0.330188679245283,1.894105601872166
20,27,2227,95,0.04265828468792097,0.3298611111111111,1.893300758877434
27,20,2227,95,0.04265828468792097,0.24484536082474226,1.893300758877434
30,91,2220,56,0.025225225225225224,0.22672064777327935,1.8921798423183465
91,30,2220,56,0.025225225225225224,0.21052631578947367,1.8921798423183462
46,3,2700,37,0.013703703703703704,0.22699386503067484,1.8916155419222904
3,46,2700,37,0.013703703703703704,0.11419753086419752,1.8916155419222902
3,24,2221,59,0.02656461053579469,0.35119047619047616,1.8840435932827235
24,3,2221,59,0.02656461053579469,0.14251207729468598,1.8840435932827235
51,97,269,20,0.07434944237918216,0.35714285714285715,1.8837535014005602
97,51,269,20,0.07434944237918216,0.39215686274509803,1.8837535014005602
29,25,2221,77,0.03466906798739307,0.32217573221757323,1.8830323717242898
25,29,2221,77,0.03466906798739307,0.2026315789473684,1.8830323717242896
27,30,2220,81,0.03648648648648649,0.20930232558139536,1.8811787967234725
30,27,2220,81,0.03648648648648649,0.32793522267206476,1.8811787967234723
16,34,2222,154,0.06930693069306931,0.2916666666666667,1.8785024154589374
34,16,2222,154,0.06930693069306931,0.4463768115942029,1.8785024154589374
27,74,2238,52,0.02323503127792672,0.13333333333333333,1.8767295597484275
74,27,2238,52,0.02323503127792672,0.3270440251572327,1.8767295597484275
7,34,2222,111,0.04995499549954995,0.29133858267716534,1.8763893643729315
34,7,2222,111,0.04995499549954995,0.3217391304347826,1.8763893643729315
10,59,2528,24,0.00949367088607595,0.05714285714285714,1.8760667903525046
59,10,2528,24,0.00949367088607595,0.3116883116883117,1.8760667903525046
1,55,2327,93,0.039965620971207566,0.1894093686354379,1.8755557481475063
55,1,2327,93,0.039965620971207566,0.39574468085106385,1.8755557481475063
38,3,2700,106,0.03925925925925926,0.22505307855626328,1.875442321302194
3,38,2700,106,0.03925925925925926,0.3271604938271605,1.8754423213021938
23,31,2269,127,0.05597179374173645,0.4163934426229508,1.8745966692688003
31,23,2269,127,0.05597179374173645,0.251984126984127,1.8745966692688003
3,26,2353,66,0.02804929876753081,0.26720647773279355,1.8712406015037595
26,3,2353,66,0.02804929876753081,0.19642857142857142,1.8712406015037595
17,3,2696,40,0.01483679525222552,0.2247191011235955,1.8698848661395477
3,17,2696,40,0.01483679525222552,0.12345679012345678,1.8698848661395475
67,26,2353,71,0.030174245643858903,0.2669172932330827,1.8692154493376298
26,67,2353,71,0.030174245643858903,0.2113095238095238,1.8692154493376296
91,23,2291,70,0.030554343081623744,0.26022304832713755,1.868874619803988
23,91,2291,70,0.030554343081623744,0.219435736677116,1.8688746198039878
30,25,2220,79,0.03558558558558558,0.31983805668016196,1.8685275942893673
25,30,2220,79,0.03558558558558558,0.20789473684210527,1.868527594289367
16,95,2700,70,0.025925925925925925,0.11764705882352941,1.8685121107266438
95,16,2700,70,0.025925925925925925,0.4117647058823529,1.8685121107266434
33,37,1080,26,0.024074074074074074,0.23008849557522124,1.8683877836183378
37,33,1080,26,0.024074074074074074,0.19548872180451127,1.8683877836183378
21,28,2571,36,0.014002333722287048,0.2033898305084746,1.8675544794188863
28,21,2571,36,0.014002333722287048,0.12857142857142856,1.867554479418886
96,67,1960,98,0.05,0.2396088019559902,1.8636240152132575
67,96,1960,98,0.05,0.3888888888888889,1.8636240152132573
14,25,2649,70,0.02642506606266516,0.36082474226804123,1.8632061252788328
25,14,2649,70,0.02642506606266516,0.1364522417153996,1.8632061252788328
3,6,2472,52,0.021035598705501618,0.22608695652173913,1.8629565217391304
6,3,2472,52,0.021035598705501618,0.17333333333333334,1.8629565217391304
95,3,2700,38,0.014074074074074074,0.2235294117647059,1.862745098039216
3,95,2700,38,0.014074074074074074,0.11728395061728394,1.8627450980392157
24,29,2220,83,0.03738738738738739,0.20048309178743962,1.8622278818749622
29,24,2220,83,0.03738738738738739,0.3472803347280335,1.862227881874962
90,79,2700,28,0.01037037037037037,0.06682577565632458,1.860098910021406
79,90,2700,28,0.01037037037037037,0.28865979381443296,1.8600989100214058
74,95,2692,33,0.01225854383358098,0.11743772241992882,1.8596608750261672
95,74,2692,33,0.01225854383358098,0.19411764705882353,1.859660875026167
46,96,1960,52,0.026530612244897958,0.3880597014925373,1.8596504032405212
96,46,1960,52,0.026530612244897958,0.1271393643031785,1.8596504032405212
44,52,2229,155,0.06953790937640197,0.41005291005291006,1.8577397083494644
52,44,2229,155,0.06953790937640197,0.3150406504065041,1.8577397083494644
28,26,2233,55,0.024630541871921183,0.23706896551724138,1.8574561403508774
26,28,2233,55,0.024630541871921183,0.19298245614035087,1.857456140350877
20,30,2220,58,0.026126126126126126,0.20640569395017794,1.8551442938032188
30,20,2220,58,0.026126126126126126,0.23481781376518218,1.8551442938032185
10,26,2353,98,0.0416489587760306,0.2648648648648649,1.8548423423423424
26,10,2353,98,0.0416489587760306,0.2916666666666667,1.8548423423423424
23,28,2288,63,0.027534965034965036,0.19936708860759494,1.8542760111145418
28,23,2288,63,0.027534965034965036,0.25609756097560976,1.8542760111145418
12,20,2405,104,0.043243243243243246,0.2701298701298701,1.8508898508898506
20,12,2405,104,0.043243243243243246,0.2962962962962963,1.8508898508898506
10,3,2700,105,0.03888888888888889,0.2219873150105708,1.849894291754757
3,10,2700,105,0.03888888888888889,0.32407407407407407,1.8498942917547567
12,17,2672,61,0.02282934131736527,0.12248995983935743,1.8491139700043109
17,12,2672,61,0.02282934131736527,0.3446327683615819,1.8491139700043109
17,32,2426,49,0.02019785655399835,0.31210191082802546,1.846729843094609
32,17,2426,49,0.02019785655399835,0.11951219512195121,1.846729843094609
22,97,2144,69,0.032182835820895525,0.26436781609195403,1.8462690478864805
97,22,2144,69,0.032182835820895525,0.2247557003257329,1.84626904788648
38,59,2528,23,0.009098101265822785,0.05623471882640587,1.8462515479630395
59,38,2528,23,0.009098101265822785,0.2987012987012987,1.8462515479630393
24,27,2220,133,0.05990990990990991,0.321256038647343,1.8428640976669288
27,24,2220,133,0.05990990990990991,0.34366925064599485,1.8428640976669288
67,92,2700,82,0.03037037037037037,0.2586750788643533,1.842803991909641
92,67,2700,82,0.03037037037037037,0.21635883905013192,1.842803991909641
30,29,2220,49,0.022072072072072072,0.19838056680161945,1.8426981518811514
29,30,2220,49,0.022072072072072072,0.20502092050209206,1.8426981518811512
16,23,2291,138,0.06023570493234395,0.25650557620817843,1.8421764109496452
23,16,2291,138,0.06023570493234395,0.43260188087774293,1.842176410949645
9,22,2223,98,0.044084570400359874,0.236144578313253,1.8419277108433736
22,9,2223,98,0.044084570400359874,0.34385964912280703,1.8419277108433734
9,33,2225,110,0.04943820224719101,0.26570048309178745,1.8416933796860655
33,9,2225,110,0.04943820224719101,0.3426791277258567,1.8416933796860655
11,33,2225,96,0.043146067415730335,0.26519337016574585,1.8381783446068052
33,11,2225,96,0.043146067415730335,0.29906542056074764,1.8381783446068052
22,29,2220,56,0.025225225225225224,0.1978798586572438,1.8380472226739801
29,22,2220,56,0.025225225225225224,0.23430962343096234,1.8380472226739801
34,90,2222,115,0.05175517551755175,0.3333333333333333,1.837882547559967
90,34,2222,115,0.05175517551755175,0.2853598014888337,1.8378825475599667
9,79,2640,40,0.015151515151515152,0.06472491909385113,1.8373525420189998
79,9,2640,40,0.015151515151515152,0.43010752688172044,1.8373525420189998
2,12,2676,22,0.008221225710014948,0.34375,1.8360778443113772
12,2,2676,22,0.008221225710014948,0.043912175648702596,1.8360778443113772
44,20,2226,88,0.039532794249775384,0.23342175066312998,1.8360311553926763
20,44,2226,88,0.039532794249775384,0.31095406360424027,1.8360311553926758
3,33,2225,45,0.020224719101123594,0.2647058823529412,1.8347993402968663
33,3,2225,45,0.020224719101123594,0.14018691588785046,1.8347993402968663
34,14,2222,39,0.01755175517551755,0.11304347826086956,1.83344969850841
14,34,2222,39,0.01755175517551755,0.2846715328467153,1.8334496985084099
17,34,2222,31,0.01395139513951395,0.28440366972477066,1.8317245047201172
34,17,2222,31,0.01395139513951395,0.08985507246376812,1.831724504720117
90,14,2700,55,0.020370370370370372,0.13126491646778043,1.8268828580567382
14,90,2700,55,0.020370370370370372,0.28350515463917525,1.826882858056738
25,27,2238,124,0.05540661304736372,0.31794871794871793,1.8245364891518736
27,25,2238,124,0.05540661304736372,0.31794871794871793,1.8245364891518736
28,33,2225,61,0.027415730337078652,0.2629310344827586,1.8224970458695884
33,28,2225,61,0.027415730337078652,0.19003115264797507,1.8224970458695884
96,21,1960,52,0.026530612244897958,0.1271393643031785,1.818928131636714
21,96,1960,52,0.026530612244897958,0.3795620437956204,1.8189281316367139
8,11,2699,23,0.008521674694331233,0.32857142857142857,1.817242388758782
11,8,2699,23,0.008521674694331233,0.0471311475409836,1.817242388758782
32,21,2428,53,0.02182866556836903,0.12864077669902912,1.8159291036351322
21,32,2428,53,0.02182866556836903,0.3081395348837209,1.815929103635132
74,71,2220,66,0.02972972972972973,0.44,1.8156133828996284
71,74,2220,66,0.02972972972972973,0.12267657992565056,1.8156133828996281
93,28,2323,78,0.03357727077055531,0.2,1.81484375
28,93,2323,78,0.03357727077055531,0.3046875,1.8148437499999999
34,92,2222,103,0.04635463546354635,0.2985507246376812,1.812512869248436
92,34,2222,103,0.04635463546354635,0.2814207650273224,1.8125128692484358
7,9,2640,212,0.0803030303030303,0.424,1.81126213592233
9,7,2640,212,0.0803030303030303,0.343042071197411,1.81126213592233
33,29,2220,62,0.027927927927927927,0.1949685534591195,1.8110049735533278
29,33,2220,62,0.027927927927927927,0.2594142259414226,1.8110049735533276
24,90,2221,136,0.06123367852318776,0.3285024154589372,1.8104314261397012
90,24,2221,136,0.06123367852318776,0.337468982630273,1.8104314261397012
29,34,2220,67,0.03018018018018018,0.2803347280334728,1.809136907657877
34,29,2220,67,0.03018018018018018,0.19476744186046513,1.809136907657877
17,90,2696,50,0.018545994065281898,0.2808988764044944,1.807406612855649
90,17,2696,50,0.018545994065281898,0.11933174224343675,1.8074066128556485
14,54,1867,25,0.01339046598821639,0.24271844660194175,1.8053997601825709
54,14,1867,25,0.01339046598821639,0.099601593625498,1.8053997601825706
19,52,1542,120,0.07782101167315175,0.33707865168539325,1.8047752808988764
52,19,1542,120,0.07782101167315175,0.4166666666666667,1.8047752808988764
33,90,2225,105,0.04719101123595506,0.32710280373831774,1.8014944017766261
90,33,2225,105,0.04719101123595506,0.2599009900990099,1.8014944017766261
20,67,2426,75,0.030915086562242376,0.2066115702479339,1.7965579549157262
67,20,2426,75,0.030915086562242376,0.26881720430107525,1.7965579549157262
22,92,2226,85,0.038185085354896675,0.2951388888888889,1.7950250455373407
92,22,2226,85,0.038185085354896675,0.23224043715846995,1.7950250455373407
1,46,2700,61,0.02259259259259259,0.108348134991119,1.7947237084418486
46,1,2700,61,0.02259259259259259,0.37423312883435583,1.7947237084418486
82,79,2700,43,0.015925925925925927,0.06446776611694154,1.7944635929457955
79,82,2700,43,0.015925925925925927,0.44329896907216493,1.794463592945795
67,74,2692,59,0.021916790490341752,0.1873015873015873,1.7943625374230356
74,67,2692,59,0.021916790490341752,0.2099644128113879,1.7943625374230356
55,90,2327,73,0.03137086377309841,0.31063829787234043,1.7936856554564171
90,55,2327,73,0.03137086377309841,0.18114143920595532,1.7936856554564171
6,21,2472,37,0.014967637540453074,0.12333333333333334,1.7934117647058823
21,6,2472,37,0.014967637540453074,0.21764705882352942,1.7934117647058823
18,67,1958,191,0.0975485188968335,0.2536520584329349,1.792962925673959
67,18,1958,191,0.0975485188968335,0.6895306859205776,1.7929629256739588
17,29,2221,21,0.00945520036019811,0.1926605504587156,1.7903727304134198
29,17,2221,21,0.00945520036019811,0.08786610878661087,1.7903727304134196
20,21,2426,45,0.018549051937345424,0.12396694214876033,1.790141676505313
21,20,2426,45,0.018549051937345424,0.26785714285714285,1.7901416765053129
24,92,2221,122,0.054930211616389016,0.2946859903381642,1.788244766505636
92,24,2221,122,0.054930211616389016,0.3333333333333333,1.788244766505636
74,24,2221,50,0.0225123818099955,0.3333333333333333,1.788244766505636
24,74,2221,50,0.0225123818099955,0.12077294685990338,1.7882447665056358
23,44,2223,87,0.03913630229419703,0.30313588850174217,1.7874564459930316
44,23,2223,87,0.03913630229419703,0.23076923076923078,1.7874564459930316
72,97,2430,99,0.040740740740740744,0.22863741339491916,1.7864595323139985
97,72,2430,99,0.040740740740740744,0.3183279742765273,1.7864595323139985
27,81,2238,75,0.03351206434316354,0.19230769230769232,1.7858282796042135
81,27,2238,75,0.03351206434316354,0.3112033195020747,1.785828279604213
9,25,2621,208,0.0793590232735597,0.34608985024958405,1.7856328691026766
25,9,2621,208,0.0793590232735597,0.4094488188976378,1.7856328691026766
17,81,2696,29,0.010756676557863502,0.16292134831460675,1.785512012423495
81,17,2696,29,0.010756676557863502,0.11788617886178862,1.7855120124234949
17,33,2225,28,0.012584269662921348,0.25688073394495414,1.780559604447112
33,17,2225,28,0.012584269662921348,0.08722741433021806,1.7805596044471117
46,49,1510,25,0.016556291390728478,0.43859649122807015,1.7803244670816827
49,46,1510,25,0.016556291390728478,0.06720430107526881,1.7803244670816825
14,28,2571,37,0.014391287436795021,0.193717277486911,1.7787397157816007
28,14,2571,37,0.014391287436795021,0.13214285714285715,1.7787397157816005
23,5,2289,97,0.04237658366098733,0.305993690851735,1.7777146151259429
5,23,2289,97,0.04237658366098733,0.24619289340101522,1.7777146151259426
72,81,2512,79,0.03144904458598726,0.17324561403508773,1.776297887576083
81,72,2512,79,0.03144904458598726,0.3224489795918367,1.776297887576083
17,6,2469,33,0.013365735115431349,0.21568627450980393,1.7750980392156865
6,17,2469,33,0.013365735115431349,0.11,1.7750980392156863
24,72,2221,111,0.04997748761819001,0.26811594202898553,1.7722782953761216
72,24,2221,111,0.04997748761819001,0.33035714285714285,1.7722782953761214
9,10,2640,182,0.06893939393939394,0.29449838187702265,1.7710153260941681
10,9,2640,182,0.06893939393939394,0.4145785876993166,1.771015326094168
67,90,2700,87,0.03222222222222222,0.2744479495268139,1.7685190064973688
90,67,2700,87,0.03222222222222222,0.20763723150357996,1.7685190064973688
24,32,2220,109,0.0490990990990991,0.2632850241545894,1.765839134813258
32,24,2220,109,0.0490990990990991,0.3293051359516616,1.7658391348132578
16,21,2700,70,0.025925925925925925,0.11764705882352941,1.7647058823529411
21,16,2700,70,0.025925925925925925,0.3888888888888889,1.7647058823529411
74,46,2692,30,0.011144130757800892,0.10676156583629894,1.76320328362771
46,74,2692,30,0.011144130757800892,0.18404907975460122,1.7632032836277098
3,9,2640,117,0.04431818181818182,0.4119718309859155,1.7598796663476002
9,3,2640,117,0.04431818181818182,0.18932038834951456,1.7598796663476002
71,79,2220,29,0.013063063063063063,0.05390334572490706,1.7597856986660836
79,71,2220,29,0.013063063063063063,0.4264705882352941,1.7597856986660836
7,25,2649,171,0.06455266138165346,0.34063745019920316,1.7589641434262948
25,7,2649,171,0.06455266138165346,0.3333333333333333,1.7589641434262948
11,95,2699,54,0.020007410151908114,0.11065573770491803,1.7568225650916103
95,11,2699,54,0.020007410151908114,0.3176470588235294,1.7568225650916103
74,21,2692,33,0.01225854383358098,0.11743772241992882,1.7563463819691578
21,74,2692,33,0.01225854383358098,0.18333333333333332,1.7563463819691576
2,71,2220,20,0.009009009009009009,0.425531914893617,1.7559123625721744
71,2,2220,20,0.009009009009009009,0.03717472118959108,1.7559123625721744
22,25,2221,85,0.038271049076992344,0.3003533568904594,1.7554863306676587
25,22,2221,85,0.038271049076992344,0.2236842105263158,1.7554863306676585
9,59,2493,26,0.010429201764941836,0.048507462686567165,1.7525957170668398
59,9,2493,26,0.010429201764941836,0.37681159420289856,1.7525957170668398
10,46,2700,50,0.018518518518518517,0.10570824524312897,1.7509954733524429
46,10,2700,50,0.018518518518518517,0.3067484662576687,1.7509954733524429
30,34,2220,67,0.03018018018018018,0.27125506072874495,1.7505413802843424
34,30,2220,67,0.03018018018018018,0.19476744186046513,1.7505413802843424
10,44,2229,90,0.040376850605652756,0.29605263157894735,1.7457706766917291
44,10,2229,90,0.040376850605652756,0.23809523809523808,1.7457706766917291
44,67,2229,74,0.03319874383131449,0.19576719576719576,1.7454603174603172
67,44,2229,74,0.03319874383131449,0.296,1.7454603174603172
22,90,2226,91,0.040880503144654086,0.3159722222222222,1.7452956989247312
90,22,2226,91,0.040880503144654086,0.22580645161290322,1.745295698924731
6,23,2271,59,0.025979744605900485,0.2350597609561753,1.7445121474884777
23,6,2271,59,0.025979744605900485,0.19281045751633988,1.7445121474884775
10,21,2700,55,0.020370370370370372,0.11627906976744186,1.744186046511628
21,10,2700,55,0.020370370370370372,0.3055555555555556,1.744186046511628
55,21,2327,28,0.012032660077352814,0.11914893617021277,1.743770908604309
21,55,2327,28,0.012032660077352814,0.1761006289308176,1.7437709086043087
4,80,2356,20,0.008488964346349746,0.425531914893617,1.7435707678075856
80,4,2356,20,0.008488964346349746,0.034782608695652174,1.7435707678075856
34,91,2222,72,0.032403240324032405,0.20869565217391303,1.743314808761033
91,34,2222,72,0.032403240324032405,0.2706766917293233,1.7433148087610328
74,55,2327,29,0.012462397937258273,0.17575757575757575,1.740373952288846
55,74,2327,29,0.012462397937258273,0.12340425531914893,1.7403739522888457
9,14,2640,79,0.029924242424242423,0.127831715210356,1.7395656090481435
14,9,2640,79,0.029924242424242423,0.4072164948453608,1.7395656090481433
44,81,2229,71,0.031852848811126065,0.18783068783068782,1.737239017322005
81,44,2229,71,0.031852848811126065,0.2946058091286307,1.7372390173220047
1,34,2222,114,0.05130513051305131,0.2695035460992908,1.7357590708192003
34,1,2222,114,0.05130513051305131,0.33043478260869563,1.7357590708192003
98,21,2295,45,0.0196078431372549,0.09,1.7357142857142858
21,98,2295,45,0.0196078431372549,0.37815126050420167,1.7357142857142855
24,28,2221,75,0.03376857271499325,0.18115942028985507,1.7342891054472764
28,24,2221,75,0.03376857271499325,0.3232758620689655,1.7342891054472764
46,25,2649,53,0.020007550018875046,0.33544303797468356,1.7321415352727811
25,46,2649,53,0.020007550018875046,0.10331384015594541,1.732141535272781
32,67,2428,82,0.03377265238879736,0.19902912621359223,1.7320527542888957
67,32,2428,82,0.03377265238879736,0.2939068100358423,1.7320527542888957
1,14,2700,70,0.025925925925925925,0.12433392539964476,1.7304206112321694
14,1,2700,70,0.025925925925925925,0.36082474226804123,1.7304206112321694
16,33,2225,132,0.059325842696629216,0.2495274102079395,1.7295903044008267
33,16,2225,132,0.059325842696629216,0.411214953271028,1.7295903044008267
50,94,483,43,0.08902691511387163,0.3467741935483871,1.726720984369804
94,50,483,43,0.08902691511387163,0.44329896907216493,1.7267209843698035
16,26,2353,136,0.0577985550361241,0.2463768115942029,1.725370945479641
26,16,2353,136,0.0577985550361241,0.40476190476190477,1.725370945479641
23,93,2043,72,0.03524229074889868,0.3090128755364807,1.7248997396749455
93,23,2043,72,0.03524229074889868,0.19672131147540983,1.7248997396749455
25,17,2646,58,0.021919879062736205,0.11328125,1.7226562500000002
17,25,2646,58,0.021919879062736205,0.3333333333333333,1.7226562499999998
24,44,2221,121,0.0544799639801891,0.2922705314009662,1.7218377990491935
44,24,2221,121,0.0544799639801891,0.3209549071618037,1.7218377990491933
14,31,2464,69,0.028003246753246752,0.40350877192982454,1.7201481211679717
31,14,2464,69,0.028003246753246752,0.11937716262975778,1.7201481211679717
30,9,2220,79,0.03558558558558558,0.31983805668016196,1.7192263579417908
9,30,2220,79,0.03558558558558558,0.19128329297820823,1.7192263579417906
32,25,2425,132,0.05443298969072165,0.32038834951456313,1.7188976716212736
25,32,2425,132,0.05443298969072165,0.2920353982300885,1.7188976716212734
29,10,2221,56,0.025213867627194957,0.23430962343096234,1.7174972727398263
10,29,2221,56,0.025213867627194957,0.1848184818481848,1.717497272739826
26,12,2329,89,0.038213825676255905,0.2680722891566265,1.7152207732027012
12,26,2329,89,0.038213825676255905,0.2445054945054945,1.7152207732027007
32,9,2428,146,0.06013179571663921,0.35436893203883496,1.7139596951997835
9,32,2428,146,0.06013179571663921,0.2908366533864542,1.7139596951997833
38,79,2700,29,0.01074074074074074,0.06157112526539278,1.7138354455315516
79,38,2700,29,0.01074074074074074,0.29896907216494845,1.7138354455315514
32,3,2428,66,0.027182866556836903,0.16019417475728157,1.7134425388135668
3,32,2428,66,0.027182866556836903,0.2907488986784141,1.7134425388135663
7,59,2528,24,0.00949367088607595,0.05217391304347826,1.7129305477131564
59,7,2528,24,0.00949367088607595,0.3116883116883117,1.7129305477131564
29,55,2220,39,0.01756756756756757,0.16317991631799164,1.7087708218204787
55,29,2220,39,0.01756756756756757,0.18396226415094338,1.7087708218204782
32,55,2219,54,0.02433528616493916,0.16314199395770393,1.7076041726044577
55,32,2219,54,0.02433528616493916,0.25471698113207547,1.7076041726044575
7,29,2221,70,0.0315173345339937,0.1837270341207349,1.7073545723102603
29,7,2221,70,0.0315173345339937,0.2928870292887029,1.70735457231026
12,14,2676,62,0.023168908819133034,0.12375249500998003,1.7070189517871475
14,12,2676,62,0.023168908819133034,0.31958762886597936,1.707018951787147
10,14,2700,58,0.02148148148148148,0.1226215644820296,1.7065887840282472
14,10,2700,58,0.02148148148148148,0.29896907216494845,1.7065887840282468
72,20,2295,86,0.03747276688453159,0.2356164383561644,1.7058035521369
20,72,2295,86,0.03747276688453159,0.27129337539432175,1.7058035521368997
22,44,2221,82,0.03692030616839262,0.2887323943661972,1.7055176805513936
44,22,2221,82,0.03692030616839262,0.21808510638297873,1.7055176805513936
7,32,2428,125,0.051482701812191105,0.28935185185185186,1.7052094570298453
32,7,2428,125,0.051482701812191105,0.30339805825242716,1.705209457029845
31,79,2464,32,0.012987012987012988,0.05536332179930796,1.7051903114186853
79,31,2464,32,0.012987012987012988,0.4,1.7051903114186853
10,33,2225,75,0.033707865168539325,0.2459016393442623,1.7044584035544659
33,10,2225,75,0.033707865168539325,0.2336448598130841,1.7044584035544659
91,72,2512,85,0.033837579617834394,0.3090909090909091,1.7027113237639555
72,91,2512,85,0.033837579617834394,0.18640350877192982,1.7027113237639553
22,33,2220,69,0.031081081081081083,0.24381625441696114,1.7021134742316155
33,22,2220,69,0.031081081081081083,0.2169811320754717,1.7021134742316155
7,2,2700,21,0.0077777777777777776,0.04030710172744722,1.7004558541266797
2,7,2700,21,0.0077777777777777776,0.328125,1.7004558541266794
31,46,2464,59,0.023944805194805196,0.10207612456747404,1.699429533339568
46,31,2464,59,0.023944805194805196,0.39864864864864863,1.699429533339568
72,17,2508,49,0.019537480063795853,0.1076923076923077,1.6986937590711177
17,72,2508,49,0.019537480063795853,0.3081761006289308,1.6986937590711175
24,5,2221,119,0.053579468707789284,0.28743961352657005,1.6978813341556174
5,24,2221,119,0.053579468707789284,0.31648936170212766,1.6978813341556172
55,97,2245,51,0.02271714922048998,0.2328767123287671,1.6974292830457214
97,55,2245,51,0.02271714922048998,0.16558441558441558,1.6974292830457214
55,25,2288,65,0.028409090909090908,0.28634361233480177,1.6972906347720893
25,55,2288,65,0.028409090909090908,0.16839378238341968,1.697290634772089
3,42,2669,115,0.043087298613713,0.3859060402684564,1.696842210010725
42,3,2669,115,0.043087298613713,0.18945634266886327,1.696842210010725
44,97,2147,81,0.03772706101537028,0.24251497005988024,1.696024888334081
97,44,2147,81,0.03772706101537028,0.26384364820846906,1.696024888334081
26,72,2233,73,0.032691446484549934,0.256140350877193,1.6921935015052425
72,26,2233,73,0.032691446484549934,0.21597633136094674,1.6921935015052425
10,55,2327,61,0.02621400945423292,0.17086834733893558,1.6919601883306514
55,10,2327,61,0.02621400945423292,0.25957446808510637,1.6919601883306512
7,37,1080,36,0.03333333333333333,0.20809248554913296,1.68977356686514
37,7,1080,36,0.03333333333333333,0.2706766917293233,1.6897735668651397
23,37,1080,21,0.019444444444444445,0.2079207920792079,1.6883793642522147
37,23,1080,21,0.019444444444444445,0.15789473684210525,1.6883793642522147
11,25,2649,154,0.05813514533786335,0.32696390658174096,1.6883574825244285
25,11,2649,154,0.05813514533786335,0.3001949317738791,1.6883574825244285
34,97,2140,77,0.035981308411214954,0.24213836477987422,1.6878700346219244
97,34,2140,77,0.035981308411214954,0.250814332247557,1.6878700346219244
3,27,2238,50,0.022341376228775692,0.29411764705882354,1.6877828054298643
27,3,2238,50,0.022341376228775692,0.1282051282051282,1.687782805429864
33,92,2225,89,0.04,0.2772585669781931,1.6855199768483051
92,33,2225,89,0.04,0.24316939890710382,1.6855199768483051
85,3,2515,64,0.025447316103379723,0.16080402010050251,1.6850921273031827
3,85,2515,64,0.025447316103379723,0.26666666666666666,1.6850921273031825
5,74,2611,82,0.031405591727307544,0.16907216494845362,1.6849138270244748
74,5,2611,82,0.031405591727307544,0.31297709923664124,1.6849138270244748
44,79,2229,20,0.008972633467922835,0.05291005291005291,1.6848072562358276
79,44,2229,20,0.008972633467922835,0.2857142857142857,1.6848072562358274
90,72,2512,128,0.050955414012738856,0.3054892601431981,1.682870661139723
72,90,2512,128,0.050955414012738856,0.2807017543859649,1.6828706611397226
16,25,2649,190,0.07172517931294828,0.3259005145797599,1.6828663998475322
25,16,2649,190,0.07172517931294828,0.37037037037037035,1.6828663998475317
22,27,2220,83,0.03738738738738739,0.29328621908127206,1.68241707069877
27,22,2220,83,0.03738738738738739,0.2144702842377261,1.68241707069877
83,98,2271,114,0.05019815059445178,0.3584905660377358,1.6820910650241696
98,83,2271,114,0.05019815059445178,0.23553719008264462,1.6820910650241694
21,5,2619,55,0.021000381825124093,0.3125,1.6805698151950719
5,21,2619,55,0.021000381825124093,0.11293634496919917,1.6805698151950716
8,18,1958,31,0.015832482124616958,0.6458333333333334,1.6793382027445773
18,8,1958,31,0.015832482124616958,0.041168658698539175,1.6793382027445773
32,72,2369,105,0.04432249894470241,0.2727272727272727,1.6781582054309325
72,32,2369,105,0.04432249894470241,0.2727272727272727,1.6781582054309325
20,91,2426,70,0.028854080791426217,0.1928374655647383,1.6767874245880112
91,20,2426,70,0.028854080791426217,0.25089605734767023,1.676787424588011
42,59,2510,26,0.010358565737051793,0.046762589928057555,1.6767728674203495
59,42,2510,26,0.010358565737051793,0.37142857142857144,1.6767728674203495
44,92,2229,104,0.04665769403319874,0.2751322751322751,1.6756006592072163
92,44,2229,104,0.04665769403319874,0.28415300546448086,1.6756006592072163
9,20,2371,123,0.0518768452129903,0.2450199203187251,1.6741851039645455
20,9,2371,123,0.0518768452129903,0.35446685878962536,1.6741851039645455
79,42,2669,35,0.013113525665043087,0.3804347826086957,1.6727849007950721
42,79,2669,35,0.013113525665043087,0.057660626029654036,1.672784900795072
55,44,2222,60,0.027002700270027002,0.2830188679245283,1.6725210758731435
44,55,2222,60,0.027002700270027002,0.1595744680851064,1.6725210758731432
17,67,2696,35,0.01298219584569733,0.19662921348314608,1.6722787367525611
67,17,2696,35,0.01298219584569733,0.11041009463722397,1.6722787367525607
24,30,2220,77,0.034684684684684684,0.1859903381642512,1.6716540515167517
30,24,2220,77,0.034684684684684684,0.3117408906882591,1.6716540515167517
46,20,2426,36,0.01483924154987634,0.25,1.6707988980716255
20,46,2426,36,0.01483924154987634,0.09917355371900827,1.6707988980716253
44,90,2229,114,0.05114401076716016,0.30158730158730157,1.6680846035684744
90,44,2229,114,0.05114401076716016,0.28287841191067,1.6680846035684744
30,72,2220,62,0.027927927927927927,0.25101214574898784,1.6634237718291134
72,30,2220,62,0.027927927927927927,0.18507462686567164,1.6634237718291134
21,54,1867,25,0.01339046598821639,0.22321428571428573,1.6603229937393287
54,21,1867,25,0.01339046598821639,0.099601593625498,1.6603229937393285
32,33,2224,80,0.03597122302158273,0.23952095808383234,1.6594847687801968
33,32,2224,80,0.03597122302158273,0.24922118380062305,1.6594847687801966
28,97,2489,57,0.022900763358778626,0.20727272727272728,1.658848289973692
97,28,2489,57,0.022900763358778626,0.1832797427652733,1.658848289973692
33,93,1977,77,0.03894790085988872,0.29615384615384616,1.6586293310089346
93,33,1977,77,0.03894790085988872,0.21813031161473087,1.6586293310089342
85,6,2423,75,0.03095336359884441,0.1989389920424403,1.6564576553911783
6,85,2423,75,0.03095336359884441,0.25773195876288657,1.656457655391178
7,14,2700,62,0.022962962962962963,0.11900191938579655,1.6562122801116015
14,7,2700,62,0.022962962962962963,0.31958762886597936,1.6562122801116013
29,5,2221,67,0.030166591625393965,0.2803347280334728,1.6559133802189978
5,29,2221,67,0.030166591625393965,0.17819148936170212,1.6559133802189976
91,5,2619,88,0.03360061092019855,0.3076923076923077,1.6547148949613018
5,91,2619,88,0.03360061092019855,0.1806981519507187,1.6547148949613015
6,72,2462,86,0.034930950446791224,0.28859060402684567,1.6523489932885909
72,6,2462,86,0.034930950446791224,0.2,1.6523489932885906
27,67,2238,73,0.03261840929401251,0.18717948717948718,1.6492428831011507
67,27,2238,73,0.03261840929401251,0.2874015748031496,1.6492428831011507
34,93,1974,74,0.037487335359675786,0.29365079365079366,1.6467803030303032
93,34,1974,74,0.037487335359675786,0.21022727272727273,1.6467803030303032
1,25,2649,168,0.06342015855039637,0.3187855787476281,1.6461267019541264
25,1,2649,168,0.06342015855039637,0.32748538011695905,1.6461267019541261
22,67,2226,53,0.023809523809523808,0.1840277777777778,1.6451639892904952
67,22,2226,53,0.023809523809523808,0.21285140562248997,1.6451639892904952
24,93,1973,88,0.044602128737962494,0.29431438127090304,1.644992278321506
93,24,1973,88,0.044602128737962494,0.24929178470254956,1.644992278321506
26,32,2229,69,0.03095558546433378,0.24468085106382978,1.6427518584978211
32,26,2229,69,0.03095558546433378,0.20783132530120482,1.642751858497821
72,27,2231,99,0.04437471985656656,0.28695652173913044,1.6415384615384616
27,72,2231,99,0.04437471985656656,0.25384615384615383,1.6415384615384614
9,37,1080,39,0.03611111111111111,0.20207253886010362,1.6408897892399392
37,9,1080,39,0.03611111111111111,0.2932330827067669,1.6408897892399392
10,16,2700,171,0.06333333333333334,0.36152219873150104,1.6405209018068114
16,10,2700,171,0.06333333333333334,0.28739495798319326,1.6405209018068112
12,42,2665,184,0.06904315196998125,0.3717171717171717,1.640109706334872
42,12,2665,184,0.06904315196998125,0.304635761589404,1.640109706334872
22,72,2221,70,0.0315173345339937,0.24734982332155478,1.6398924107378303
72,22,2221,70,0.0315173345339937,0.208955223880597,1.63989241073783
23,82,2291,118,0.0515058926233086,0.36990595611285265,1.6391770705116933
82,23,2291,118,0.0515058926233086,0.22823984526112184,1.6391770705116933
6,20,2289,58,0.025338575797291395,0.2248062015503876,1.6387942527033033
20,6,2289,58,0.025338575797291395,0.18471337579617833,1.638794252703303
25,72,2508,143,0.05701754385964912,0.2972972972972973,1.6387288387288388
72,25,2508,143,0.05701754385964912,0.3142857142857143,1.6387288387288386
71,46,2220,54,0.024324324324324326,0.10037174721189591,1.6384211677235951
46,71,2220,54,0.024324324324324326,0.39705882352941174,1.638421167723595
46,83,2449,28,0.011433238056349531,0.23931623931623933,1.6371102516353915
83,46,2449,28,0.011433238056349531,0.0782122905027933,1.6371102516353913
25,37,1080,27,0.025,0.20149253731343283,1.636180002244417
37,25,1080,27,0.025,0.20300751879699247,1.6361800022444168
10,20,2426,94,0.038746908491343775,0.24479166666666666,1.6359905876951333
20,10,2426,94,0.038746908491343775,0.25895316804407714,1.6359905876951333
10,1,2700,161,0.05962962962962963,0.3403805496828753,1.6323756379107697
1,10,2700,161,0.05962962962962963,0.28596802841918295,1.6323756379107695
29,72,2221,59,0.02656461053579469,0.24686192468619247,1.6317867105000996
72,29,2221,59,0.02656461053579469,0.17559523809523808,1.6317867105000994
29,26,2220,49,0.022072072072072072,0.20502092050209206,1.6313492599091197
26,29,2220,49,0.022072072072072072,0.17562724014336917,1.6313492599091195
33,12,2225,72,0.032359550561797755,0.22429906542056074,1.630932746930548
12,33,2225,72,0.032359550561797755,0.23529411764705882,1.6309327469305477
12,10,2676,138,0.0515695067264574,0.2754491017964072,1.6307561867415612
10,12,2676,138,0.0515695067264574,0.3053097345132743,1.630756186741561
27,92,2238,104,0.04647006255585344,0.26666666666666666,1.630601092896175
92,27,2238,104,0.04647006255585344,0.28415300546448086,1.6306010928961747
14,97,2618,34,0.012987012987012988,0.19428571428571428,1.6302564102564103
97,14,2618,34,0.012987012987012988,0.10897435897435898,1.63025641025641
20,92,2426,90,0.03709810387469085,0.24793388429752067,1.630047705435732
92,20,2426,90,0.03709810387469085,0.24390243902439024,1.630047705435732
24,22,2220,86,0.03873873873873874,0.20772946859903382,1.629538587596661
22,24,2220,86,0.03873873873873874,0.303886925795053,1.6295385875966608
74,10,2692,80,0.029717682020802376,0.2846975088967972,1.6271883098729896
10,74,2692,80,0.029717682020802376,0.16985138004246284,1.6271883098729891
31,17,2462,61,0.024776604386677496,0.10571923743500866,1.6267547660311958
17,31,2462,61,0.024776604386677496,0.38125,1.6267547660311956
1,29,2221,74,0.033318325078793336,0.17494089834515367,1.625706005123792
29,1,2221,74,0.033318325078793336,0.30962343096234307,1.625706005123792
24,31,2221,144,0.06483565961278703,0.34782608695652173,1.6229448301059555
31,24,2221,144,0.06483565961278703,0.3025210084033613,1.6229448301059552
34,74,2222,38,0.017101710171017102,0.11014492753623188,1.6208081389768692
74,34,2222,38,0.017101710171017102,0.25165562913907286,1.6208081389768692
21,3,2700,35,0.012962962962962963,0.19444444444444445,1.6203703703703705
3,21,2700,35,0.012962962962962963,0.10802469135802469,1.6203703703703702
5,17,2615,53,0.02026768642447419,0.10905349794238683,1.6203119154508046
17,5,2615,53,0.02026768642447419,0.30113636363636365,1.6203119154508043
29,9,2221,72,0.03241782980639352,0.301255230125523,1.6200674724183697
9,29,2221,72,0.03241782980639352,0.17433414043583534,1.6200674724183695
34,35,2220,135,0.060810810810810814,0.39244186046511625,1.6193697587965763
35,34,2220,135,0.060810810810810814,0.25092936802973975,1.6193697587965763
21,82,2700,72,0.02666666666666667,0.4,1.6191904047976013
82,21,2700,72,0.02666666666666667,0.10794602698650675,1.6191904047976013
28,55,2221,36,0.01620891490319676,0.15450643776824036,1.6186735768078389
55,28,2221,36,0.01620891490319676,0.16981132075471697,1.6186735768078386
20,42,2403,122,0.05076987099459009,0.3475783475783476,1.6186642814549792
42,20,2403,122,0.05076987099459009,0.2364341085271318,1.6186642814549792
10,42,2669,166,0.06219557886849007,0.36807095343680707,1.6184207161825999
42,10,2669,166,0.06219557886849007,0.27347611202635913,1.6184207161825999
32,28,2428,73,0.030065897858319604,0.17718446601941748,1.6173078326885175
28,32,2428,73,0.030065897858319604,0.2744360902255639,1.6173078326885173
22,11,2226,75,0.03369272237196765,0.2604166666666667,1.6147284122562675
11,22,2226,75,0.03369272237196765,0.20891364902506965,1.6147284122562673
1,3,2700,109,0.04037037037037037,0.1936056838365897,1.6133806986382475
3,1,2700,109,0.04037037037037037,0.33641975308641975,1.6133806986382475
44,91,2229,73,0.03275011215791835,0.1931216931216931,1.6122406515664942
91,44,2229,73,0.03275011215791835,0.27340823970037453,1.6122406515664942
9,46,2640,60,0.022727272727272728,0.0970873786407767,1.6120168529034622
46,9,2640,60,0.022727272727272728,0.37735849056603776,1.6120168529034622
16,7,2700,185,0.06851851851851852,0.31092436974789917,1.6113163115534122
7,16,2700,185,0.06851851851851852,0.3550863723608445,1.611316311553412
97,27,2156,85,0.03942486085343228,0.2768729641693811,1.6089976030975355
27,97,2156,85,0.03942486085343228,0.22911051212938005,1.6089976030975353
9,67,2640,116,0.04393939393939394,0.18770226537216828,1.608876560332871
67,9,2640,116,0.04393939393939394,0.37662337662337664,1.608876560332871
44,72,2227,92,0.041311180960933995,0.24338624338624337,1.608371406590991
72,44,2227,92,0.041311180960933995,0.27299703264094954,1.608371406590991
6,95,2472,32,0.012944983818770227,0.10666666666666667,1.6078048780487806
95,6,2472,32,0.012944983818770227,0.1951219512195122,1.6078048780487806
6,33,2223,55,0.024741340530814216,0.2320675105485232,1.6071217319294924
33,6,2223,55,0.024741340530814216,0.17133956386292834,1.6071217319294924
22,32,2220,68,0.03063063063063063,0.24028268551236748,1.6067095236067945
32,22,2220,68,0.03063063063063063,0.20481927710843373,1.6067095236067945
6,34,2219,59,0.02658855340243353,0.2489451476793249,1.6011863266678898
34,6,2219,59,0.02658855340243353,0.17101449275362318,1.6011863266678896
27,34,2220,96,0.043243243243243246,0.24806201550387597,1.6008653326122229
34,27,2220,96,0.043243243243243246,0.27906976744186046,1.6008653326122229
24,83,1970,75,0.03807106598984772,0.25252525252525254,1.599597258761246
83,24,1970,75,0.03807106598984772,0.24115755627009647,1.599597258761246
12,34,2222,75,0.03375337533753375,0.24834437086092714,1.5994817160955945
34,12,2222,75,0.03375337533753375,0.21739130434782608,1.5994817160955945
42,17,2665,64,0.02401500938086304,0.10561056105610561,1.5991599159915992
17,42,2665,64,0.02401500938086304,0.36363636363636365,1.599159915991599
25,6,2469,92,0.0372620494127177,0.1940928270042194,1.5973839662447258
6,25,2469,92,0.0372620494127177,0.30666666666666664,1.5973839662447256
3,12,2676,90,0.033632286995515695,0.29900332225913623,1.597071637455985
12,3,2676,90,0.033632286995515695,0.17964071856287425,1.597071637455985
1,32,2428,124,0.051070840197693576,0.27074235807860264,1.5955399160554542
32,1,2428,124,0.051070840197693576,0.30097087378640774,1.5955399160554542
17,93,2448,32,0.013071895424836602,0.25396825396825395,1.5941391941391942
93,17,2448,32,0.013071895424836602,0.08205128205128205,1.5941391941391942
67,97,2618,56,0.0213903743315508,0.18983050847457628,1.5928726640591049
97,67,2618,56,0.0213903743315508,0.1794871794871795,1.5928726640591047
30,42,2220,77,0.034684684684684684,0.3117408906882591,1.5909535110987016
42,30,2220,77,0.034684684684684684,0.17701149425287357,1.5909535110987016
17,71,2220,42,0.01891891891891892,0.3853211009174312,1.589986698952969
71,17,2220,42,0.01891891891891892,0.07806691449814127,1.589986698952969
25,95,2649,52,0.01963004907512269,0.10136452241715399,1.5888439046333784
95,25,2649,52,0.01963004907512269,0.3076923076923077,1.5888439046333784
7,10,2700,145,0.053703703703703705,0.2783109404990403,1.588667102214395
10,7,2700,145,0.053703703703703705,0.30655391120507397,1.5886671022143948
26,55,2326,52,0.02235597592433362,0.16049382716049382,1.5885474126608878
55,26,2326,52,0.02235597592433362,0.22127659574468084,1.5885474126608878
22,30,2220,50,0.02252252252252252,0.17667844522968199,1.5879601150198137
30,22,2220,50,0.02252252252252252,0.20242914979757085,1.5879601150198137
90,71,2220,155,0.06981981981981981,0.38461538461538464,1.587074635401773
71,90,2220,155,0.06981981981981981,0.28810408921933084,1.5870746354017728
9,1,2640,195,0.07386363636363637,0.3155339805825243,1.5866851595006937
1,9,2640,195,0.07386363636363637,0.37142857142857144,1.5866851595006934
16,81,2700,86,0.03185185185185185,0.14453781512605043,1.5863906538225048
81,16,2700,86,0.03185185185185185,0.34959349593495936,1.5863906538225045
42,46,2669,57,0.021356313225927313,0.09390444810543658,1.586271974641837
46,42,2669,57,0.021356313225927313,0.36075949367088606,1.5862719746418368
11,91,2699,82,0.030381622823267878,0.1680327868852459,1.5857359853261492
91,11,2699,82,0.030381622823267878,0.2867132867132867,1.5857359853261492
92,72,2512,109,0.04339171974522293,0.287598944591029,1.58431699301023
72,92,2512,109,0.04339171974522293,0.23903508771929824,1.5843169930102299
34,67,2222,61,0.027452745274527453,0.17681159420289855,1.584174848059841
67,34,2222,61,0.027452745274527453,0.24596774193548387,1.584174848059841
94,46,2093,24,0.011466794075489728,0.07868852459016394,1.5836065573770495
46,94,2093,24,0.011466794075489728,0.23076923076923078,1.5836065573770493
17,10,2696,49,0.01817507418397626,0.2752808988764045,1.582424953882274
10,17,2696,49,0.01817507418397626,0.1044776119402985,1.5824249538822739
33,81,2225,55,0.024719101123595506,0.17133956386292834,1.5818694174067036
81,33,2225,55,0.024719101123595506,0.22821576763485477,1.5818694174067034
17,28,2567,30,0.01168679392286716,0.1724137931034483,1.580665024630542
28,17,2567,30,0.01168679392286716,0.10714285714285714,1.5806650246305416
3,28,2571,43,0.016725009723842863,0.172,1.5793285714285714
28,3,2571,43,0.016725009723842863,0.15357142857142858,1.5793285714285714
67,83,2449,60,0.02449979583503471,0.23076923076923078,1.578642028362699
83,67,2449,60,0.02449979583503471,0.16759776536312848,1.5786420283626987
30,26,2220,49,0.022072072072072072,0.19838056680161945,1.5785120369161119
26,30,2220,49,0.022072072072072072,0.17562724014336917,1.5785120369161114
10,95,2700,47,0.017407407407407406,0.09936575052854123,1.5781619201591843
95,10,2700,47,0.017407407407407406,0.27647058823529413,1.578161920159184
30,44,2220,66,0.02972972972972973,0.26720647773279355,1.5776552674648983
44,30,2220,66,0.02972972972972973,0.17553191489361702,1.577655267464898
49,50,636,52,0.08176100628930817,0.4262295081967213,1.5760579489134579
50,49,636,52,0.08176100628930817,0.3023255813953488,1.5760579489134576
22,71,2220,108,0.04864864864864865,0.38162544169611307,1.574736952723738
71,22,2220,108,0.04864864864864865,0.20074349442379183,1.574736952723738
18,59,1842,37,0.02008686210640608,0.053857350800582245,1.5746863519789285
59,18,1842,37,0.02008686210640608,0.5873015873015873,1.5746863519789285
25,81,2649,75,0.028312570781426953,0.14619883040935672,1.5743117957495365
81,25,2649,75,0.028312570781426953,0.3048780487804878,1.5743117957495365
79,83,2449,20,0.008166598611678236,0.22988505747126436,1.5725935914724203
83,79,2449,20,0.008166598611678236,0.055865921787709494,1.57259359147242
29,32,2220,56,0.025225225225225224,0.23430962343096234,1.5715026103224665
32,29,2220,56,0.025225225225225224,0.1691842900302115,1.5715026103224665
72,85,2453,102,0.04158173664900122,0.2446043165467626,1.5707182944743683
85,72,2453,102,0.04158173664900122,0.2670157068062827,1.570718294474368
16,56,2359,314,0.1331072488342518,0.5761467889908257,1.5694344979553785
56,16,2359,314,0.1331072488342518,0.3625866050808314,1.5694344979553785
26,35,2220,106,0.047747747747747746,0.37992831541218636,1.5677339409201743
35,26,2220,106,0.047747747747747746,0.1970260223048327,1.5677339409201743
74,28,2563,44,0.017167381974248927,0.17120622568093385,1.5671484157865483
28,74,2563,44,0.017167381974248927,0.15714285714285714,1.567148415786548
33,42,2225,99,0.04449438202247191,0.308411214953271,1.5667008065548584
42,33,2225,99,0.04449438202247191,0.22602739726027396,1.5667008065548584
50,92,636,36,0.05660377358490566,0.20930232558139536,1.5660738714090288
92,50,636,36,0.05660377358490566,0.4235294117647059,1.5660738714090288
26,18,1739,155,0.08913168487636573,0.5871212121212122,1.5659567298754418
18,26,1739,155,0.08913168487636573,0.23773006134969324,1.5659567298754413
5,90,2619,122,0.046582665139366174,0.25051334702258726,1.5658578898619477
90,5,2619,122,0.046582665139366174,0.2911694510739857,1.5658578898619477
71,72,2220,127,0.057207207207207206,0.23605947955390336,1.5643344615213892
72,71,2220,127,0.057207207207207206,0.37910447761194027,1.5643344615213892
74,42,2661,98,0.0368282600526118,0.35507246376811596,1.5643175928591997
42,74,2661,98,0.0368282600526118,0.16225165562913907,1.5643175928591995
33,97,2143,67,0.03126458236117592,0.22408026755852842,1.5641824539997604
97,33,2143,67,0.03126458236117592,0.2182410423452769,1.5641824539997604
33,72,2225,76,0.03415730337078652,0.2367601246105919,1.5631788642687445
72,33,2225,76,0.03415730337078652,0.22551928783382788,1.5631788642687445
42,23,2289,100,0.043687199650502405,0.21645021645021645,1.5629480929165471
23,42,2289,100,0.043687199650502405,0.31545741324921134,1.562948092916547
20,34,2221,68,0.03061683926159388,0.24199288256227758,1.562401721426798
34,20,2221,68,0.03061683926159388,0.19767441860465115,1.5624017214267978
22,26,2225,57,0.025617977528089888,0.19791666666666666,1.5615765366430259
26,22,2225,57,0.025617977528089888,0.20212765957446807,1.5615765366430259
7,11,2699,147,0.054464616524638756,0.2821497120921305,1.5604960510997137
11,7,2699,147,0.054464616524638756,0.3012295081967213,1.5604960510997137
5,97,2537,90,0.035474970437524636,0.19189765458422176,1.5603985566672136
97,5,2537,90,0.035474970437524636,0.28846153846153844,1.5603985566672132
79,85,2515,20,0.007952286282306162,0.24691358024691357,1.5602704882436875
85,79,2515,20,0.007952286282306162,0.05025125628140704,1.5602704882436875
67,25,2649,93,0.035107587768969425,0.30194805194805197,1.5591820460241514
25,67,2649,93,0.035107587768969425,0.18128654970760233,1.5591820460241512
14,83,2449,36,0.014699877501020826,0.22784810126582278,1.558659217877095
83,14,2449,36,0.014699877501020826,0.1005586592178771,1.558659217877095
67,81,2700,45,0.016666666666666666,0.14195583596214512,1.558051858121105
81,67,2700,45,0.016666666666666666,0.18292682926829268,1.558051858121105
1,38,2700,153,0.056666666666666664,0.27175843694493784,1.5578509124232105
38,1,2700,153,0.056666666666666664,0.3248407643312102,1.5578509124232105
67,85,2515,71,0.02823061630218688,0.2465277777777778,1.5578325656058067
85,67,2515,71,0.02823061630218688,0.17839195979899497,1.5578325656058067
22,28,2221,46,0.020711391265195857,0.1625441696113074,1.5560801754599731
28,22,2221,46,0.020711391265195857,0.19827586206896552,1.5560801754599731
55,81,2327,38,0.01633003867640739,0.16170212765957448,1.5548795498505363
81,55,2327,38,0.01633003867640739,0.15702479338842976,1.5548795498505363
79,25,2649,28,0.010570026425066062,0.3010752688172043,1.5546752185122306
25,79,2649,28,0.010570026425066062,0.05458089668615984,1.5546752185122301
30,33,2220,55,0.024774774774774775,0.22267206477732793,1.5545030937285156
33,30,2220,55,0.024774774774774775,0.17295597484276728,1.5545030937285156
6,22,2218,47,0.021190261496844005,0.19831223628691982,1.5542633925243399
22,6,2218,47,0.021190261496844005,0.16607773851590105,1.5542633925243399
11,74,2691,79,0.029357116313638052,0.162217659137577,1.5534794332356572
74,11,2691,79,0.029357116313638052,0.28113879003558717,1.5534794332356572
55,82,2327,85,0.0365277180919639,0.3617021276595745,1.5529166993797598
82,55,2327,85,0.0365277180919639,0.15682656826568267,1.5529166993797598
85,27,2238,83,0.03708668453976765,0.2703583061889251,1.5514407416687548
27,85,2238,83,0.03708668453976765,0.2128205128205128,1.5514407416687546
11,17,2695,50,0.01855287569573284,0.10245901639344263,1.5512755571928531
17,11,2695,50,0.01855287569573284,0.2808988764044944,1.5512755571928531
3,67,2700,59,0.02185185185185185,0.18209876543209877,1.5509989484752893
67,3,2700,59,0.02185185185185185,0.1861198738170347,1.5509989484752893
33,74,2225,34,0.015280898876404495,0.1059190031152648,1.5504590916543695
74,33,2225,34,0.015280898876404495,0.2236842105263158,1.5504590916543695
6,38,2472,73,0.02953074433656958,0.24333333333333335,1.5503092783505157
38,6,2472,73,0.02953074433656958,0.18814432989690721,1.5503092783505155
25,74,2641,81,0.030670200681560015,0.15789473684210525,1.550185873605948
74,25,2641,81,0.030670200681560015,0.30111524163568776,1.550185873605948
10,72,2512,110,0.04378980891719745,0.2813299232736573,1.549782384349621
72,10,2512,110,0.04378980891719745,0.2412280701754386,1.5497823843496208
12,25,2634,144,0.05466970387243736,0.3,1.5494117647058823
25,12,2634,144,0.05466970387243736,0.2823529411764706,1.5494117647058823
35,23,2220,107,0.0481981981981982,0.19888475836431227,1.54920759146938
23,35,2220,107,0.0481981981981982,0.37543859649122807,1.5492075914693797
93,67,2452,64,0.026101141924959218,0.1641025641025641,1.547613412228797
67,93,2452,64,0.026101141924959218,0.24615384615384617,1.5476134122287968
20,24,2221,81,0.036470058532192706,0.28825622775800713,1.5464180721027387
24,20,2221,81,0.036470058532192706,0.1956521739130435,1.5464180721027387
10,27,2238,83,0.03708668453976765,0.2694805194805195,1.5464035964035965
27,10,2238,83,0.03708668453976765,0.2128205128205128,1.5464035964035965
50,98,553,60,0.10849909584086799,0.40816326530612246,1.5459882583170255
98,50,553,60,0.10849909584086799,0.410958904109589,1.5459882583170255
5,95,2619,48,0.018327605956471937,0.09856262833675565,1.5457216982872037
95,5,2619,48,0.018327605956471937,0.2874251497005988,1.5457216982872037
5,10,2619,127,0.048491790759831996,0.26078028747433263,1.54521170338298
10,5,2619,127,0.048491790759831996,0.2873303167420814,1.54521170338298
42,95,2669,59,0.02210565754964406,0.09719934102141681,1.5441966737271515
95,42,2669,59,0.02210565754964406,0.35119047619047616,1.5441966737271513
44,1,2229,111,0.04979811574697174,0.29365079365079366,1.5437443845462715
1,44,2229,111,0.04979811574697174,0.2617924528301887,1.5437443845462713
29,67,2221,41,0.01846015308419631,0.17154811715481172,1.5425440008131046
67,29,2221,41,0.01846015308419631,0.1659919028340081,1.5425440008131046
20,71,2220,105,0.0472972972972973,0.3736654804270463,1.5418910158885553
71,20,2220,105,0.0472972972972973,0.19516728624535315,1.541891015888555
34,42,2222,104,0.046804680468046804,0.30144927536231886,1.539816758287523
42,34,2222,104,0.046804680468046804,0.23908045977011494,1.5398167582875228
11,79,2699,27,0.010003705075954057,0.055327868852459015,1.5394836910596588
79,11,2699,27,0.010003705075954057,0.27835051546391754,1.5394836910596585
93,50,629,47,0.07472178060413355,0.40869565217391307,1.5393387138765948
50,93,629,47,0.07472178060413355,0.281437125748503,1.5393387138765946
74,32,2420,55,0.022727272727272728,0.26066350710900477,1.5385504565946135
32,74,2420,55,0.022727272727272728,0.13414634146341464,1.5385504565946133
12,22,2226,61,0.027403414195867025,0.1986970684039088,1.5357627578718784
22,12,2226,61,0.027403414195867025,0.21180555555555555,1.5357627578718784
85,74,2507,59,0.023534104507379337,0.14824120603015076,1.535705386436314
74,85,2507,59,0.023534104507379337,0.24380165289256198,1.5357053864363137
27,54,1867,65,0.03481521156936261,0.20634920634920634,1.5348763675456902
54,27,1867,65,0.03481521156936261,0.2589641434262948,1.5348763675456902
16,24,2221,151,0.0679873930661864,0.2859848484848485,1.5342327258088129
24,16,2221,151,0.0679873930661864,0.3647342995169082,1.5342327258088129
20,25,2381,93,0.039059218815623686,0.2680115273775216,1.5339794391487473
25,20,2381,93,0.039059218815623686,0.22355769230769232,1.5339794391487473
12,67,2676,89,0.033258594917787744,0.17764471057884232,1.5334749855128453
67,12,2676,89,0.033258594917787744,0.2870967741935484,1.5334749855128453
67,82,2700,120,0.044444444444444446,0.3785488958990536,1.5323568499661842
82,67,2700,120,0.044444444444444446,0.17991004497751126,1.5323568499661842
5,44,2228,98,0.04398563734290844,0.259946949602122,1.5321740838982216
44,5,2228,98,0.04398563734290844,0.25925925925925924,1.5321740838982216
12,21,2676,51,0.01905829596412556,0.10179640718562874,1.530377447352486
21,12,2676,51,0.01905829596412556,0.28651685393258425,1.5303774473524858
10,79,2700,26,0.00962962962962963,0.05496828752642706,1.53004511671498
79,10,2700,26,0.00962962962962963,0.26804123711340205,1.53004511671498
81,11,2699,68,0.025194516487587994,0.2764227642276423,1.5288218046114888
11,81,2699,68,0.025194516487587994,0.13934426229508196,1.5288218046114885
11,20,2426,96,0.03957131079967024,0.22857142857142856,1.5275875639512004
20,11,2426,96,0.03957131079967024,0.2644628099173554,1.5275875639512004
6,10,2472,70,0.02831715210355987,0.23333333333333334,1.5259259259259261
10,6,2472,70,0.02831715210355987,0.18518518518518517,1.525925925925926
96,59,1792,20,0.011160714285714286,0.05698005698005698,1.5240039120636135
59,96,1792,20,0.011160714285714286,0.29850746268656714,1.5240039120636133
3,11,2699,89,0.032975175991107816,0.2755417956656347,1.5239493985687458
11,3,2699,89,0.032975175991107816,0.18237704918032788,1.5239493985687458
34,81,2222,57,0.025652565256525654,0.16521739130434782,1.5232906368392567
81,34,2222,57,0.025652565256525654,0.23651452282157676,1.5232906368392567
21,72,2512,47,0.018710191082802547,0.27647058823529413,1.5230134158926731
72,21,2512,47,0.018710191082802547,0.10307017543859649,1.523013415892673
22,55,2224,42,0.018884892086330936,0.14634146341463414,1.5208570777296557
55,22,2224,42,0.018884892086330936,0.19626168224299065,1.5208570777296557
7,20,2426,106,0.043693322341302555,0.22746781115879827,1.520211872923539
20,7,2426,106,0.043693322341302555,0.29201101928374656,1.520211872923539
50,90,636,30,0.04716981132075472,0.1744186046511628,1.5195922268238293
90,50,636,30,0.04716981132075472,0.410958904109589,1.519592226823829
2,56,2359,29,0.012293344637558287,0.5576923076923077,1.519164149937822
56,2,2359,29,0.012293344637558287,0.03348729792147806,1.519164149937822
11,31,2464,150,0.060876623376623376,0.35629453681710216,1.5188749804798265
31,11,2464,150,0.060876623376623376,0.25951557093425603,1.5188749804798263
12,44,2229,78,0.034993270524899055,0.25742574257425743,1.5179946566085178
44,12,2229,78,0.034993270524899055,0.20634920634920634,1.5179946566085178
93,79,2452,21,0.008564437194127243,0.05384615384615385,1.5175950486295315
79,93,2452,21,0.008564437194127243,0.2413793103448276,1.5175950486295313
16,30,2220,89,0.04009009009009009,0.16856060606060605,1.5149981597350017
30,16,2220,89,0.04009009009009009,0.3603238866396761,1.5149981597350017
72,37,1080,22,0.020370370370370372,0.1864406779661017,1.5139543774690964
37,72,1080,22,0.020370370370370372,0.16541353383458646,1.5139543774690962
30,85,2220,51,0.022972972972972974,0.20647773279352227,1.5128071511604604
85,30,2220,51,0.022972972972972974,0.16831683168316833,1.5128071511604602
42,50,636,36,0.05660377358490566,0.4090909090909091,1.5126849894291756
50,42,636,36,0.05660377358490566,0.20930232558139536,1.5126849894291756
9,6,2471,96,0.03885066774585188,0.1835564053537285,1.5118929254302105
6,9,2471,96,0.03885066774585188,0.32,1.5118929254302103
7,17,2696,52,0.019287833827893175,0.09980806142034548,1.5116996269059069
17,7,2696,52,0.019287833827893175,0.29213483146067415,1.5116996269059069
5,67,2619,86,0.032836960672012215,0.17659137577002054,1.5114144220316463
67,5,2619,86,0.032836960672012215,0.28104575163398693,1.5114144220316463
1,28,2571,79,0.03072734344612991,0.16458333333333333,1.5112276785714287
28,1,2571,79,0.03072734344612991,0.28214285714285714,1.5112276785714285
31,33,2224,104,0.046762589928057555,0.2180293501048218,1.5105834100720366
33,31,2224,104,0.046762589928057555,0.32398753894080995,1.5105834100720363
94,21,2093,22,0.01051122790253225,0.07213114754098361,1.509704918032787
21,94,2093,22,0.01051122790253225,0.22,1.5097049180327868
2,52,2610,23,0.008812260536398468,0.3709677419354839,1.5081398854386494
52,2,2610,23,0.008812260536398468,0.03582554517133956,1.5081398854386494
29,82,2221,80,0.03601981089599279,0.33472803347280333,1.507973554448471
82,29,2221,80,0.03601981089599279,0.16227180527383367,1.507973554448471
9,16,2640,205,0.07765151515151515,0.33171521035598706,1.5072773758000102
16,9,2640,205,0.07765151515151515,0.3528399311531842,1.50727737580001
81,20,2426,55,0.02267106347897774,0.22540983606557377,1.5064580228514657
20,81,2426,55,0.02267106347897774,0.15151515151515152,1.5064580228514655
26,91,2353,60,0.025499362515937103,0.17857142857142858,1.506016385048643
91,26,2353,60,0.025499362515937103,0.21505376344086022,1.506016385048643
23,71,2220,104,0.04684684684684685,0.3649122807017544,1.5057718646057525
71,23,2220,104,0.04684684684684685,0.19330855018587362,1.5057718646057525
9,28,2570,93,0.03618677042801557,0.164021164021164,1.505479969765684
28,9,2570,93,0.03618677042801557,0.33214285714285713,1.505479969765684
22,34,2220,66,0.02972972972972973,0.2332155477031802,1.5050538252937793
34,22,2220,66,0.02972972972972973,0.19186046511627908,1.5050538252937793
11,90,2699,114,0.04223786587625046,0.2336065573770492,1.5047830509800855
90,11,2699,114,0.04223786587625046,0.2720763723150358,1.504783050980085
3,14,2700,35,0.012962962962962963,0.10802469135802469,1.5034364261168385
14,3,2700,35,0.012962962962962963,0.18041237113402062,1.5034364261168385
6,55,2221,34,0.01530841963079694,0.14345991561181434,1.5029456253483002
55,6,2221,34,0.01530841963079694,0.16037735849056603,1.5029456253483002
1,82,2700,209,0.07740740740740741,0.37122557726465366,1.5027122318059445
82,1,2700,209,0.07740740740740741,0.31334332833583206,1.5027122318059443
29,95,2221,26,0.01170643854119766,0.1087866108786611,1.5007146755373062
95,29,2221,26,0.01170643854119766,0.16149068322981366,1.500714675537306
91,50,636,28,0.0440251572327044,0.4057971014492754,1.5005055611729021
50,91,636,28,0.0440251572327044,0.16279069767441862,1.500505561172902
6,1,2472,85,0.034385113268608415,0.2833333333333333,1.4997858672376874
1,6,2472,85,0.034385113268608415,0.18201284796573874,1.4997858672376871
82,3,2700,120,0.044444444444444446,0.17991004497751126,1.4992503748125938
3,82,2700,120,0.044444444444444446,0.37037037037037035,1.4992503748125936
42,67,2669,105,0.03934057699512926,0.17298187808896212,1.4989890669462334
67,42,2669,105,0.03934057699512926,0.3409090909090909,1.4989890669462331
10,71,2220,110,0.04954954954954955,0.36303630363036304,1.498030843976591
71,10,2220,110,0.04954954954954955,0.20446096654275092,1.498030843976591
42,44,2229,112,0.05024674742036788,0.25396825396825395,1.4976064499874022
44,42,2229,112,0.05024674742036788,0.2962962962962963,1.4976064499874022
5,7,2619,140,0.053455517373043146,0.2874743326488706,1.4968096962373603
7,5,2619,140,0.053455517373043146,0.2783300198807157,1.4968096962373603
30,97,2138,49,0.022918615528531337,0.2149122807017544,1.4966855248871362
97,30,2138,49,0.022918615528531337,0.15960912052117263,1.4966855248871362
32,12,2428,98,0.04036243822075782,0.23786407766990292,1.496202022234519
12,32,2428,98,0.04036243822075782,0.2538860103626943,1.4962020222345187
9,27,2238,110,0.049151027703306524,0.26066350710900477,1.4958075100255197
27,9,2238,110,0.049151027703306524,0.28205128205128205,1.4958075100255195
6,74,2472,39,0.015776699029126214,0.13,1.494697674418605
74,6,2472,39,0.015776699029126214,0.1813953488372093,1.4946976744186047
9,42,2626,204,0.07768469154607768,0.33497536945812806,1.493455552117223
42,9,2626,204,0.07768469154607768,0.3463497453310696,1.493455552117223
97,20,2344,67,0.02858361774744027,0.21753246753246752,1.4909242803979645
20,97,2344,67,0.02858361774744027,0.195906432748538,1.4909242803979643
71,81,2220,87,0.03918918918918919,0.16171003717472118,1.489611130821083
81,71,2220,87,0.03918918918918919,0.36099585062240663,1.489611130821083
33,18,1672,145,0.0867224880382775,0.5513307984790875,1.4892166317561137
18,33,1672,145,0.0867224880382775,0.23424878836833601,1.4892166317561133
27,91,2238,69,0.030831099195710455,0.17692307692307693,1.4885482938114518
91,27,2238,69,0.030831099195710455,0.2593984962406015,1.4885482938114518
12,30,2220,50,0.02252252252252252,0.16556291390728478,1.4880553395715475
30,12,2220,50,0.02252252252252252,0.20242914979757085,1.4880553395715472
67,72,2512,78,0.03105095541401274,0.2698961937716263,1.4867965762156259
72,67,2512,78,0.03105095541401274,0.17105263157894737,1.4867965762156257
6,24,2219,66,0.029743127534925643,0.2773109243697479,1.4863597612958228
24,6,2219,66,0.029743127534925643,0.15942028985507245,1.4863597612958226
26,82,2353,116,0.04929876753081173,0.34523809523809523,1.4850918429529032
82,26,2353,116,0.04929876753081173,0.21206581352833637,1.4850918429529032
1,27,2238,111,0.049597855227882036,0.25874125874125875,1.4847767616998386
27,1,2238,111,0.049597855227882036,0.2846153846153846,1.4847767616998386
28,95,2571,27,0.010501750291715286,0.09642857142857143,1.4845380667236956
95,28,2571,27,0.010501750291715286,0.16167664670658682,1.4845380667236956
26,92,2353,78,0.03314917127071823,0.23214285714285715,1.4843264751552796
92,26,2353,78,0.03314917127071823,0.21195652173913043,1.4843264751552794
1,79,2700,30,0.011111111111111112,0.05328596802841918,1.4832176667704309
79,1,2700,30,0.011111111111111112,0.30927835051546393,1.4832176667704309
17,27,2238,31,0.01385165326184093,0.25833333333333336,1.4824358974358975
27,17,2238,31,0.01385165326184093,0.07948717948717948,1.4824358974358973
22,31,2221,90,0.040522287257991896,0.31802120141342755,1.4807653843589572
31,22,2221,90,0.040522287257991896,0.18867924528301888,1.4807653843589572
28,7,2571,74,0.028782574873590042,0.2642857142857143,1.4771273291925466
7,28,2571,74,0.028782574873590042,0.1608695652173913,1.4771273291925464
11,30,2220,59,0.026576576576576576,0.16434540389972144,1.4771125370744194
30,11,2220,59,0.026576576576576576,0.2388663967611336,1.4771125370744194
72,31,2415,141,0.058385093167701865,0.34306569343065696,1.4768336000624538
31,72,2415,141,0.058385093167701865,0.25133689839572193,1.4768336000624536
58,97,1709,76,0.044470450555880635,0.14339622641509434,1.4762900659240734
97,58,1709,76,0.044470450555880635,0.4578313253012048,1.4762900659240734
5,22,2226,72,0.03234501347708895,0.1909814323607427,1.476127320954907
22,5,2226,72,0.03234501347708895,0.25,1.476127320954907
27,42,2237,114,0.05096110862762628,0.2923076923076923,1.4760548706372636
42,27,2237,114,0.05096110862762628,0.25733634311512416,1.4760548706372634
32,44,2225,83,0.037303370786516854,0.25075528700906347,1.4760066497226618
44,32,2225,83,0.037303370786516854,0.21957671957671956,1.4760066497226616
11,26,2352,86,0.036564625850340135,0.2107843137254902,1.4754901960784315
26,11,2352,86,0.036564625850340135,0.25595238095238093,1.4754901960784312
74,91,2692,44,0.01634472511144131,0.15658362989323843,1.4738571037503423
91,74,2692,44,0.01634472511144131,0.15384615384615385,1.4738571037503423
30,92,2220,60,0.02702702702702703,0.242914979757085,1.4734187296741221
92,30,2220,60,0.02702702702702703,0.16393442622950818,1.4734187296741221
32,10,2428,93,0.03830313014827018,0.22572815533980584,1.4733009708737865
10,32,2428,93,0.03830313014827018,0.25,1.4733009708737863
28,31,2457,90,0.03663003663003663,0.34220532319391633,1.4725017146890587
31,28,2457,90,0.03663003663003663,0.15761821366024517,1.4725017146890584
24,91,2221,73,0.03286807744259343,0.17632850241545894,1.4722767062583997
91,24,2221,73,0.03286807744259343,0.2744360902255639,1.4722767062583997
97,25,2567,89,0.03467082197117258,0.2861736334405145,1.472159753590783
25,97,2567,89,0.03467082197117258,0.17835671342685372,1.4721597535907829
34,37,1080,21,0.019444444444444445,0.1810344827586207,1.4700544464609802
37,34,1080,21,0.019444444444444445,0.15789473684210525,1.47005444646098
7,22,2226,73,0.032794249775381853,0.19010416666666666,1.4693467881944442
22,7,2226,73,0.032794249775381853,0.2534722222222222,1.4693467881944442
1,20,2426,113,0.04657873042044518,0.2198443579766537,1.4692628442186277
20,1,2426,113,0.04657873042044518,0.31129476584022037,1.4692628442186277
9,55,2274,66,0.029023746701846966,0.14666666666666667,1.4692511013215859
55,9,2274,66,0.029023746701846966,0.2907488986784141,1.4692511013215859
83,85,2264,79,0.03489399293286219,0.2289855072463768,1.468620930328037
85,83,2264,79,0.03489399293286219,0.2237960339943343,1.468620930328037
31,81,2464,83,0.033685064935064936,0.14359861591695502,1.4681617826530173
81,31,2464,83,0.033685064935064936,0.34439834024896265,1.4681617826530173
55,95,2327,24,0.010313708637730984,0.10212765957446808,1.4669818754925137
95,55,2327,24,0.010313708637730984,0.14814814814814814,1.4669818754925137
27,90,2238,103,0.04602323503127793,0.2641025641025641,1.4666539415919069
90,27,2238,103,0.04602323503127793,0.2555831265508685,1.4666539415919069
5,92,2619,103,0.039327987781596026,0.21149897330595482,1.46538574361983
92,5,2619,103,0.039327987781596026,0.2724867724867725,1.4653857436198299
74,38,2692,72,0.02674591381872214,0.25622775800711745,1.4644694788856905
38,74,2692,72,0.02674591381872214,0.15286624203821655,1.4644694788856902
24,96,1481,110,0.07427413909520594,0.3548387096774194,1.4638332285021116
96,24,1481,110,0.07427413909520594,0.3064066852367688,1.4638332285021114
19,17,1542,25,0.01621271076523995,0.0702247191011236,1.4633313088369269
17,19,1542,25,0.01621271076523995,0.33783783783783783,1.4633313088369266
37,52,1080,40,0.037037037037037035,0.3007518796992481,1.4631172525909368
52,37,1080,40,0.037037037037037035,0.18018018018018017,1.4631172525909368
20,33,2222,59,0.026552655265526554,0.2099644128113879,1.4625107375138053
33,20,2222,59,0.026552655265526554,0.18495297805642633,1.4625107375138051
28,81,2571,39,0.015169194865810968,0.1392857142857143,1.4616472303206998
81,28,2571,39,0.015169194865810968,0.15918367346938775,1.4616472303206998
14,82,2700,70,0.025925925925925925,0.36082474226804123,1.4606099012349496
82,14,2700,70,0.025925925925925925,0.10494752623688156,1.4606099012349496
28,85,2515,64,0.025447316103379723,0.23104693140794225,1.4600076193240572
85,28,2515,64,0.025447316103379723,0.16080402010050251,1.4600076193240572
22,1,2226,81,0.03638814016172507,0.28125,1.4593531468531469
1,22,2226,81,0.03638814016172507,0.1888111888111888,1.4593531468531467
5,25,2574,134,0.052059052059052056,0.2774327122153209,1.4573710229433388
25,5,2574,134,0.052059052059052056,0.27346938775510204,1.4573710229433388
11,55,2326,58,0.024935511607910577,0.14720812182741116,1.457047197321525
55,11,2326,58,0.024935511607910577,0.24680851063829787,1.4570471973215249
4,41,2209,28,0.012675418741511997,0.6363636363636364,1.4552042160737813
41,4,2209,28,0.012675418741511997,0.028985507246376812,1.4552042160737813
11,14,2699,51,0.018895887365690995,0.10450819672131148,1.4539568193341221
14,11,2699,51,0.018895887365690995,0.26288659793814434,1.453956819334122
3,31,2464,76,0.030844155844155844,0.34080717488789236,1.4528527317020186
31,3,2464,76,0.030844155844155844,0.1314878892733564,1.4528527317020186
25,28,2567,80,0.031164783794312426,0.15841584158415842,1.4523338048090524
28,25,2567,80,0.031164783794312426,0.2857142857142857,1.4523338048090522
9,72,2511,144,0.05734767025089606,0.26373626373626374,1.4522845575477155
72,9,2511,144,0.05734767025089606,0.3157894736842105,1.4522845575477155
5,1,2619,145,0.055364642993508975,0.29774127310061604,1.4521124660158538
1,5,2619,145,0.055364642993508975,0.27001862197392923,1.4521124660158535
6,5,2435,78,0.032032854209445585,0.2653061224489796,1.4517312542994727
5,6,2435,78,0.032032854209445585,0.1752808988764045,1.4517312542994725
14,18,1958,96,0.049029622063329927,0.5581395348837209,1.451311034930047
18,14,1958,96,0.049029622063329927,0.12749003984063745,1.451311034930047
92,54,1867,55,0.02945902517407606,0.1950354609929078,1.4507219349552147
54,92,1867,55,0.02945902517407606,0.21912350597609562,1.4507219349552145
30,87,2220,132,0.05945945945945946,0.5344129554655871,1.4503627886718866
87,30,2220,132,0.05945945945945946,0.16136919315403422,1.4503627886718866
14,85,2515,42,0.016699801192842943,0.22950819672131148,1.4502842079248703
85,14,2515,42,0.016699801192842943,0.10552763819095477,1.4502842079248703
3,52,2610,97,0.0371647509578544,0.35661764705882354,1.4498007146783947
52,3,2610,97,0.0371647509578544,0.15109034267912771,1.4498007146783947
71,3,2220,59,0.026576576576576576,0.10966542750929369,1.4491502920870951
3,71,2220,59,0.026576576576576576,0.35119047619047616,1.449150292087095
25,31,2461,155,0.06298252742787484,0.33916849015317285,1.4491209275468029
31,25,2461,155,0.06298252742787484,0.2690972222222222,1.4491209275468029
6,29,2218,37,0.016681695220919748,0.15611814345991562,1.4488286284271668
29,6,2218,37,0.016681695220919748,0.15481171548117154,1.4488286284271665
21,42,2669,57,0.021356313225927313,0.32947976878612717,1.4487339421584406
42,21,2669,57,0.021356313225927313,0.09390444810543658,1.4487339421584404
23,96,1551,89,0.05738233397807866,0.3423076923076923,1.4466464053657515
96,23,1551,89,0.05738233397807866,0.24250681198910082,1.4466464053657513
44,6,2224,59,0.026528776978417268,0.15608465608465608,1.4463844797178131
6,44,2224,59,0.026528776978417268,0.24583333333333332,1.446384479717813
55,91,2327,40,0.017189514396218308,0.1702127659574468,1.4455660816897034
91,55,2327,40,0.017189514396218308,0.145985401459854,1.4455660816897034
5,26,2323,81,0.03486870426173052,0.2076923076923077,1.4445186549976972
26,5,2323,81,0.03486870426173052,0.24251497005988024,1.444518654997697
34,31,2221,107,0.04817649707339036,0.3101449275362319,1.4440920001215327
31,34,2221,107,0.04817649707339036,0.22431865828092243,1.4440920001215325
1,11,2699,147,0.054464616524638756,0.261101243339254,1.4440824913373904
11,1,2699,147,0.054464616524638756,0.3012295081967213,1.4440824913373902
55,98,1922,61,0.03173777315296566,0.3567251461988304,1.4434225915666357
98,55,1922,61,0.03173777315296566,0.12842105263157894,1.4434225915666357
26,42,2329,100,0.042936882782310004,0.3003003003003003,1.4420606173183492
42,26,2329,100,0.042936882782310004,0.20618556701030927,1.4420606173183492
28,29,2221,36,0.01620891490319676,0.15517241379310345,1.4419997114413505
29,28,2221,36,0.01620891490319676,0.1506276150627615,1.4419997114413505
20,55,2322,45,0.01937984496124031,0.14469453376205788,1.4419772849592207
55,20,2322,45,0.01937984496124031,0.19313304721030042,1.4419772849592205
38,46,2700,41,0.015185185185185185,0.0870488322717622,1.441913172599742
46,38,2700,41,0.015185185185185185,0.25153374233128833,1.4419131725997418
11,72,2512,112,0.044585987261146494,0.2616822429906542,1.441547794720446
72,11,2512,112,0.044585987261146494,0.24561403508771928,1.441547794720446
11,44,2229,88,0.03947958725886048,0.24444444444444444,1.4414462081128747
44,11,2229,88,0.03947958725886048,0.2328042328042328,1.4414462081128747
26,81,2353,50,0.021249468763280918,0.1488095238095238,1.44094160297864
81,26,2353,50,0.021249468763280918,0.205761316872428,1.44094160297864
46,82,2700,58,0.02148148148148148,0.3558282208588957,1.440384102427314
82,46,2700,58,0.02148148148148148,0.08695652173913043,1.4403841024273139
35,51,271,25,0.09225092250922509,0.2976190476190476,1.440263605442177
51,35,271,25,0.09225092250922509,0.44642857142857145,1.440263605442177
23,56,2246,155,0.06901157613535173,0.5166666666666667,1.43974358974359
56,23,2246,155,0.06901157613535173,0.19230769230769232,1.4397435897435897
54,30,1867,36,0.0192822710230316,0.14342629482071714,1.439660711990747
24,54,1867,60,0.032137118371719335,0.1935483870967742,1.4396607119907467
30,54,1867,36,0.0192822710230316,0.1935483870967742,1.4396607119907467
54,24,1867,60,0.032137118371719335,0.23904382470119523,1.4396607119907465
9,54,1867,59,0.03160149973219068,0.19344262295081968,1.438874012148129
54,9,1867,59,0.03160149973219068,0.2350597609561753,1.4388740121481287
10,81,2700,62,0.022962962962962963,0.13107822410147993,1.4386634352601455
81,10,2700,62,0.022962962962962963,0.25203252032520324,1.4386634352601453
6,7,2472,75,0.03033980582524272,0.25,1.4372093023255814
7,6,2472,75,0.03033980582524272,0.1744186046511628,1.4372093023255814
30,71,2220,86,0.03873873873873874,0.3481781376518219,1.4367201962584473
71,30,2220,86,0.03873873873873874,0.15985130111524162,1.436720196258447
9,11,2640,155,0.058712121212121215,0.25080906148867316,1.4363035191542237
11,9,2640,155,0.058712121212121215,0.3362255965292842,1.4363035191542237
71,95,2220,56,0.025225225225225224,0.10408921933085502,1.4352674963633427
95,71,2220,56,0.025225225225225224,0.34782608695652173,1.4352674963633425
17,87,2658,103,0.03875094055680963,0.5852272727272727,1.4349945488091245
87,17,2658,103,0.03875094055680963,0.09501845018450185,1.4349945488091245
58,92,1722,87,0.050522648083623695,0.16322701688555347,1.434065934065934
92,58,1722,87,0.050522648083623695,0.44387755102040816,1.434065934065934
55,92,2327,53,0.022776106574989255,0.225531914893617,1.4339146610859204
92,55,2327,53,0.022776106574989255,0.1448087431693989,1.4339146610859201
24,98,1816,108,0.05947136563876652,0.375,1.4336842105263157
98,24,1816,108,0.05947136563876652,0.22736842105263158,1.4336842105263157
6,67,2472,48,0.019417475728155338,0.16,1.4330434782608694
67,6,2472,48,0.019417475728155338,0.17391304347826086,1.4330434782608694
12,37,1080,27,0.025,0.17647058823529413,1.4329942503317117
37,12,1080,27,0.025,0.20300751879699247,1.4329942503317117
16,67,2700,100,0.037037037037037035,0.16806722689075632,1.4314874214670097
67,16,2700,100,0.037037037037037035,0.31545741324921134,1.4314874214670092
1,96,1960,131,0.06683673469387755,0.29772727272727273,1.4267615025561236
96,1,1960,131,0.06683673469387755,0.3202933985330073,1.4267615025561236
36,11,2219,207,0.09328526363226679,0.23076923076923078,1.4263981144203985
11,36,2219,207,0.09328526363226679,0.5766016713091922,1.4263981144203983
34,96,1482,86,0.058029689608636977,0.3453815261044177,1.4257811189045877
96,34,1482,86,0.058029689608636977,0.2395543175487465,1.4257811189045877
9,81,2640,82,0.03106060606060606,0.13268608414239483,1.4239482200647249
81,9,2640,82,0.03106060606060606,0.3333333333333333,1.4239482200647249
72,34,2221,74,0.033318325078793336,0.2208955223880597,1.4220549426779148
34,72,2221,74,0.033318325078793336,0.2144927536231884,1.4220549426779145
3,58,1722,44,0.025551684088269456,0.44,1.4215384615384614
58,3,1722,44,0.025551684088269456,0.0825515947467167,1.4215384615384614
6,32,2347,63,0.02684277801448658,0.22826086956521738,1.4210298696805443
32,6,2347,63,0.02684277801448658,0.16710875331564987,1.4210298696805443
83,29,1970,48,0.024365482233502538,0.15434083601286175,1.420801153950176
29,83,1970,48,0.024365482233502538,0.22429906542056074,1.4208011539501757
49,81,1510,28,0.018543046357615896,0.07526881720430108,1.4206989247311828
81,49,1510,28,0.018543046357615896,0.35,1.4206989247311828
17,83,2445,26,0.01063394683026585,0.208,1.4205586592178772
83,17,2445,26,0.01063394683026585,0.07262569832402235,1.4205586592178772
21,48,556,20,0.03597122302158273,0.6896551724137931,1.4201787994891444
48,21,556,20,0.03597122302158273,0.07407407407407407,1.4201787994891442
6,26,2231,43,0.01927386822052891,0.18067226890756302,1.4192951828618772
26,6,2231,43,0.01927386822052891,0.15140845070422534,1.4192951828618772
32,5,2423,104,0.04292199752373091,0.25304136253041365,1.4192574569703527
5,32,2423,104,0.04292199752373091,0.24074074074074073,1.4192574569703522
5,46,2619,43,0.016418480336006108,0.08829568788501027,1.4186896108640608
46,5,2619,43,0.016418480336006108,0.26380368098159507,1.4186896108640605
24,85,2221,80,0.03601981089599279,0.1932367149758454,1.416431498222286
85,24,2221,80,0.03601981089599279,0.264026402640264,1.4164314982222859
6,11,2472,72,0.02912621359223301,0.24,1.4159427207637232
11,6,2472,72,0.02912621359223301,0.1718377088305489,1.415942720763723
5,71,2220,129,0.05810810810810811,0.34308510638297873,1.4157043423238156
71,5,2220,129,0.05810810810810811,0.23977695167286245,1.4157043423238156
87,3,2662,179,0.06724267468069121,0.16482504604051565,1.4153686211608152
3,87,2662,179,0.06724267468069121,0.5774193548387097,1.415368621160815
11,16,2699,152,0.056317154501667285,0.3114754098360656,1.4152729480598334
16,11,2699,152,0.056317154501667285,0.2558922558922559,1.4152729480598332
82,24,2221,130,0.05853219270598829,0.26369168356997974,1.4146358193452295
24,82,2221,130,0.05853219270598829,0.3140096618357488,1.4146358193452293
18,23,1719,144,0.08376963350785341,0.22291021671826625,1.4139581643494454
23,18,1719,144,0.08376963350785341,0.5313653136531366,1.4139581643494454
46,27,2238,34,0.01519213583556747,0.2463768115942029,1.4138238573021182
27,46,2238,34,0.01519213583556747,0.08717948717948718,1.413823857302118
11,35,2220,123,0.05540540540540541,0.3426183844011142,1.4137784635138912
35,11,2220,123,0.05540540540540541,0.22862453531598512,1.413778463513891
7,93,2452,105,0.042822185970636216,0.22483940042826553,1.4136056662823258
93,7,2452,105,0.042822185970636216,0.2692307692307692,1.4136056662823258
18,34,1669,133,0.07968843618933494,0.2159090909090909,1.4131461675579322
34,18,1669,133,0.07968843618933494,0.5215686274509804,1.4131461675579322
38,20,2426,85,0.03503709810387469,0.21144278606965175,1.4131134958814744
20,38,2426,85,0.03503709810387469,0.23415977961432508,1.4131134958814742
6,42,2466,89,0.036090835360908353,0.2996632996632997,1.412943971261371
42,6,2466,89,0.036090835360908353,0.1701720841300191,1.4129439712613707
20,87,2397,191,0.07968293700458907,0.5410764872521246,1.4128108278249922
87,20,2397,191,0.07968293700458907,0.20806100217864923,1.412810827824992
50,97,634,28,0.04416403785488959,0.16470588235294117,1.4111287758346582
97,50,634,28,0.04416403785488959,0.3783783783783784,1.4111287758346582
1,95,2700,50,0.018518518518518517,0.08880994671403197,1.4105109183993314
95,1,2700,50,0.018518518518518517,0.29411764705882354,1.4105109183993314
32,82,2428,134,0.05518945634266886,0.32524271844660196,1.4101595006934813
82,32,2428,134,0.05518945634266886,0.2392857142857143,1.4101595006934813
20,58,1722,75,0.04355400696864112,0.436046511627907,1.4087656529516994
58,20,1722,75,0.04355400696864112,0.14071294559099437,1.4087656529516994
38,54,1867,50,0.02678093197643278,0.1893939393939394,1.4087589037788242
54,38,1867,50,0.02678093197643278,0.199203187250996,1.408758903778824
21,85,2515,39,0.015506958250497018,0.22285714285714286,1.4082555635319454
85,21,2515,39,0.015506958250497018,0.09798994974874371,1.4082555635319454
16,93,2452,116,0.04730831973898858,0.22393822393822393,1.4079398079398078
93,16,2452,116,0.04730831973898858,0.29743589743589743,1.4079398079398078
3,5,2619,78,0.029782359679266894,0.26174496644295303,1.4076182076264765
5,3,2619,78,0.029782359679266894,0.1601642710472279,1.407618207626476
55,42,2310,67,0.029004329004329005,0.29004329004329005,1.4075630252100841
42,55,2310,67,0.029004329004329005,0.1407563025210084,1.407563025210084
7,56,2359,217,0.09198813056379822,0.5166666666666667,1.407409545804465
56,7,2359,217,0.09198813056379822,0.25057736720554274,1.4074095458044649
7,74,2692,76,0.02823179791976226,0.14671814671814673,1.4055702881325658
74,7,2692,76,0.02823179791976226,0.2704626334519573,1.4055702881325658
5,79,2619,23,0.008781977854142803,0.04722792607802875,1.4055674817995145
79,5,2619,23,0.008781977854142803,0.26136363636363635,1.4055674817995145
71,26,2220,95,0.04279279279279279,0.17657992565055763,1.4050445696926093
26,71,2220,95,0.04279279279279279,0.34050179211469533,1.405044569692609
22,93,1978,54,0.027300303336703743,0.25,1.4048295454545456
93,22,1978,54,0.027300303336703743,0.1534090909090909,1.4048295454545454
44,71,2220,128,0.05765765765765766,0.3404255319148936,1.4047298900577394
71,44,2220,128,0.05765765765765766,0.2379182156133829,1.4047298900577394
18,24,1667,171,0.10257948410317937,0.2780487804878049,1.404567627494457
24,18,1667,171,0.10257948410317937,0.5181818181818182,1.404567627494457
25,44,2228,91,0.040843806104129264,0.23821989528795812,1.4041109171999224
44,25,2228,91,0.040843806104129264,0.24074074074074073,1.4041109171999224
33,44,2221,76,0.034218820351193155,0.23824451410658307,1.403557203795016
44,33,2221,76,0.034218820351193155,0.20159151193633953,1.403557203795016
10,82,2700,164,0.06074074074074074,0.346723044397463,1.403526566526462
82,10,2700,164,0.06074074074074074,0.24587706146926536,1.4035265665264618
85,90,2515,93,0.036978131212723656,0.23366834170854273,1.4025677312577207
90,85,2515,93,0.036978131212723656,0.22195704057279236,1.4025677312577205
36,23,2219,161,0.07255520504731862,0.1794871794871795,1.4024015890213075
23,36,2219,161,0.07255520504731862,0.5669014084507042,1.4024015890213073
31,74,2457,72,0.029304029304029304,0.125,1.4023972602739725
74,31,2457,72,0.029304029304029304,0.3287671232876712,1.4023972602739725
59,87,2508,43,0.0171451355661882,0.5657894736842105,1.4021739130434783
87,59,2508,43,0.0171451355661882,0.042490118577075096,1.402173913043478
31,26,2228,85,0.0381508078994614,0.17745302713987474,1.402004767615748
26,31,2228,85,0.0381508078994614,0.30141843971631205,1.4020047676157479
21,71,2220,53,0.023873873873873873,0.33974358974358976,1.401915927938233
71,21,2220,53,0.023873873873873873,0.09851301115241635,1.4019159279382327
55,34,2221,46,0.020711391265195857,0.2169811320754717,1.4009159719175077
34,55,2221,46,0.020711391265195857,0.13372093023255813,1.4009159719175075
31,90,2464,136,0.05519480519480519,0.23529411764705882,1.4003978402955386
90,31,2464,136,0.05519480519480519,0.3285024154589372,1.4003978402955386
44,9,2228,99,0.044434470377019746,0.2619047619047619,1.399337672718968
9,44,2228,99,0.044434470377019746,0.23741007194244604,1.3993376727189677
12,16,2676,155,0.05792227204783259,0.3093812375249501,1.3984868101634569
16,12,2676,155,0.05792227204783259,0.26182432432432434,1.3984868101634569
42,54,1867,62,0.03320835565077665,0.18787878787878787,1.3974888325485935
54,42,1867,62,0.03320835565077665,0.24701195219123506,1.3974888325485935
7,38,2700,127,0.04703703703703704,0.2437619961612284,1.3973617614337932
38,7,2700,127,0.04703703703703704,0.26963906581740976,1.3973617614337932
87,91,2662,163,0.06123215627347859,0.15009208103130756,1.3970109080606319
91,87,2662,163,0.06123215627347859,0.5699300699300699,1.3970109080606317
9,56,2352,240,0.10204081632653061,0.511727078891258,1.3962669252346158
56,9,2352,240,0.10204081632653061,0.27842227378190254,1.3962669252346156
71,91,2220,90,0.04054054054054054,0.16728624535315986,1.3961483634737402
91,71,2220,90,0.04054054054054054,0.3383458646616541,1.3961483634737402
35,79,2220,23,0.01036036036036036,0.04275092936802974,1.395692105838618
79,35,2220,23,0.01036036036036036,0.3382352941176471,1.395692105838618
37,96,880,22,0.025,0.21568627450980393,1.395617070357555
96,37,880,22,0.025,0.16176470588235295,1.395617070357555
27,31,2235,118,0.052796420581655484,0.30256410256410254,1.3942902458366375
31,27,2235,118,0.052796420581655484,0.24329896907216494,1.3942902458366375
29,11,2221,54,0.024313372354795137,0.22594142259414227,1.3939330543933055
11,29,2221,54,0.024313372354795137,0.15,1.3939330543933053
79,72,2512,22,0.00875796178343949,0.25287356321839083,1.3930227868521883
72,79,2512,22,0.00875796178343949,0.04824561403508772,1.3930227868521878
7,83,2449,95,0.03879134340547162,0.20342612419700215,1.3915937937387104
83,7,2449,95,0.03879134340547162,0.26536312849162014,1.3915937937387104
30,45,464,32,0.06896551724137931,0.5818181818181818,1.3915651358950327
45,30,464,32,0.06896551724137931,0.16494845360824742,1.3915651358950327
42,85,2509,121,0.04822638501394978,0.21960072595281308,1.3913591449889091
85,42,2509,121,0.04822638501394978,0.3055555555555556,1.3913591449889091
16,96,1960,126,0.06428571428571428,0.2903225806451613,1.3912769145831692
96,16,1960,126,0.06428571428571428,0.3080684596577017,1.391276914583169
52,10,2610,145,0.05555555555555555,0.22585669781931464,1.390297125727385
10,52,2610,145,0.05555555555555555,0.3419811320754717,1.3902971257273848
11,96,1959,110,0.05615109749872384,0.29023746701846964,1.3901594080420099
96,11,1959,110,0.05615109749872384,0.26894865525672373,1.3901594080420099
7,79,2700,26,0.00962962962962963,0.04990403071017274,1.3890812671903754
79,7,2700,26,0.00962962962962963,0.26804123711340205,1.3890812671903752
58,91,1722,58,0.03368176538908246,0.10881801125703565,1.3880341880341882
91,58,1722,58,0.03368176538908246,0.42962962962962964,1.388034188034188
20,85,2292,62,0.027050610820244327,0.19558359621451105,1.387856354562413
85,20,2292,62,0.027050610820244327,0.19195046439628483,1.3878563545624125
23,85,2284,62,0.02714535901926445,0.19745222929936307,1.3876335129838315
85,23,2284,62,0.02714535901926445,0.19076923076923077,1.3876335129838315
27,7,2238,94,0.0420017873100983,0.24102564102564103,1.3866719398853076
7,27,2238,94,0.0420017873100983,0.2416452442159383,1.3866719398853073
5,30,2220,58,0.026126126126126126,0.15425531914893617,1.3864243259540012
30,5,2220,58,0.026126126126126126,0.23481781376518218,1.3864243259540012
82,6,2472,100,0.040453074433656956,0.16806722689075632,1.3848739495798321
6,82,2472,100,0.040453074433656956,0.3333333333333333,1.3848739495798317
96,22,1486,73,0.04912516823687752,0.20221606648199447,1.3847607133283124
22,96,1486,73,0.04912516823687752,0.33640552995391704,1.3847607133283122
83,27,1987,70,0.035228988424760944,0.22435897435897437,1.3844760312151618
27,83,1987,70,0.035228988424760944,0.21739130434782608,1.3844760312151616
29,87,2221,122,0.054930211616389016,0.5104602510460251,1.3842884219453258
87,29,2221,122,0.054930211616389016,0.14896214896214896,1.3842884219453258
26,96,1613,84,0.052076875387476754,0.32684824902723736,1.38374337449064
96,26,1613,84,0.052076875387476754,0.2204724409448819,1.38374337449064
29,90,2221,60,0.0270148581719946,0.2510460251046025,1.3835563815318168
90,29,2221,60,0.0270148581719946,0.1488833746898263,1.3835563815318166
20,32,2271,65,0.028621752531924262,0.2138157894736842,1.383406432748538
32,20,2271,65,0.028621752531924262,0.18518518518518517,1.383406432748538
20,26,2340,63,0.026923076923076925,0.1956521739130435,1.3831603835544464
26,20,2340,63,0.026923076923076925,0.1903323262839879,1.3831603835544461
85,93,2267,84,0.03705337450374945,0.23728813559322035,1.3828591346782275
93,85,2267,84,0.03705337450374945,0.2159383033419023,1.3828591346782275
17,38,2696,43,0.015949554896142432,0.24157303370786518,1.3827619933681625
38,17,2696,43,0.015949554896142432,0.09129511677282377,1.3827619933681623
83,23,2040,50,0.024509803921568627,0.15723270440251572,1.3825634352635003
23,83,2040,50,0.024509803921568627,0.21551724137931033,1.3825634352635001
7,42,2669,160,0.059947545897339825,0.3143418467583497,1.3821719752850665
42,7,2669,160,0.059947545897339825,0.26359143327841844,1.3821719752850663
1,83,2449,102,0.041649652919559,0.201980198019802,1.381702527794679
83,1,2449,102,0.041649652919559,0.2849162011173184,1.3817025277946788
38,25,2649,118,0.04454511136277841,0.2675736961451247,1.3816817175213165
25,38,2649,118,0.04454511136277841,0.2300194931773879,1.3816817175213163
33,96,1485,76,0.05117845117845118,0.33480176211453744,1.381057268722467
96,33,1485,76,0.05117845117845118,0.2111111111111111,1.381057268722467
56,46,2359,73,0.030945315811784654,0.08429561200923788,1.3809260328457789
46,56,2359,73,0.030945315811784654,0.5069444444444444,1.3809260328457786
54,91,1867,36,0.0192822710230316,0.14342629482071714,1.3802932599498914
91,54,1867,36,0.0192822710230316,0.18556701030927836,1.3802932599498914
29,85,2221,45,0.020261143628995948,0.18828451882845187,1.3801317370230748
85,29,2221,45,0.020261143628995948,0.1485148514851485,1.3801317370230746
21,58,1722,38,0.022067363530778164,0.42696629213483145,1.37942955920484
58,21,1722,38,0.022067363530778164,0.07129455909943715,1.37942955920484
1,93,2452,111,0.04526916802610114,0.21936758893280633,1.3792034052903617
93,1,2452,111,0.04526916802610114,0.2846153846153846,1.3792034052903617
30,31,2220,73,0.03288288288288288,0.29554655870445345,1.3783894124451401
31,30,2220,73,0.03288288288288288,0.15336134453781514,1.3783894124451401
1,74,2692,81,0.030089153046062408,0.1438721136767318,1.3783050890311814
74,1,2692,81,0.030089153046062408,0.28825622775800713,1.3783050890311814
27,38,2238,79,0.035299374441465595,0.20256410256410257,1.3779284545241992
38,27,2238,79,0.035299374441465595,0.24012158054711247,1.3779284545241992
32,42,2422,120,0.0495458298926507,0.29411764705882354,1.3778586869951077
42,32,2422,120,0.0495458298926507,0.23210831721470018,1.3778586869951075
12,56,2359,182,0.0771513353115727,0.5055555555555555,1.3771426738516808
56,12,2359,182,0.0771513353115727,0.21016166281755197,1.3771426738516808
74,83,2441,47,0.01925440393281442,0.19915254237288135,1.3771426513660152
83,74,2441,47,0.01925440393281442,0.13314447592067988,1.3771426513660152
85,52,2515,132,0.052485089463220676,0.3316582914572864,1.3764366386387383
52,85,2515,132,0.052485089463220676,0.21782178217821782,1.376436638638738
22,42,2226,78,0.03504043126684636,0.2708333333333333,1.3764269406392693
42,22,2226,78,0.03504043126684636,0.1780821917808219,1.3764269406392693
33,54,1867,47,0.025174076057846814,0.18503937007874016,1.3763685415817049
54,33,1867,47,0.025174076057846814,0.18725099601593626,1.3763685415817046
7,82,2700,177,0.06555555555555556,0.3397312859884837,1.3752240962052564
82,7,2700,177,0.06555555555555556,0.2653673163418291,1.3752240962052562
91,31,2464,87,0.03530844155844156,0.32222222222222224,1.3736255286428298
31,91,2464,87,0.03530844155844156,0.15051903114186851,1.3736255286428296
9,82,2640,207,0.07840909090909091,0.33495145631067963,1.3730929264909848
82,9,2640,207,0.07840909090909091,0.32142857142857145,1.3730929264909848
30,49,1510,48,0.031788079470198675,0.3380281690140845,1.372103589277601
49,30,1510,48,0.031788079470198675,0.12903225806451613,1.372103589277601
7,95,2700,45,0.016666666666666666,0.08637236084452975,1.3717963192954725
95,7,2700,45,0.016666666666666666,0.2647058823529412,1.3717963192954725
5,33,2225,75,0.033707865168539325,0.19788918205804748,1.3716617759475254
33,5,2225,75,0.033707865168539325,0.2336448598130841,1.3716617759475254
14,49,1510,25,0.016556291390728478,0.33783783783783783,1.3713310084277825
49,14,1510,25,0.016556291390728478,0.06720430107526881,1.3713310084277825
52,74,2602,91,0.03497309761721752,0.1421875,1.3702662037037037
74,52,2602,91,0.03497309761721752,0.337037037037037,1.3702662037037037
29,21,2221,23,0.010355695632597929,0.09623430962343096,1.370105138933591
21,29,2221,23,0.010355695632597929,0.14743589743589744,1.3701051389335908
28,67,2571,44,0.017113963438350838,0.15714285714285714,1.36953995157385
67,28,2571,44,0.017113963438350838,0.14915254237288136,1.36953995157385
18,32,1792,156,0.08705357142857142,0.23214285714285715,1.368421052631579
32,18,1792,156,0.08705357142857142,0.5131578947368421,1.368421052631579
7,18,1958,211,0.10776302349336057,0.5261845386533666,1.368219557348329
18,7,1958,211,0.10776302349336057,0.28021248339973437,1.368219557348329
97,71,2138,100,0.04677268475210477,0.3257328990228013,1.3682061652470514
71,97,2138,100,0.04677268475210477,0.19646365422396855,1.3682061652470512
12,24,2221,77,0.03466906798739307,0.25496688741721857,1.3678296061682185
24,12,2221,77,0.03466906798739307,0.1859903381642512,1.3678296061682185
56,34,2208,168,0.07608695652173914,0.21292775665399238,1.3666990892209745
34,56,2208,168,0.07608695652173914,0.4883720930232558,1.3666990892209743
27,32,2228,80,0.03590664272890485,0.20725388601036268,1.3661587515712665
32,27,2228,80,0.03590664272890485,0.23668639053254437,1.3661587515712665
24,71,2220,137,0.06171171171171171,0.3309178743961353,1.365497548623458
71,24,2220,137,0.06171171171171171,0.25464684014869887,1.3654975486234577
97,11,2617,75,0.02865876958349255,0.2403846153846154,1.3646128816953114
11,97,2617,75,0.02865876958349255,0.16268980477223427,1.3646128816953111
95,60,2080,56,0.026923076923076925,0.448,1.3643338213762812
60,95,2080,56,0.026923076923076925,0.08199121522693997,1.364333821376281
25,54,1867,53,0.028387787895018748,0.18339100346020762,1.3641075835068033
54,25,1867,53,0.028387787895018748,0.21115537848605578,1.3641075835068033
85,96,1775,97,0.05464788732394366,0.2966360856269113,1.364064901522714
96,85,1775,97,0.05464788732394366,0.25129533678756477,1.364064901522714
33,85,2225,60,0.02696629213483146,0.18691588785046728,1.3635667228435728
85,33,2225,60,0.02696629213483146,0.19672131147540983,1.3635667228435728
42,49,1510,87,0.0576158940397351,0.3359073359073359,1.3634948312367667
49,42,1510,87,0.0576158940397351,0.23387096774193547,1.3634948312367667
28,42,2564,82,0.031981279251170044,0.29927007299270075,1.362928005600861
42,28,2564,82,0.031981279251170044,0.14564831261101244,1.3629280056008608
33,35,2220,105,0.0472972972972973,0.330188679245283,1.3624886020902012
35,33,2220,105,0.0472972972972973,0.19516728624535315,1.3624886020902012
24,37,1080,25,0.023148148148148147,0.16778523489932887,1.362466569107332
37,24,1080,25,0.023148148148148147,0.18796992481203006,1.362466569107332
31,55,2222,62,0.0279027902790279,0.129979035639413,1.3623274395791305
55,31,2222,62,0.0279027902790279,0.29245283018867924,1.3623274395791305
16,8,2700,21,0.0077777777777777776,0.03529411764705882,1.361344537815126
8,16,2700,21,0.0077777777777777776,0.3,1.3613445378151259
21,44,2229,36,0.016150740242261104,0.23076923076923078,1.3608058608058609
44,21,2229,36,0.016150740242261104,0.09523809523809523,1.3608058608058609
44,49,1510,63,0.041721854304635764,0.3351063829787234,1.3602436513383667
49,44,1510,63,0.041721854304635764,0.1693548387096774,1.3602436513383664
12,46,2676,41,0.015321375186846039,0.08183632734530938,1.360211254509614
46,12,2676,41,0.015321375186846039,0.2546583850931677,1.360211254509614
31,95,2464,52,0.021103896103896104,0.08996539792387544,1.359967733033307
95,31,2464,52,0.021103896103896104,0.31901840490797545,1.359967733033307
34,28,2221,49,0.022062134173795586,0.14202898550724638,1.3596826586706647
28,34,2221,49,0.022062134173795586,0.21120689655172414,1.3596826586706645
42,25,2626,153,0.05826351865955826,0.261986301369863,1.3596364177811469
25,42,2626,153,0.05826351865955826,0.30237154150197626,1.3596364177811466
38,30,2220,49,0.022072072072072072,0.15123456790123457,1.3592742540110963
30,38,2220,49,0.022072072072072072,0.19838056680161945,1.359274254011096
9,71,2220,136,0.06126126126126126,0.32929782082324455,1.358812569196288
71,9,2220,136,0.06126126126126126,0.2527881040892193,1.358812569196288
8,60,2080,29,0.013942307692307693,0.4461538461538462,1.3587115666178624
60,8,2080,29,0.013942307692307693,0.0424597364568082,1.3587115666178624
12,1,2676,138,0.0515695067264574,0.2754491017964072,1.3574618718364377
1,12,2676,138,0.0515695067264574,0.2541436464088398,1.3574618718364375
5,27,2238,90,0.040214477211796246,0.23622047244094488,1.355542095699576
27,5,2238,90,0.040214477211796246,0.23076923076923078,1.355542095699576
87,95,2662,94,0.035311795642374154,0.0865561694290976,1.3553677824721049
95,87,2662,94,0.035311795642374154,0.5529411764705883,1.3553677824721049
34,85,2221,64,0.028815848716794237,0.1855072463768116,1.355301296720061
85,34,2221,64,0.028815848716794237,0.21052631578947367,1.3553012967200608
38,85,2515,86,0.0341948310139165,0.2144638403990025,1.35521748392837
85,38,2515,86,0.0341948310139165,0.21608040201005024,1.35521748392837
54,90,1867,57,0.03053026245313337,0.22709163346613545,1.35456894466861
90,54,1867,57,0.03053026245313337,0.18210862619808307,1.35456894466861
7,35,2220,125,0.05630630630630631,0.32808398950131235,1.3538038228492815
35,7,2220,125,0.05630630630630631,0.23234200743494424,1.3538038228492815
52,26,2263,95,0.04197967300044189,0.18304431599229287,1.3536904806881007
26,52,2263,95,0.04197967300044189,0.3104575163398693,1.3536904806881005
24,42,2221,110,0.049527239981990094,0.26570048309178745,1.3534880113460088
42,24,2221,110,0.049527239981990094,0.25229357798165136,1.3534880113460088
79,96,1960,24,0.012244897959183673,0.2823529411764706,1.353084999280886
96,79,1960,24,0.012244897959183673,0.05867970660146699,1.353084999280886
49,74,1510,24,0.015894039735099338,0.06451612903225806,1.3530465949820787
74,49,1510,24,0.015894039735099338,0.3333333333333333,1.3530465949820787
29,96,1481,59,0.039837947332883185,0.3277777777777778,1.3521974620860415
96,29,1481,59,0.039837947332883185,0.16434540389972144,1.3521974620860413
26,90,2353,78,0.03314917127071823,0.23214285714285715,1.3520597595473833
90,26,2353,78,0.03314917127071823,0.19306930693069307,1.3520597595473833
1,42,2669,166,0.06219557886849007,0.3074074074074074,1.3516810055525048
42,1,2669,166,0.06219557886849007,0.27347611202635913,1.3516810055525046
97,31,2382,96,0.04030226700251889,0.3096774193548387,1.3510102800425383
31,97,2382,96,0.04030226700251889,0.17582417582417584,1.351010280042538
33,56,2208,153,0.06929347826086957,0.48264984227129337,1.3506854901584484
56,33,2208,153,0.06929347826086957,0.19391634980988592,1.3506854901584484
90,6,2472,68,0.02750809061488673,0.163855421686747,1.3501686746987953
6,90,2472,68,0.02750809061488673,0.22666666666666666,1.350168674698795
24,52,2221,123,0.05538045925258892,0.2971014492753623,1.3494116949705106
52,24,2221,123,0.05538045925258892,0.25153374233128833,1.3494116949705106
4,36,2219,24,0.010815682739972961,0.5454545454545454,1.3493463058680448
36,4,2219,24,0.010815682739972961,0.026755852842809364,1.3493463058680448
92,25,2649,99,0.03737259343148358,0.2612137203166227,1.3488404388279407
25,92,2649,99,0.03737259343148358,0.19298245614035087,1.3488404388279405
83,33,1974,55,0.027862208713272545,0.1762820512820513,1.3487626714370902
33,83,1974,55,0.027862208713272545,0.2131782945736434,1.34876267143709
58,87,1722,240,0.13937282229965156,0.450281425891182,1.348494983277592
87,58,1722,240,0.13937282229965156,0.41739130434782606,1.3484949832775919
16,42,2669,180,0.0674409891345073,0.30664395229982966,1.3483240670317056
42,16,2669,180,0.0674409891345073,0.29654036243822074,1.3483240670317054
60,79,2080,27,0.012980769230769231,0.03953147877013177,1.3479586203585916
79,60,2080,27,0.012980769230769231,0.4426229508196721,1.3479586203585916
22,87,2226,143,0.06424079065588499,0.4965277777777778,1.3478912601626016
87,22,2226,143,0.06424079065588499,0.174390243902439,1.3478912601626014
25,35,2220,124,0.055855855855855854,0.3263157894736842,1.3465075327724516
35,25,2220,124,0.055855855855855854,0.23048327137546468,1.3465075327724516
58,79,1722,20,0.011614401858304297,0.0375234521575985,1.3461538461538463
79,58,1722,20,0.011614401858304297,0.4166666666666667,1.3461538461538463
26,44,2222,64,0.0288028802880288,0.2277580071174377,1.345952903763156
44,26,2222,64,0.0288028802880288,0.1702127659574468,1.3459529037631557
21,56,2359,82,0.0347604917337855,0.4939759036144578,1.3455994880213695
56,21,2359,82,0.0347604917337855,0.09468822170900693,1.3455994880213695
56,51,270,24,0.08888888888888889,0.27906976744186046,1.345514950166113
51,56,270,24,0.08888888888888889,0.42857142857142855,1.3455149501661128
34,54,1867,49,0.026245313336904125,0.18081180811808117,1.3449228914599902
54,34,1867,49,0.026245313336904125,0.1952191235059761,1.3449228914599902
7,30,2220,57,0.025675675675675677,0.14960629921259844,1.344639612356148
30,7,2220,57,0.025675675675675677,0.23076923076923078,1.344639612356148
14,93,2452,34,0.013866231647634585,0.2138364779874214,1.3444283180132237
93,14,2452,34,0.013866231647634585,0.08717948717948718,1.3444283180132235
42,14,2669,59,0.02210565754964406,0.09719934102141681,1.344171197855759
14,42,2669,59,0.02210565754964406,0.30569948186528495,1.3441711978557587
17,52,2606,58,0.022256331542594012,0.32954545454545453,1.3439678474889742
52,17,2606,58,0.022256331542594012,0.09076682316118936,1.3439678474889742
32,87,2427,219,0.09023485784919653,0.5315533980582524,1.3438334344660194
87,32,2427,219,0.09023485784919653,0.228125,1.3438334344660194
55,71,2220,69,0.031081081081081083,0.32547169811320753,1.3430244792031985
71,55,2220,69,0.031081081081081083,0.12825278810408922,1.3430244792031985
1,59,2528,20,0.007911392405063292,0.0408997955010225,1.342788091254349
59,1,2528,20,0.007911392405063292,0.2597402597402597,1.3427880912543488
79,87,2662,52,0.019534184823441023,0.5473684210526316,1.3417078608122517
87,79,2662,52,0.019534184823441023,0.04788213627992634,1.3417078608122517
71,92,2220,119,0.053603603603603604,0.2211895910780669,1.3416417819489304
92,71,2220,119,0.053603603603603604,0.3251366120218579,1.3416417819489304
3,92,2700,61,0.02259259259259259,0.1882716049382716,1.3412489006156554
92,3,2700,61,0.02259259259259259,0.16094986807387862,1.3412489006156552
38,42,2669,139,0.052079430498313976,0.3048245614035088,1.340324142316252
42,38,2669,139,0.052079430498313976,0.22899505766062603,1.340324142316252
42,52,2603,191,0.07337687283903188,0.3304498269896194,1.3398144854423353
52,42,2603,191,0.07337687283903188,0.29750778816199375,1.3398144854423353
6,71,2218,77,0.034715960324616775,0.32489451476793246,1.3394350069800636
71,6,2218,77,0.034715960324616775,0.14312267657992564,1.3394350069800636
30,90,2220,60,0.02702702702702703,0.242914979757085,1.3381420721109893
90,30,2220,60,0.02702702702702703,0.1488833746898263,1.3381420721109893
55,52,2245,66,0.029398663697104678,0.30275229357798167,1.3379505887452143
52,55,2245,66,0.029398663697104678,0.12992125984251968,1.337950588745214
25,91,2649,72,0.027180067950169876,0.14035087719298245,1.3373722074971601
91,25,2649,72,0.027180067950169876,0.2589928057553957,1.3373722074971601
97,16,2618,91,0.034759358288770054,0.2916666666666667,1.3372737886748396
16,97,2618,91,0.034759358288770054,0.159369527145359,1.3372737886748394
26,56,2217,134,0.060442038791159225,0.4785714285714286,1.3362630442605254
56,26,2217,134,0.060442038791159225,0.16876574307304787,1.3362630442605254
26,83,2102,55,0.026165556612749764,0.20072992700729927,1.3352351473713389
83,26,2102,55,0.026165556612749764,0.17405063291139242,1.3352351473713389
12,85,2515,92,0.03658051689860835,0.21100917431192662,1.3333871190816469
85,12,2515,92,0.03658051689860835,0.23115577889447236,1.3333871190816469
82,25,2649,167,0.06304265760664401,0.2581143740340031,1.3328362121171038
25,82,2649,167,0.06304265760664401,0.3255360623781676,1.3328362121171036
20,52,2341,103,0.043998291328492097,0.30930930930930933,1.331053479950539
52,20,2341,103,0.043998291328492097,0.18933823529411764,1.3310534799505387
22,82,2226,85,0.038185085354896675,0.2951388888888889,1.3299173414304992
82,22,2226,85,0.038185085354896675,0.1720647773279352,1.3299173414304992
42,92,2669,114,0.04271262645185463,0.18780889621087316,1.32960727847963
92,42,2669,114,0.04271262645185463,0.30238726790450926,1.3296072784796298
29,71,2220,77,0.034684684684684684,0.32217573221757323,1.3294240251357112
71,29,2220,77,0.034684684684684684,0.14312267657992564,1.329424025135711
5,20,2384,82,0.034395973154362415,0.1957040572792363,1.3292264175319068
20,5,2384,82,0.034395973154362415,0.2336182336182336,1.3292264175319068
11,82,2699,160,0.05928121526491293,0.32786885245901637,1.328705754935263
82,11,2699,160,0.05928121526491293,0.24024024024024024,1.328705754935263
85,97,2433,63,0.025893958076448828,0.16981132075471697,1.328459625068252
97,85,2433,63,0.025893958076448828,0.20257234726688103,1.328459625068252
6,12,2472,64,0.025889967637540454,0.21333333333333335,1.3283627204030228
12,6,2472,64,0.025889967637540454,0.16120906801007556,1.3283627204030226
25,96,1909,116,0.060764798323729705,0.2761904761904762,1.3280796449562193
96,25,1909,116,0.060764798323729705,0.29219143576826195,1.3280796449562193
7,3,2700,83,0.030740740740740742,0.15930902111324377,1.3275751759436982
3,7,2700,83,0.030740740740740742,0.25617283950617287,1.327575175943698
25,93,2401,92,0.038317367763431906,0.21495327102803738,1.3267424260625136
93,25,2401,92,0.038317367763431906,0.2365038560411311,1.3267424260625136
52,12,2610,151,0.057854406130268196,0.235202492211838,1.325871500373428
12,52,2610,151,0.057854406130268196,0.326133909287257,1.3258715003734278
28,49,1510,47,0.031125827814569535,0.3263888888888889,1.3248581242532855
49,28,1510,47,0.031125827814569535,0.12634408602150538,1.3248581242532855
74,81,2692,34,0.01263001485884101,0.12099644128113879,1.3240748777594538
81,74,2692,34,0.01263001485884101,0.13821138211382114,1.3240748777594538
20,29,2221,40,0.018009905447996397,0.1423487544483986,1.3228308938489257
29,20,2221,40,0.018009905447996397,0.16736401673640167,1.3228308938489255
82,33,2225,95,0.04269662921348315,0.19076305220883535,1.3222672621951983
33,82,2225,95,0.04269662921348315,0.29595015576323985,1.322267262195198
36,28,2219,124,0.0558810274898603,0.13823857302118173,1.3222042824741476
28,36,2219,124,0.0558810274898603,0.5344827586206896,1.3222042824741473
71,27,2220,124,0.055855855855855854,0.23048327137546468,1.3221520993631308
27,71,2220,124,0.055855855855855854,0.32041343669250644,1.3221520993631306
56,74,2358,96,0.04071246819338423,0.11098265895953757,1.3217025748817657
74,56,2358,96,0.04071246819338423,0.48484848484848486,1.3217025748817657
96,27,1498,100,0.06675567423230974,0.2770083102493075,1.3215237221447855
27,96,1498,100,0.06675567423230974,0.3184713375796178,1.3215237221447853
29,42,2221,62,0.027915353444394417,0.2594142259414226,1.3214655867337146
42,29,2221,62,0.027915353444394417,0.14220183486238533,1.3214655867337146
42,56,2355,235,0.09978768577494693,0.4835390946502058,1.3210377817879753
56,42,2355,235,0.09978768577494693,0.27262180974477956,1.321037781787975
52,25,2587,162,0.062620796289138,0.2583732057416268,1.320971310777843
25,52,2587,162,0.062620796289138,0.3201581027667984,1.3209713107778427
31,32,2348,114,0.048551959114139696,0.21714285714285714,1.320858623242043
32,31,2348,114,0.048551959114139696,0.29533678756476683,1.320858623242043
87,14,2662,104,0.03906836964688205,0.09576427255985268,1.3208522982089526
14,87,2662,104,0.03906836964688205,0.538860103626943,1.3208522982089523
12,72,2512,99,0.039410828025477705,0.2397094430992736,1.3205046514591565
72,12,2512,99,0.039410828025477705,0.21710526315789475,1.3205046514591563
29,38,2221,46,0.020711391265195857,0.19246861924686193,1.3193605041582726
38,29,2221,46,0.020711391265195857,0.1419753086419753,1.3193605041582726
7,96,1960,112,0.05714285714285714,0.2751842751842752,1.3187314898806342
96,7,1960,112,0.05714285714285714,0.27383863080684595,1.3187314898806342
6,48,556,32,0.05755395683453238,0.64,1.317925925925926
48,6,556,32,0.05755395683453238,0.11851851851851852,1.317925925925926
41,51,268,38,0.1417910447761194,0.2753623188405797,1.3178053830227743
51,41,268,38,0.1417910447761194,0.6785714285714286,1.3178053830227743
28,30,2220,34,0.015315315315315315,0.14655172413793102,1.3171855367862626
30,28,2220,34,0.015315315315315315,0.13765182186234817,1.3171855367862626
25,56,2355,208,0.08832271762208067,0.48259860788863107,1.3154163444186646
56,25,2355,208,0.08832271762208067,0.24074074074074073,1.3154163444186646
7,12,2676,126,0.04708520179372197,0.24609375,1.3144648203592812
12,7,2676,126,0.04708520179372197,0.25149700598802394,1.3144648203592812
27,44,2220,86,0.03873873873873874,0.2222222222222222,1.3120567375886525
44,27,2220,86,0.03873873873873874,0.22872340425531915,1.3120567375886525
16,37,1080,36,0.03333333333333333,0.16143497757847533,1.3109005698101757
37,16,1080,36,0.03333333333333333,0.2706766917293233,1.3109005698101754
22,18,1672,115,0.0687799043062201,0.48523206751054854,1.310675309980028
18,22,1672,115,0.0687799043062201,0.18578352180936994,1.3106753099800275
33,87,2225,155,0.0696629213483146,0.48286604361370716,1.3102157890737787
87,33,2225,155,0.0696629213483146,0.18902439024390244,1.3102157890737784
25,90,2649,106,0.04001510003775009,0.20662768031189083,1.3094658496320546
90,25,2649,106,0.04001510003775009,0.2535885167464115,1.3094658496320546
11,67,2699,75,0.027788069655427936,0.15368852459016394,1.308534157314992
67,11,2699,75,0.027788069655427936,0.23659305993690852,1.308534157314992
16,46,2700,47,0.017407407407407406,0.07899159663865546,1.308449760272207
46,16,2700,47,0.017407407407407406,0.2883435582822086,1.308449760272207
32,71,2219,105,0.0473186119873817,0.31722054380664655,1.3083873358865217
71,32,2219,105,0.0473186119873817,0.19516728624535315,1.3083873358865215
50,71,636,41,0.06446540880503145,0.23837209302325582,1.3069366479550923
71,50,636,41,0.06446540880503145,0.35344827586206895,1.3069366479550921
26,97,2271,56,0.024658740642888595,0.17721518987341772,1.306674338319908
97,26,2271,56,0.024658740642888595,0.18181818181818182,1.306674338319908
27,49,1510,74,0.04900662251655629,0.3217391304347826,1.3059841047218326
49,27,1510,74,0.04900662251655629,0.1989247311827957,1.3059841047218326
56,67,2359,128,0.05426027977956761,0.14780600461893764,1.3058964977381045
67,56,2359,128,0.05426027977956761,0.4794007490636704,1.3058964977381045
14,48,556,26,0.046762589928057555,0.6341463414634146,1.3058717253839205
48,14,556,26,0.046762589928057555,0.0962962962962963,1.3058717253839205
55,56,2216,100,0.04512635379061372,0.4672897196261682,1.3058184346678297
56,55,2216,100,0.04512635379061372,0.12610340479192939,1.3058184346678297
29,31,2221,67,0.030166591625393965,0.2803347280334728,1.3052902116610967
31,29,2221,67,0.030166591625393965,0.14046121593291405,1.3052902116610967
35,46,2220,43,0.01936936936936937,0.07992565055762081,1.3046687076317516
46,35,2220,43,0.01936936936936937,0.3161764705882353,1.3046687076317516
19,67,1542,50,0.0324254215304799,0.1404494382022472,1.3046568295654528
67,19,1542,50,0.0324254215304799,0.30120481927710846,1.3046568295654528
29,36,2219,126,0.056782334384858045,0.5271966527196653,1.3041799023243448
36,29,2219,126,0.056782334384858045,0.14046822742474915,1.3041799023243446
5,9,2571,140,0.054453520031116295,0.2910602910602911,1.3036864256376453
9,5,2571,140,0.054453520031116295,0.24390243902439024,1.303686425637645
20,90,2426,79,0.0325638911788953,0.21763085399449036,1.3036356834336633
90,20,2426,79,0.0325638911788953,0.19506172839506172,1.3036356834336633
12,38,2676,112,0.04185351270553064,0.22355289421157684,1.3033279845537682
38,12,2676,112,0.04185351270553064,0.2440087145969499,1.3033279845537682
25,71,2220,120,0.05405405405405406,0.3157894736842105,1.303071805908824
71,25,2220,120,0.05405405405405406,0.22304832713754646,1.303071805908824
31,6,2390,82,0.03430962343096234,0.15101289134438306,1.3029632141266265
6,31,2390,82,0.03430962343096234,0.296028880866426,1.3029632141266263
31,44,2225,106,0.04764044943820225,0.22129436325678498,1.3025924821331918
44,31,2225,106,0.04764044943820225,0.2804232804232804,1.3025924821331918
23,87,2291,155,0.06765604539502401,0.48589341692789967,1.301967038809144
87,23,2291,155,0.06765604539502401,0.18128654970760233,1.301967038809144
1,72,2512,112,0.044585987261146494,0.23628691983122363,1.3016507513509512
72,1,2512,112,0.044585987261146494,0.24561403508771928,1.301650751350951
74,87,2654,147,0.055388093443858324,0.5287769784172662,1.3006247458011349
87,74,2654,147,0.055388093443858324,0.13623725671918444,1.3006247458011349
22,49,1510,49,0.03245033112582781,0.3202614379084967,1.2999859441984678
49,22,1510,49,0.03245033112582781,0.13172043010752688,1.2999859441984678
22,83,1975,44,0.022278481012658228,0.20465116279069767,1.2996335900695433
83,22,1975,44,0.022278481012658228,0.1414790996784566,1.2996335900695433
52,14,2610,62,0.02375478927203065,0.09657320872274143,1.299258117352346
14,52,2610,62,0.02375478927203065,0.31958762886597936,1.2992581173523459
31,92,2464,113,0.04586038961038961,0.19550173010380623,1.2984265848403733
92,31,2464,113,0.04586038961038961,0.3045822102425876,1.2984265848403733
33,91,2225,50,0.02247191011235955,0.1557632398753894,1.2980269989615785
91,33,2225,50,0.02247191011235955,0.18726591760299627,1.2980269989615785
10,91,2700,65,0.024074074074074074,0.13742071881606766,1.2973284643474918
91,10,2700,65,0.024074074074074074,0.22727272727272727,1.2973284643474918
30,56,2208,114,0.051630434782608696,0.4634146341463415,1.2968561624779746
56,30,2208,114,0.051630434782608696,0.1444866920152091,1.2968561624779744
27,16,2238,120,0.05361930294906166,0.3076923076923077,1.2968274663189918
16,27,2238,120,0.05361930294906166,0.22598870056497175,1.2968274663189916
1,30,2220,61,0.027477477477477478,0.14420803782505912,1.296120825796078
30,1,2220,61,0.027477477477477478,0.24696356275303644,1.2961208257960777
87,27,2238,187,0.0835567470956211,0.22584541062801933,1.2960052025269417
27,87,2238,187,0.0835567470956211,0.4794871794871795,1.2960052025269415
24,58,1722,107,0.062137049941927994,0.40074906367041196,1.2947277441659464
58,24,1722,107,0.062137049941927994,0.20075046904315197,1.2947277441659464
74,82,2692,90,0.033432392273402674,0.3202846975088968,1.294604212753679
82,74,2692,90,0.033432392273402674,0.13513513513513514,1.294604212753679
60,97,2040,98,0.04803921568627451,0.14714714714714713,1.2938800869835352
97,60,2040,98,0.04803921568627451,0.4224137931034483,1.2938800869835352
26,38,2353,72,0.03059923501912452,0.21428571428571427,1.292857142857143
38,26,2353,72,0.03059923501912452,0.18461538461538463,1.292857142857143
18,12,1944,202,0.10390946502057613,0.27114093959731544,1.2919068298460326
12,18,1944,202,0.10390946502057613,0.4950980392156863,1.2919068298460323
18,25,1920,203,0.10572916666666667,0.2761904761904762,1.2902328814737576
25,18,1920,203,0.10572916666666667,0.49391727493917276,1.2902328814737574
42,71,2220,136,0.06126126126126126,0.31264367816091954,1.2900910139725676
71,42,2220,136,0.06126126126126126,0.2527881040892193,1.2900910139725676
16,1,2700,160,0.05925925925925926,0.2689075630252101,1.2896099825365315
1,16,2700,160,0.05925925925925926,0.2841918294849023,1.2896099825365313
28,44,2227,51,0.022900763358778626,0.21888412017167383,1.2895633217521631
44,28,2227,51,0.022900763358778626,0.1349206349206349,1.2895633217521627
23,58,1722,73,0.042392566782810684,0.3989071038251366,1.2887767969735182
58,23,1722,73,0.042392566782810684,0.13696060037523453,1.2887767969735182
6,81,2472,38,0.015372168284789644,0.12666666666666668,1.2885596707818932
81,6,2472,38,0.015372168284789644,0.15637860082304528,1.2885596707818932
30,58,1722,65,0.03774680603948897,0.3987730061349693,1.2883435582822085
58,30,1722,65,0.03774680603948897,0.12195121951219512,1.2883435582822085
12,95,2676,41,0.015321375186846039,0.08183632734530938,1.2882000704473406
95,12,2676,41,0.015321375186846039,0.2411764705882353,1.2882000704473406
9,97,2558,93,0.03635652853792025,0.1570945945945946,1.2879742723492724
97,9,2558,93,0.03635652853792025,0.2980769230769231,1.2879742723492724
81,3,2700,38,0.014074074074074074,0.15447154471544716,1.2872628726287263
3,81,2700,38,0.014074074074074074,0.11728395061728394,1.287262872628726
85,92,2515,77,0.03061630218687873,0.1934673366834171,1.2872231528010425
92,85,2515,77,0.03061630218687873,0.2037037037037037,1.287223152801042
1,81,2700,66,0.024444444444444446,0.1172291296625222,1.2866611792228047
81,1,2700,66,0.024444444444444446,0.2682926829268293,1.2866611792228047
85,82,2515,125,0.04970178926441352,0.314070351758794,1.2864608056569495
82,85,2515,125,0.04970178926441352,0.20358306188925082,1.2864608056569493
51,31,271,21,0.07749077490774908,0.375,1.2863924050632911
31,51,271,21,0.07749077490774908,0.26582278481012656,1.286392405063291
7,90,2700,104,0.03851851851851852,0.19961612284069097,1.2863091447968154
90,7,2700,104,0.03851851851851852,0.24821002386634844,1.2863091447968154
9,18,1908,228,0.11949685534591195,0.4892703862660944,1.2858510977902315
18,9,1908,228,0.11949685534591195,0.3140495867768595,1.2858510977902315
32,91,2428,60,0.02471169686985173,0.14563106796116504,1.2857899382171225
91,32,2428,60,0.02471169686985173,0.21818181818181817,1.2857899382171225
24,35,2220,129,0.05810810810810811,0.3115942028985507,1.285760465492161
35,24,2220,129,0.05810810810810811,0.23977695167286245,1.2857604654921608
52,33,2225,91,0.04089887640449438,0.18533604887983707,1.2846501830455996
33,52,2225,91,0.04089887640449438,0.2834890965732087,1.2846501830455994
7,85,2515,92,0.03658051689860835,0.20309050772626933,1.2833483088732847
85,7,2515,92,0.03658051689860835,0.23115577889447236,1.2833483088732847
22,48,556,43,0.07733812949640288,0.6231884057971014,1.2833064949006978
48,22,556,43,0.07733812949640288,0.15925925925925927,1.2833064949006978
28,83,2320,50,0.021551724137931036,0.1968503937007874,1.2828452623197382
83,28,2320,50,0.021551724137931036,0.1404494382022472,1.2828452623197382
20,54,1867,35,0.018746652383502947,0.1724137931034483,1.2824563813710677
54,20,1867,35,0.018746652383502947,0.1394422310756972,1.2824563813710672
3,25,2649,71,0.026802567006417515,0.24825174825174826,1.2819081503292031
25,3,2649,71,0.026802567006417515,0.13840155945419103,1.281908150329203
49,85,1510,60,0.039735099337748346,0.16129032258064516,1.2818336162988115
85,49,1510,60,0.039735099337748346,0.3157894736842105,1.2818336162988115
18,28,1887,97,0.05140434552199258,0.13585434173669467,1.281785714285714
28,18,1887,97,0.05140434552199258,0.485,1.281785714285714
16,35,2220,164,0.07387387387387387,0.3106060606060606,1.281683001013856
35,16,2220,164,0.07387387387387387,0.3048327137546468,1.2816830010138558
9,91,2640,84,0.031818181818181815,0.13592233009708737,1.2815533980582523
91,9,2640,84,0.031818181818181815,0.3,1.2815533980582523
32,49,1509,63,0.041749502982107355,0.315,1.2812264150943395
49,32,1509,63,0.041749502982107355,0.16981132075471697,1.2812264150943395
38,55,2327,48,0.020627417275461968,0.1293800539083558,1.2811378104031657
55,38,2327,48,0.020627417275461968,0.20425531914893616,1.2811378104031657
26,93,2105,59,0.028028503562945367,0.21532846715328466,1.2804136253041363
93,26,2105,59,0.028028503562945367,0.16666666666666666,1.280413625304136
74,90,2692,56,0.020802377414561663,0.199288256227758,1.2803913741411086
90,74,2692,56,0.020802377414561663,0.13365155131264916,1.2803913741411086
83,87,2411,180,0.07465781833264205,0.5070422535211268,1.2800825897795147
87,83,2411,180,0.07465781833264205,0.18848167539267016,1.2800825897795147
54,19,1300,54,0.04153846153846154,0.2983425414364641,1.2800175045128823
19,54,1300,54,0.04153846153846154,0.1782178217821782,1.280017504512882
12,28,2571,62,0.024115130299494362,0.1393258426966292,1.2793097913322633
28,12,2571,62,0.024115130299494362,0.22142857142857142,1.279309791332263
10,48,556,41,0.0737410071942446,0.6212121212121212,1.2792368125701459
48,10,556,41,0.0737410071942446,0.15185185185185185,1.2792368125701459
1,97,2618,83,0.03170359052711994,0.15229357798165138,1.2778993178075748
97,1,2618,83,0.03170359052711994,0.266025641025641,1.2778993178075746
6,92,2472,58,0.023462783171521034,0.19333333333333333,1.277860962566845
92,6,2472,58,0.023462783171521034,0.15508021390374332,1.277860962566845
10,31,2464,110,0.044642857142857144,0.2997275204359673,1.2777311597823935
31,10,2464,110,0.044642857142857144,0.1903114186851211,1.2777311597823935
34,82,2222,98,0.04410441044104411,0.28405797101449276,1.2776858534295605
82,34,2222,98,0.04410441044104411,0.19838056680161945,1.2776858534295605
60,92,2080,109,0.052403846153846155,0.1595900439238653,1.2767203513909224
92,60,2080,109,0.052403846153846155,0.41923076923076924,1.2767203513909224
24,94,1614,63,0.03903345724907063,0.24045801526717558,1.2766422257934915
94,24,1614,63,0.03903345724907063,0.20723684210526316,1.2766422257934913
9,96,1900,136,0.07157894736842105,0.26666666666666666,1.276238455079765
96,9,1900,136,0.07157894736842105,0.3425692695214106,1.276238455079765
33,36,2219,164,0.07390716538981523,0.5157232704402516,1.275797031334357
36,33,2219,164,0.07390716538981523,0.18283166109253066,1.275797031334357
34,58,1722,90,0.05226480836236934,0.39473684210526316,1.2753036437246963
58,34,1722,90,0.05226480836236934,0.16885553470919323,1.2753036437246963
54,72,1867,43,0.023031601499732192,0.17131474103585656,1.2742813606133236
72,54,1867,43,0.023031601499732192,0.17131474103585656,1.2742813606133236
23,54,1867,37,0.01981788966256026,0.1712962962962963,1.2741441640844033
54,23,1867,37,0.01981788966256026,0.14741035856573706,1.2741441640844031
28,38,2571,57,0.022170361726954493,0.20357142857142857,1.2734358706986444
38,28,2571,57,0.022170361726954493,0.1386861313868613,1.2734358706986444
6,91,2472,42,0.01699029126213592,0.14,1.2723529411764707
91,6,2472,42,0.01699029126213592,0.15441176470588236,1.2723529411764707
60,21,2080,66,0.03173076923076923,0.09663250366032211,1.2721240988194304
21,60,2080,66,0.03173076923076923,0.4177215189873418,1.2721240988194302
33,38,2225,60,0.02696629213483146,0.18691588785046728,1.2718282888907944
38,33,2225,60,0.02696629213483146,0.1834862385321101,1.2718282888907941
26,85,2232,50,0.022401433691756272,0.17543859649122806,1.2713602187286397
85,26,2232,50,0.022401433691756272,0.16233766233766234,1.2713602187286397
18,4,1958,22,0.011235955056179775,0.029216467463479414,1.2712409620776155
4,18,1958,22,0.011235955056179775,0.4888888888888889,1.2712409620776153
24,80,1877,113,0.06020245071923282,0.38047138047138046,1.2707202511472973
80,24,1877,113,0.06020245071923282,0.20106761565836298,1.2707202511472973
56,32,2273,163,0.07171139463264409,0.1973365617433414,1.2706685689592494
32,56,2273,163,0.07171139463264409,0.46175637393767704,1.2706685689592492
54,87,1867,113,0.06052490626673808,0.450199203187251,1.2696705624631384
87,54,1867,113,0.06052490626673808,0.17069486404833836,1.2696705624631384
30,35,2220,76,0.03423423423423423,0.3076923076923077,1.2696597083214185
35,30,2220,76,0.03423423423423423,0.1412639405204461,1.2696597083214185
11,92,2699,87,0.0322341608002964,0.17827868852459017,1.2695888663004455
92,11,2699,87,0.0322341608002964,0.22955145118733508,1.2695888663004453
20,96,1686,90,0.05338078291814947,0.28753993610223644,1.2690898750480908
96,20,1686,90,0.05338078291814947,0.2356020942408377,1.2690898750480906
12,54,1867,37,0.01981788966256026,0.17050691244239632,1.2682725319918484
54,12,1867,37,0.01981788966256026,0.14741035856573706,1.2682725319918484
30,52,2220,69,0.031081081081081083,0.2793522267206478,1.2682248329649042
52,30,2220,69,0.031081081081081083,0.1411042944785276,1.268224832964904
29,16,2221,72,0.03241782980639352,0.301255230125523,1.2672118676302777
16,29,2221,72,0.03241782980639352,0.13636363636363635,1.2672118676302775
18,79,1958,38,0.01940755873340143,0.05046480743691899,1.2667960636088125
79,18,1958,38,0.01940755873340143,0.48717948717948717,1.2667960636088125
38,67,2700,70,0.025925925925925925,0.14861995753715498,1.2658482187707207
67,38,2700,70,0.025925925925925925,0.22082018927444794,1.2658482187707205
32,95,2428,35,0.014415156507413509,0.08495145631067962,1.265411876824111
95,32,2428,35,0.014415156507413509,0.2147239263803681,1.265411876824111
9,49,1510,77,0.05099337748344371,0.3117408906882591,1.2653998519872884
49,9,1510,77,0.05099337748344371,0.20698924731182797,1.2653998519872884
93,58,1671,111,0.06642728904847396,0.3881118881118881,1.2642007115691327
58,93,1671,111,0.06642728904847396,0.21637426900584794,1.2642007115691325
32,90,2428,89,0.036655683690280064,0.21601941747572814,1.263843724412212
90,32,2428,89,0.036655683690280064,0.21445783132530122,1.263843724412212
34,44,2221,74,0.033318325078793336,0.2144927536231884,1.2636297235997385
44,34,2221,74,0.033318325078793336,0.1962864721485411,1.2636297235997385
5,11,2618,110,0.04201680672268908,0.22633744855967078,1.2634359068853265
11,5,2618,110,0.04201680672268908,0.2345415778251599,1.2634359068853265
2,36,2219,24,0.010815682739972961,0.5106382978723404,1.2632178182594462
36,2,2219,24,0.010815682739972961,0.026755852842809364,1.2632178182594462
49,37,1020,29,0.028431372549019607,0.13488372093023257,1.2622146362278646
37,49,1020,29,0.028431372549019607,0.26605504587155965,1.2622146362278643
6,27,2229,53,0.023777478689995513,0.22083333333333333,1.2621474358974358
27,6,2229,53,0.023777478689995513,0.1358974358974359,1.2621474358974358
27,12,2238,69,0.030831099195710455,0.17692307692307693,1.2609995100440963
12,27,2238,69,0.030831099195710455,0.2197452229299363,1.260999510044096
18,17,1955,62,0.031713554987212275,0.08255659121171771,1.2609229360852199
17,18,1955,62,0.031713554987212275,0.484375,1.2609229360852197
32,38,2428,83,0.03418451400329489,0.20145631067961164,1.2606595936342708
38,32,2428,83,0.03418451400329489,0.21391752577319587,1.2606595936342706
12,49,1510,59,0.0390728476821192,0.3105263157894737,1.2604697226938315
49,12,1510,59,0.0390728476821192,0.1586021505376344,1.2604697226938313
6,49,1508,46,0.03050397877984085,0.3108108108108108,1.2599535018889858
49,6,1508,46,0.03050397877984085,0.12365591397849462,1.2599535018889858
42,90,2669,120,0.04496065942300487,0.19769357495881384,1.259293917816406
90,42,2669,120,0.04496065942300487,0.2863961813842482,1.259293917816406
17,41,2209,60,0.027161611588954276,0.5504587155963303,1.258761182973389
41,17,2209,60,0.027161611588954276,0.062111801242236024,1.258761182973389
28,6,2466,40,0.016220600162206,0.1520912547528517,1.2585806517467528
6,28,2466,40,0.016220600162206,0.1342281879194631,1.2585806517467526
27,82,2238,109,0.04870420017873101,0.2794871794871795,1.2585358303668164
82,27,2238,109,0.04870420017873101,0.2193158953722334,1.2585358303668162
1,71,2220,129,0.05810810810810811,0.3049645390070922,1.2584038598433915
71,1,2220,129,0.05810810810810811,0.23977695167286245,1.2584038598433915
30,82,2220,69,0.031081081081081083,0.2793522267206478,1.2579349763079881
82,30,2220,69,0.031081081081081083,0.13995943204868155,1.2579349763079881
49,25,1510,66,0.04370860927152318,0.1774193548387097,1.2577616235044677
25,49,1510,66,0.04370860927152318,0.30985915492957744,1.2577616235044675
83,34,1971,50,0.025367833587011668,0.1607717041800643,1.2574644005512174
34,83,1971,50,0.025367833587011668,0.1984126984126984,1.2574644005512172
72,83,2261,68,0.03007518796992481,0.1883656509695291,1.256326657351343
83,72,2261,68,0.03007518796992481,0.20058997050147492,1.256326657351343
32,81,2428,52,0.0214168039538715,0.1262135922330097,1.255928696482572
81,32,2428,52,0.0214168039538715,0.21311475409836064,1.2559286964825718
12,11,2676,110,0.04110612855007474,0.21956087824351297,1.2554378422641896
11,12,2676,110,0.04110612855007474,0.23504273504273504,1.2554378422641894
58,83,1669,98,0.05871779508687837,0.19103313840155944,1.2552531810716643
83,58,1669,98,0.05871779508687837,0.3858267716535433,1.2552531810716643
71,37,1080,36,0.03333333333333333,0.15450643776824036,1.2546387427796961
37,71,1080,36,0.03333333333333333,0.2706766917293233,1.254638742779696
1,98,2295,132,0.05751633986928104,0.2732919254658385,1.2544099378881988
98,1,2295,132,0.05751633986928104,0.264,1.2544099378881988
42,72,2506,121,0.04828411811652035,0.22574626865671643,1.2543684018929744
72,42,2506,121,0.04828411811652035,0.2682926829268293,1.2543684018929742
67,71,2220,75,0.033783783783783786,0.30364372469635625,1.2529536595277155
71,67,2220,75,0.033783783783783786,0.13940520446096655,1.2529536595277155
38,49,1510,58,0.038410596026490065,0.30851063829787234,1.2522878059940517
49,38,1510,58,0.038410596026490065,0.15591397849462366,1.2522878059940517
28,46,2571,21,0.008168028004667444,0.075,1.2521103896103896
46,28,2571,21,0.008168028004667444,0.13636363636363635,1.2521103896103896
24,87,2221,191,0.08599729851418281,0.4613526570048309,1.2511163018409395
87,24,2221,191,0.08599729851418281,0.23321123321123322,1.2511163018409395
20,31,2293,89,0.03881378107283035,0.279874213836478,1.2509777238343938
31,20,2293,89,0.03881378107283035,0.17348927875243664,1.2509777238343935
87,34,2222,159,0.07155715571557156,0.19413919413919414,1.250368954716781
34,87,2222,159,0.07155715571557156,0.4608695652173913,1.2503689547167807
20,28,2308,43,0.018630849220103985,0.13271604938271606,1.2502393550012598
28,20,2308,43,0.018630849220103985,0.17551020408163265,1.2502393550012596
19,33,1542,58,0.03761348897535668,0.16292134831460675,1.2498742243836996
33,19,1542,58,0.03761348897535668,0.2885572139303483,1.2498742243836996
20,49,1510,48,0.031788079470198675,0.3076923076923077,1.2489660876757651
49,20,1510,48,0.031788079470198675,0.12903225806451613,1.2489660876757651
35,9,2220,125,0.05630630630630631,0.23234200743494424,1.2489086113936472
9,35,2220,125,0.05630630630630631,0.3026634382566586,1.248908611393647
11,93,2451,81,0.033047735618115054,0.19852941176470587,1.2476809954751131
93,11,2451,81,0.033047735618115054,0.2076923076923077,1.2476809954751131
34,71,2220,104,0.04684684684684685,0.3023255813953488,1.247514480850696
71,34,2220,104,0.04684684684684685,0.19330855018587362,1.247514480850696
60,91,2080,86,0.041346153846153845,0.1259150805270864,1.2471588928397128
91,60,2080,86,0.041346153846153845,0.4095238095238095,1.2471588928397128
9,52,2597,179,0.06892568348093954,0.30390492359932086,1.246826361117593
52,9,2597,179,0.06892568348093954,0.28278041074249605,1.246826361117593
28,96,1831,59,0.03222282905516111,0.26339285714285715,1.2461817091177556
96,28,1831,59,0.03222282905516111,0.1524547803617571,1.2461817091177556
7,71,2220,115,0.0518018018018018,0.30183727034120733,1.2454995170213388
71,7,2220,115,0.0518018018018018,0.2137546468401487,1.2454995170213388
23,52,2289,89,0.03888160768894714,0.2807570977917981,1.245451544274081
52,23,2289,89,0.03888160768894714,0.17248062015503876,1.245451544274081
5,87,2611,242,0.09268479509766372,0.5041666666666667,1.2453918322295805
87,5,2611,242,0.09268479509766372,0.22894985808893092,1.2453918322295805
16,92,2700,104,0.03851851851851852,0.17478991596638654,1.2452052060929912
92,16,2700,104,0.03851851851851852,0.27440633245382584,1.2452052060929912
28,35,2220,70,0.03153153153153153,0.3017241379310345,1.245032688116908
35,28,2220,70,0.03153153153153153,0.13011152416356878,1.245032688116908
23,49,1510,46,0.030463576158940398,0.30666666666666664,1.2448028673835125
49,23,1510,46,0.030463576158940398,0.12365591397849462,1.2448028673835125
5,52,2555,146,0.05714285714285714,0.3067226890756303,1.2439309056956118
52,5,2555,146,0.05714285714285714,0.23174603174603176,1.2439309056956116
24,56,2208,184,0.08333333333333333,0.4444444444444444,1.2437684833122096
56,24,2208,184,0.08333333333333333,0.2332065906210393,1.2437684833122096
9,38,2640,130,0.04924242424242424,0.21035598705501618,1.2423709302578136
38,9,2640,130,0.04924242424242424,0.29082774049217003,1.2423709302578136
26,36,2219,140,0.06309148264984227,0.5017921146953405,1.241334116509432
36,26,2219,140,0.06309148264984227,0.15607580824972128,1.241334116509432
85,91,2515,54,0.02147117296222664,0.135678391959799,1.2408405664687072
91,85,2515,54,0.02147117296222664,0.19636363636363635,1.240840566468707
27,52,2238,107,0.04781054512957998,0.2743589743589744,1.2404351204351205
52,27,2238,107,0.04781054512957998,0.21616161616161617,1.2404351204351205
74,92,2692,49,0.018202080237741457,0.17437722419928825,1.2385843998535198
92,74,2692,49,0.018202080237741457,0.12928759894459102,1.2385843998535195
17,58,1722,23,0.013356562137049941,0.38333333333333336,1.2384615384615385
58,17,1722,23,0.013356562137049941,0.043151969981238276,1.2384615384615385
33,49,1510,54,0.03576158940397351,0.3050847457627119,1.2383816293056316
49,33,1510,54,0.03576158940397351,0.14516129032258066,1.2383816293056316
30,67,2220,34,0.015315315315315315,0.13765182186234817,1.2371945122850727
67,30,2220,34,0.015315315315315315,0.13765182186234817,1.2371945122850727
37,44,1080,23,0.021296296296296296,0.17293233082706766,1.236867001941941
44,37,1080,23,0.021296296296296296,0.152317880794702,1.236867001941941
35,67,2220,74,0.03333333333333333,0.137546468401487,1.2362476107340126
67,35,2220,74,0.03333333333333333,0.29959514170040485,1.2362476107340126
10,38,2700,102,0.03777777777777778,0.2156448202959831,1.2361804985120048
38,10,2700,102,0.03777777777777778,0.21656050955414013,1.2361804985120048
48,28,556,21,0.03776978417266187,0.07777777777777778,1.2355555555555557
28,48,556,21,0.03776978417266187,0.6,1.2355555555555555
19,23,1542,59,0.03826199740596628,0.16573033707865167,1.2345709167887966
23,19,1542,59,0.03826199740596628,0.28502415458937197,1.2345709167887966
87,90,2662,211,0.07926371149511645,0.19429097605893186,1.2343736951524502
90,87,2662,211,0.07926371149511645,0.5035799522673031,1.2343736951524502
14,58,1722,34,0.019744483159117306,0.38202247191011235,1.2342264477095937
58,14,1722,34,0.019744483159117306,0.06378986866791744,1.2342264477095937
29,81,2221,32,0.014407924358397118,0.13389121338912133,1.2339103109428984
81,29,2221,32,0.014407924358397118,0.13278008298755187,1.2339103109428984
46,87,2662,82,0.030803906836964687,0.5030674846625767,1.2331175360697781
87,46,2662,82,0.030803906836964687,0.07550644567219153,1.2331175360697781
33,71,2220,95,0.04279279279279279,0.29874213836477986,1.2327277828435155
71,33,2220,95,0.04279279279279279,0.17657992565055763,1.2327277828435155
71,93,1972,97,0.049188640973630834,0.2199546485260771,1.2322459286745002
93,71,1972,97,0.049188640973630834,0.2755681818181818,1.2322459286745002
25,87,2613,254,0.09720627631075392,0.5019762845849802,1.231609419362022
87,25,2613,254,0.09720627631075392,0.23849765258215963,1.231609419362022
29,93,1973,47,0.02382159148504815,0.21962616822429906,1.2310296304163126
93,29,1973,47,0.02382159148504815,0.13352272727272727,1.2310296304163126
42,81,2669,68,0.025477707006369428,0.11202635914332784,1.2304458952820658
81,42,2669,68,0.025477707006369428,0.27983539094650206,1.2304458952820658
25,36,2219,189,0.08517350157728706,0.49736842105263157,1.2303907762717832
36,25,2219,189,0.08517350157728706,0.21070234113712374,1.230390776271783
50,83,629,32,0.05087440381558029,0.19161676646706588,1.2298667970182087
83,50,629,32,0.05087440381558029,0.32653061224489793,1.2298667970182084
30,55,2220,29,0.013063063063063063,0.11740890688259109,1.2294706286761898
55,30,2220,29,0.013063063063063063,0.13679245283018868,1.2294706286761896
67,87,2662,159,0.05972952667167543,0.501577287066246,1.2294647681126583
87,67,2662,159,0.05972952667167543,0.1464088397790055,1.2294647681126583
58,26,1722,70,0.04065040650406504,0.13133208255159476,1.2290969899665554
26,58,1722,70,0.04065040650406504,0.3804347826086957,1.2290969899665551
22,52,2225,78,0.0350561797752809,0.27177700348432055,1.2290728307979943
52,22,2225,78,0.0350561797752809,0.15853658536585366,1.2290728307979943
21,11,2699,40,0.014820303816228233,0.2222222222222222,1.2290528233151183
11,21,2699,40,0.014820303816228233,0.08196721311475409,1.2290528233151181
26,49,1510,46,0.030463576158940398,0.3026315789473684,1.2284238822863611
49,26,1510,46,0.030463576158940398,0.12365591397849462,1.2284238822863611
6,18,1815,106,0.05840220385674931,0.4588744588744589,1.2284028655710073
18,6,1815,106,0.05840220385674931,0.15634218289085547,1.2284028655710073
36,83,1969,161,0.08176739461655663,0.19397590361445782,1.2280982450703135
83,36,1969,161,0.08176739461655663,0.5176848874598071,1.2280982450703135
17,82,2696,54,0.020029673590504452,0.30337078651685395,1.2280595201943516
82,17,2696,54,0.020029673590504452,0.08108108108108109,1.2280595201943516
55,96,1587,49,0.03087586641461878,0.28994082840236685,1.2270295857988165
96,55,1587,49,0.03087586641461878,0.13066666666666665,1.2270295857988165
58,67,1722,60,0.03484320557491289,0.1125703564727955,1.2268743914313536
67,58,1722,60,0.03484320557491289,0.379746835443038,1.2268743914313536
54,81,1867,31,0.016604177825388325,0.12350597609561753,1.2265194540984996
81,54,1867,31,0.016604177825388325,0.16489361702127658,1.2265194540984996
31,49,1510,87,0.0576158940397351,0.3020833333333333,1.226198476702509
49,31,1510,87,0.0576158940397351,0.23387096774193547,1.2261984767025087
71,83,1969,85,0.043169121381411886,0.19362186788154898,1.2258567776809324
83,71,1969,85,0.043169121381411886,0.2733118971061093,1.2258567776809322
2,87,2662,32,0.012021036814425245,0.5,1.225598526703499
87,2,2662,32,0.012021036814425245,0.029465930018416207,1.225598526703499
1,90,2700,107,0.03962962962962963,0.19005328596802842,1.224687045617367
90,1,2700,107,0.03962962962962963,0.2553699284009546,1.2246870456173669
28,41,2203,124,0.05628688152519292,0.5367965367965368,1.2241850626943795
41,28,2203,124,0.05628688152519292,0.12836438923395446,1.2241850626943795
91,1,2700,73,0.027037037037037037,0.25524475524475526,1.2240867480654338
1,91,2700,73,0.027037037037037037,0.12966252220248667,1.2240867480654336
59,82,2528,23,0.009098101265822785,0.2987012987012987,1.2238523227178009
82,59,2528,23,0.009098101265822785,0.03727714748784441,1.2238523227178009
16,90,2700,113,0.04185185185185185,0.1899159663865546,1.2238021700326909
90,16,2700,113,0.04185185185185185,0.26968973747016706,1.2238021700326909
55,80,1983,60,0.030257186081694403,0.3468208092485549,1.2237467344126056
80,55,1983,60,0.030257186081694403,0.10676156583629894,1.2237467344126056
58,96,1074,100,0.0931098696461825,0.26881720430107525,1.223346090759978
96,58,1074,100,0.0931098696461825,0.423728813559322,1.223346090759978
46,80,2356,34,0.014431239388794566,0.2982456140350877,1.2220289855072464
80,46,2356,34,0.014431239388794566,0.059130434782608696,1.2220289855072464
5,31,2437,126,0.051702913418137056,0.28,1.2206797853309483
31,5,2437,126,0.051702913418137056,0.22540250447227192,1.2206797853309481
67,54,1867,31,0.016604177825388325,0.164021164021164,1.2200299331773437
54,67,1867,31,0.016604177825388325,0.12350597609561753,1.2200299331773434
29,92,2221,48,0.021611886537595677,0.200836820083682,1.218739282529666
92,29,2221,48,0.021611886537595677,0.13114754098360656,1.218739282529666
1,85,2515,91,0.03618290258449304,0.19279661016949154,1.2183001873775658
85,1,2515,91,0.03618290258449304,0.228643216080402,1.2183001873775658
16,83,2449,92,0.037566353613719884,0.17794970986460348,1.217315194017916
83,16,2449,92,0.037566353613719884,0.2569832402234637,1.2173151940179159
19,42,1542,84,0.054474708171206226,0.23595505617977527,1.2168652061177707
42,19,1542,84,0.054474708171206226,0.2809364548494983,1.2168652061177707
93,60,1911,119,0.06227106227106227,0.39403973509933776,1.2164942387315583
60,93,1911,119,0.06227106227106227,0.19224555735056542,1.216494238731558
16,20,2426,101,0.0416323165704864,0.18198198198198198,1.2162211798575435
20,16,2426,101,0.0416323165704864,0.27823691460055094,1.2162211798575433
50,12,636,24,0.03773584905660377,0.13953488372093023,1.2156737814590635
12,50,636,24,0.03773584905660377,0.3287671232876712,1.2156737814590632
85,50,636,23,0.036163522012578615,0.32857142857142857,1.214950166112957
50,85,636,23,0.036163522012578615,0.13372093023255813,1.2149501661129567
1,92,2700,96,0.035555555555555556,0.1705150976909414,1.2147513555819045
92,1,2700,96,0.035555555555555556,0.2532981530343008,1.2147513555819045
33,98,1820,77,0.04230769230769231,0.3168724279835391,1.2141217240632445
98,33,1820,77,0.04230769230769231,0.16210526315789472,1.2141217240632445
7,91,2700,67,0.024814814814814814,0.12859884836852206,1.214045072010523
91,7,2700,67,0.024814814814814814,0.23426573426573427,1.214045072010523
31,7,2464,125,0.05073051948051948,0.21626297577854672,1.2138313720235516
7,31,2464,125,0.05073051948051948,0.2847380410022779,1.2138313720235514
37,18,827,51,0.06166868198307134,0.4473684210526316,1.2130284728213978
18,37,827,51,0.06166868198307134,0.16721311475409836,1.2130284728213976
36,37,1080,69,0.06388888888888888,0.14935064935064934,1.2127721902157993
37,36,1080,69,0.06388888888888888,0.518796992481203,1.2127721902157993
67,94,2093,41,0.019589106545628284,0.17672413793103448,1.2127331825890333
94,67,2093,41,0.019589106545628284,0.13442622950819672,1.2127331825890333
30,6,2218,32,0.014427412082957619,0.12955465587044535,1.2124566528297376
6,30,2218,32,0.014427412082957619,0.1350210970464135,1.2124566528297374
80,54,1625,75,0.046153846153846156,0.15889830508474576,1.212252327524469
54,80,1625,75,0.046153846153846156,0.352112676056338,1.2122523275244688
41,79,2209,36,0.016296966953372568,0.037267080745341616,1.2106320789185239
79,41,2209,36,0.016296966953372568,0.5294117647058824,1.2106320789185239
35,91,2220,78,0.03513513513513514,0.1449814126394052,1.209995248343908
91,35,2220,78,0.03513513513513514,0.2932330827067669,1.209995248343908
54,93,1718,47,0.027357392316647265,0.21266968325791855,1.209822900122861
93,54,1718,47,0.027357392316647265,0.15562913907284767,1.2098229001228609
27,58,1722,104,0.06039488966318235,0.37410071942446044,1.20863309352518
58,27,1722,104,0.06039488966318235,0.1951219512195122,1.20863309352518
29,35,2220,70,0.03153153153153153,0.2928870292887029,1.2085672955779192
35,29,2220,70,0.03153153153153153,0.13011152416356878,1.2085672955779192
98,46,2295,30,0.013071895424836602,0.06,1.2078947368421054
46,98,2295,30,0.013071895424836602,0.2631578947368421,1.2078947368421051
87,97,2580,151,0.05852713178294574,0.14603481624758222,1.2075955958934683
97,87,2580,151,0.05852713178294574,0.483974358974359,1.2075955958934683
16,91,2700,76,0.028148148148148148,0.12773109243697478,1.2058529705588528
91,16,2700,76,0.028148148148148148,0.26573426573426573,1.2058529705588528
60,98,1808,140,0.07743362831858407,0.2413793103448276,1.2055629643741665
98,60,1808,140,0.07743362831858407,0.3867403314917127,1.2055629643741665
25,58,1722,97,0.056329849012775844,0.3730769230769231,1.2053254437869823
58,25,1722,97,0.056329849012775844,0.18198874296435272,1.2053254437869823
31,67,2464,80,0.032467532467532464,0.1384083044982699,1.2050814921686823
67,31,2464,80,0.032467532467532464,0.2826855123674912,1.205081492168682
32,11,2428,83,0.03418451400329489,0.20145631067961164,1.2047682816012244
11,32,2428,83,0.03418451400329489,0.2044334975369458,1.2047682816012242
36,82,2219,240,0.10815682739972961,0.26755852842809363,1.204284735460324
82,36,2219,240,0.10815682739972961,0.486815415821501,1.204284735460324
10,87,2662,223,0.08377160030052593,0.4911894273127753,1.2040020768937458
87,10,2662,223,0.08377160030052593,0.20534069981583794,1.2040020768937458
72,87,2498,212,0.08486789431545236,0.4742729306487696,1.2039977446754333
87,72,2498,212,0.08486789431545236,0.21544715447154472,1.2039977446754333
24,36,2219,201,0.09058134294727355,0.48668280871670705,1.2039566917975173
36,24,2219,201,0.09058134294727355,0.22408026755852842,1.203956691797517
9,93,2392,106,0.04431438127090301,0.1962962962962963,1.2039506172839507
93,9,2392,106,0.04431438127090301,0.2717948717948718,1.2039506172839505
23,38,2291,59,0.0257529463116543,0.18495297805642633,1.203770661157025
38,23,2291,59,0.0257529463116543,0.16761363636363635,1.2037706611570247
94,28,1964,40,0.020366598778004074,0.13114754098360656,1.2036157499616977
28,94,1964,40,0.020366598778004074,0.18691588785046728,1.2036157499616975
3,49,1510,24,0.015894039735099338,0.2962962962962963,1.2027080844285145
49,3,1510,24,0.015894039735099338,0.06451612903225806,1.2027080844285145
85,87,2515,192,0.07634194831013917,0.4824120603015075,1.2024443326643126
87,85,2515,192,0.07634194831013917,0.19028741328047571,1.2024443326643126
28,98,2166,68,0.03139427516158818,0.27755102040816326,1.2023510204081633
98,28,2166,68,0.03139427516158818,0.136,1.2023510204081633
41,46,2209,72,0.032593933906745136,0.07453416149068323,1.201795348415469
46,41,2209,72,0.032593933906745136,0.5255474452554745,1.201795348415469
35,93,1972,101,0.051217038539553755,0.21443736730360935,1.2013366145531752
93,35,1972,101,0.051217038539553755,0.2869318181818182,1.201336614553175
26,87,2329,151,0.06483469300128811,0.45209580838323354,1.200605630244642
87,26,2329,151,0.06483469300128811,0.17217787913340935,1.2006056302446417
29,12,2221,39,0.017559657811796487,0.16317991631799164,1.2000748150405942
12,29,2221,39,0.017559657811796487,0.1291390728476821,1.200074815040594
1,35,2220,123,0.05540540540540541,0.2907801418439716,1.1998734477576525
35,1,2220,123,0.05540540540540541,0.22862453531598512,1.1998734477576525
17,60,2076,60,0.028901734104046242,0.39473684210526316,1.1998150574092625
60,17,2076,60,0.028901734104046242,0.08784773060029283,1.1998150574092625
1,56,2359,201,0.08520559559135227,0.43982494529540483,1.1980912770806698
56,1,2359,201,0.08520559559135227,0.23210161662817552,1.1980912770806698
32,35,2219,96,0.043262730959891846,0.29003021148036257,1.1962398499533913
35,32,2219,96,0.043262730959891846,0.17843866171003717,1.196239849953391
5,82,2619,143,0.054600992745322645,0.2936344969199179,1.196001162415653
82,5,2619,143,0.054600992745322645,0.2223950233281493,1.196001162415653
24,45,464,39,0.08405172413793104,0.5,1.1958762886597938
45,24,464,39,0.08405172413793104,0.20103092783505155,1.1958762886597938
26,45,464,29,0.0625,0.5,1.1958762886597938
45,26,464,29,0.0625,0.14948453608247422,1.1958762886597938
67,45,464,28,0.0603448275862069,0.5,1.1958762886597938
45,67,464,28,0.0603448275862069,0.14432989690721648,1.1958762886597936
82,87,2662,318,0.11945905334335086,0.48773006134969327,1.1955224892383824
87,82,2662,318,0.11945905334335086,0.292817679558011,1.1955224892383824
49,67,1510,40,0.026490066225165563,0.10752688172043011,1.193864642631246
67,49,1510,40,0.026490066225165563,0.29411764705882354,1.193864642631246
31,38,2464,105,0.04261363636363636,0.18166089965397925,1.1936332179930798
38,31,2464,105,0.04261363636363636,0.28,1.1936332179930798
12,79,2676,21,0.007847533632286996,0.041916167664670656,1.1932730284112625
79,12,2676,21,0.007847533632286996,0.22340425531914893,1.1932730284112625
32,52,2428,115,0.04736408566721582,0.279126213592233,1.1931662792287707
52,32,2428,115,0.04736408566721582,0.20246478873239437,1.1931662792287707
14,16,2700,51,0.01888888888888889,0.26288659793814434,1.1929307805596465
16,14,2700,51,0.01888888888888889,0.08571428571428572,1.1929307805596465
1,54,1867,55,0.02945902517407606,0.16034985422740525,1.1927218240739665
54,1,1867,55,0.02945902517407606,0.21912350597609562,1.1927218240739665
31,36,2219,229,0.103199639477242,0.48210526315789476,1.192632752449686
36,31,2219,229,0.103199639477242,0.2552954292084727,1.192632752449686
60,19,1124,107,0.09519572953736655,0.2801047120418848,1.1925670315722672
19,60,1124,107,0.09519572953736655,0.4053030303030303,1.192567031572267
36,93,1972,177,0.08975659229208925,0.2127403846153846,1.1918296547202798
93,36,1972,177,0.08975659229208925,0.5028409090909091,1.1918296547202796
7,87,2662,247,0.09278737791134485,0.4862204724409449,1.1918221893534027
87,7,2662,247,0.09278737791134485,0.2274401473296501,1.1918221893534027
28,71,2220,67,0.03018018018018018,0.28879310344827586,1.1916741443404693
71,28,2220,67,0.03018018018018018,0.12453531598513011,1.191674144340469
9,87,2611,291,0.11145155112983532,0.4841930116472546,1.1915437826682203
87,9,2611,291,0.11145155112983532,0.27426955702167766,1.1915437826682203
11,42,2669,126,0.047208692394155115,0.2709677419354839,1.191454535792103
42,11,2669,126,0.047208692394155115,0.20757825370675453,1.191454535792103
48,71,556,81,0.14568345323741008,0.3,1.1914285714285715
71,48,556,81,0.14568345323741008,0.5785714285714286,1.1914285714285715
81,85,2515,46,0.018290258449304174,0.1885245901639344,1.1913048850811434
85,81,2515,46,0.018290258449304174,0.11557788944723618,1.1913048850811434
19,27,1542,66,0.042801556420233464,0.1853932584269663,1.1911516853932584
27,19,1542,66,0.042801556420233464,0.275,1.1911516853932584
46,52,2610,46,0.017624521072796936,0.2929936305732484,1.1911423299005892
52,46,2610,46,0.017624521072796936,0.07165109034267912,1.1911423299005892
2,41,2209,25,0.011317338162064282,0.5208333333333334,1.1910153554175293
41,2,2209,25,0.011317338162064282,0.025879917184265012,1.1910153554175293
27,55,2220,44,0.01981981981981982,0.11369509043927649,1.1905806640339331
55,27,2220,44,0.01981981981981982,0.20754716981132076,1.1905806640339331
27,93,1990,69,0.034673366834170855,0.21296296296296297,1.190439034540158
93,27,1990,69,0.034673366834170855,0.19382022471910113,1.190439034540158
26,41,2206,147,0.06663644605621033,0.519434628975265,1.1898990566141585
41,26,2206,147,0.06663644605621033,0.1526479750778816,1.1898990566141583
52,71,2220,141,0.06351351351351352,0.2883435582822086,1.189819143841084
71,52,2220,141,0.06351351351351352,0.2620817843866171,1.189819143841084
24,41,2200,214,0.09727272727272727,0.5206812652068127,1.1895106785617735
41,24,2200,214,0.09727272727272727,0.2222222222222222,1.1895106785617733
33,41,2200,164,0.07454545454545454,0.5206349206349207,1.1894048031119682
41,33,2200,164,0.07454545454545454,0.1703011422637591,1.1894048031119682
37,56,1079,51,0.047265987025023166,0.38345864661654133,1.1889421830438165
56,37,1079,51,0.047265987025023166,0.14655172413793102,1.1889421830438163
21,80,2356,38,0.016129032258064516,0.2900763358778626,1.1885562562230334
80,21,2356,38,0.016129032258064516,0.06608695652173913,1.1885562562230334
87,42,2640,286,0.10833333333333334,0.2682926829268293,1.1884105418235391
42,87,2640,286,0.10833333333333334,0.4798657718120805,1.188410541823539
17,85,2511,32,0.012743926722421346,0.18823529411764706,1.1875849837422408
85,17,2511,32,0.012743926722421346,0.08040201005025126,1.1875849837422405
32,97,2346,61,0.02600170502983802,0.1564102564102564,1.1875031117749566
97,32,2346,61,0.02600170502983802,0.19741100323624594,1.1875031117749564
28,92,2571,49,0.019058732010890703,0.175,1.1871372031662268
92,28,2571,49,0.019058732010890703,0.12928759894459102,1.1871372031662268
26,48,556,34,0.06115107913669065,0.576271186440678,1.186691776522285
48,26,556,34,0.06115107913669065,0.1259259259259259,1.1866917765222849
10,56,2359,152,0.06443408223823655,0.4355300859598854,1.1863920008999649
56,10,2359,152,0.06443408223823655,0.17551963048498845,1.1863920008999649
74,97,2610,38,0.014559386973180077,0.1417910447761194,1.1861366245694605
97,74,2610,38,0.014559386973180077,0.12179487179487179,1.1861366245694602
38,87,2662,224,0.08414725770097671,0.4838012958963283,1.1858923109355672
87,38,2662,224,0.08414725770097671,0.20626151012891344,1.1858923109355672
36,27,2219,185,0.08337088778729157,0.20624303232998886,1.18563028171048
27,36,2219,185,0.08337088778729157,0.4792746113989637,1.1856302817104798
20,82,2426,102,0.04204451772464963,0.2809917355371901,1.1855407833273446
82,20,2426,102,0.04204451772464963,0.17739130434782607,1.1855407833273446
41,85,2203,158,0.07172038129822969,0.16356107660455488,1.185279775525771
85,41,2203,158,0.07172038129822969,0.5197368421052632,1.185279775525771
56,35,2208,227,0.10280797101449275,0.2877059569074778,1.1851767777084161
35,56,2208,227,0.10280797101449275,0.42350746268656714,1.185176777708416
93,74,2444,45,0.018412438625204582,0.11538461538461539,1.1848739495798322
74,93,2444,45,0.018412438625204582,0.18907563025210083,1.184873949579832
54,22,1867,36,0.0192822710230316,0.14342629482071714,1.1848535063286678
22,54,1867,36,0.0192822710230316,0.1592920353982301,1.1848535063286676
19,95,1542,32,0.020752269779507133,0.0898876404494382,1.184673004897724
95,19,1542,32,0.020752269779507133,0.27350427350427353,1.184673004897724
87,21,2662,86,0.032306536438767845,0.07918968692449356,1.1842862168146173
21,87,2662,86,0.032306536438767845,0.48314606741573035,1.184286216814617
41,96,1487,205,0.1378614660390047,0.2867132867132867,1.1842851592851593
96,41,1487,205,0.1378614660390047,0.5694444444444444,1.1842851592851593
19,20,1542,53,0.03437094682230869,0.14887640449438203,1.1833371944862736
20,19,1542,53,0.03437094682230869,0.27319587628865977,1.1833371944862734
9,85,2514,100,0.03977724741447892,0.18726591760299627,1.1828806956128959
85,9,2514,100,0.03977724741447892,0.25125628140703515,1.1828806956128959
38,91,2700,59,0.02185185185185185,0.12526539278131635,1.1825753863970425
91,38,2700,59,0.02185185185185185,0.2062937062937063,1.1825753863970425
38,14,2700,40,0.014814814814814815,0.08492569002123142,1.1819554796769323
14,38,2700,40,0.014814814814814815,0.20618556701030927,1.181955479676932
44,87,2228,165,0.07405745062836624,0.4365079365079365,1.1817007078246446
87,44,2228,165,0.07405745062836624,0.20048602673147023,1.1817007078246446
60,90,2080,121,0.058173076923076925,0.17715959004392387,1.1810639336261592
90,60,2080,121,0.058173076923076925,0.38782051282051283,1.1810639336261592
52,79,2610,27,0.010344827586206896,0.04205607476635514,1.1802833886041604
79,52,2610,27,0.010344827586206896,0.2903225806451613,1.1802833886041604
32,54,1867,43,0.023031601499732192,0.15867158671586715,1.180238455771012
54,32,1867,43,0.023031601499732192,0.17131474103585656,1.1802384557710117
34,48,556,55,0.09892086330935251,0.5729166666666666,1.179783950617284
48,34,556,55,0.09892086330935251,0.2037037037037037,1.1797839506172838
11,52,2610,132,0.05057471264367816,0.29010989010989013,1.1794187121289925
52,11,2610,132,0.05057471264367816,0.205607476635514,1.1794187121289925
18,27,1682,145,0.08620689655172414,0.23125996810207336,1.1787250495384467
27,18,1682,145,0.08620689655172414,0.4393939393939394,1.1787250495384467
37,80,1074,27,0.025139664804469275,0.20610687022900764,1.177440311840182
80,37,1074,27,0.025139664804469275,0.14361702127659576,1.177440311840182
92,87,2662,182,0.06836964688204357,0.48021108179419525,1.1770919887073183
87,92,2662,182,0.06836964688204357,0.16758747697974216,1.1770919887073181
42,91,2669,76,0.02847508430123642,0.12520593080724876,1.1766712300160103
91,42,2669,76,0.02847508430123642,0.2676056338028169,1.1766712300160103
45,54,407,25,0.06142506142506143,0.14450867052023122,1.1763005780346822
54,45,407,25,0.06142506142506143,0.5,1.176300578034682
31,82,2464,161,0.06534090909090909,0.27854671280276816,1.1752381855240082
82,31,2464,161,0.06534090909090909,0.2756849315068493,1.1752381855240082
48,49,447,53,0.1185682326621924,0.23660714285714285,1.1751488095238096
49,48,447,53,0.1185682326621924,0.5888888888888889,1.1751488095238096
94,60,1640,79,0.048170731707317074,0.3674418604651163,1.1746679359898455
60,94,1640,79,0.048170731707317074,0.1539961013645224,1.1746679359898453
33,94,1618,47,0.02904820766378245,0.22065727699530516,1.1744193229552755
94,33,1618,47,0.02904820766378245,0.15460526315789475,1.1744193229552755
81,60,2080,74,0.035576923076923075,0.3854166666666667,1.1737432894094681
60,81,2080,74,0.035576923076923075,0.10834553440702782,1.173743289409468
12,5,2607,105,0.04027617951668585,0.21784232365145229,1.1733779705771408
5,12,2607,105,0.04027617951668585,0.21694214876033058,1.1733779705771405
81,45,464,26,0.05603448275862069,0.49056603773584906,1.173312585100175
45,81,464,26,0.05603448275862069,0.13402061855670103,1.1733125851001749
44,60,1624,110,0.06773399014778325,0.41825095057034223,1.1731252914097337
60,44,1624,110,0.06773399014778325,0.18998272884283246,1.1731252914097334
60,83,1908,106,0.05555555555555555,0.1715210355987055,1.172982566029857
83,60,1908,106,0.05555555555555555,0.37992831541218636,1.172982566029857
38,34,2222,59,0.026552655265526554,0.18209876543209877,1.1728216138844159
34,38,2222,59,0.026552655265526554,0.17101449275362318,1.1728216138844156
35,36,2219,255,0.1149166291122127,0.4739776951672863,1.1725267620693514
36,35,2219,255,0.1149166291122127,0.2842809364548495,1.1725267620693514
35,80,1876,157,0.08368869936034115,0.3512304250559284,1.172434657304131
80,35,1876,157,0.08368869936034115,0.2793594306049822,1.172434657304131
16,48,556,78,0.14028776978417265,0.5693430656934306,1.1724249797242499
48,16,556,78,0.14028776978417265,0.28888888888888886,1.1724249797242496
98,54,1570,59,0.0375796178343949,0.15526315789473685,1.171938259109312
54,98,1570,59,0.0375796178343949,0.28365384615384615,1.1719382591093117
10,90,2700,86,0.03185185185185185,0.18181818181818182,1.1716207420264702
90,10,2700,86,0.03185185185185185,0.2052505966587112,1.1716207420264697
18,82,1958,214,0.10929519918283963,0.28419654714475434,1.1714880827566925
82,18,1958,214,0.10929519918283963,0.45052631578947366,1.1714880827566925
1,52,2610,146,0.055938697318007664,0.2879684418145957,1.1707128241995244
52,1,2610,146,0.055938697318007664,0.22741433021806853,1.1707128241995244
71,54,1867,67,0.035886448848419926,0.1572769953051643,1.1698651403774574
54,71,1867,67,0.035886448848419926,0.26693227091633465,1.1698651403774571
16,79,2700,25,0.009259259259259259,0.04201680672268908,1.16953998094083
79,16,2700,25,0.009259259259259259,0.25773195876288657,1.1695399809408298
18,20,1759,124,0.07049459920409323,0.18535127055306427,1.1685766483972762
20,18,1759,124,0.07049459920409323,0.4444444444444444,1.1685766483972762
96,48,437,44,0.10068649885583524,0.5641025641025641,1.1683072062218982
48,96,437,44,0.10068649885583524,0.20853080568720378,1.168307206221898
55,93,2079,36,0.017316017316017316,0.1978021978021978,1.1682692307692308
93,55,2079,36,0.017316017316017316,0.10227272727272728,1.1682692307692308
1,45,464,42,0.09051724137931035,0.4883720930232558,1.1680652121793336
45,1,464,42,0.09051724137931035,0.21649484536082475,1.1680652121793336
10,58,1722,77,0.044715447154471545,0.3615023474178404,1.1679306608884072
58,10,1722,77,0.044715447154471545,0.14446529080675422,1.1679306608884072
10,36,2219,143,0.0644434429923389,0.47194719471947194,1.1675037068924283
36,10,2219,143,0.0644434429923389,0.15942028985507245,1.1675037068924283
97,10,2618,63,0.02406417112299465,0.20192307692307693,1.1669638308711157
10,97,2618,63,0.02406417112299465,0.1390728476821192,1.1669638308711154
48,82,556,77,0.13848920863309352,0.2851851851851852,1.1659041394335512
82,48,556,77,0.13848920863309352,0.5661764705882353,1.1659041394335512
3,91,2700,40,0.014814814814814815,0.12345679012345678,1.1655011655011656
91,3,2700,40,0.014814814814814815,0.13986013986013987,1.1655011655011656
34,80,1878,91,0.04845580404685836,0.3486590038314176,1.165091831308545
80,34,1878,91,0.04845580404685836,0.1619217081850534,1.165091831308545
34,36,2219,162,0.07300585849481749,0.47093023255813954,1.1649879443104922
36,34,2219,162,0.07300585849481749,0.1806020066889632,1.1649879443104922
10,85,2515,73,0.029025844930417495,0.18434343434343434,1.1648837622455712
85,10,2515,73,0.029025844930417495,0.18341708542713567,1.1648837622455712
7,44,2229,76,0.03409600717810678,0.1974025974025974,1.1640486497629354
44,7,2229,76,0.03409600717810678,0.20105820105820105,1.1640486497629354
52,7,2610,138,0.052873563218390804,0.21495327102803738,1.1639585837825261
7,52,2610,138,0.052873563218390804,0.2863070539419087,1.163958583782526
52,60,1990,196,0.09849246231155778,0.3835616438356164,1.1635482793184095
60,52,1990,196,0.09849246231155778,0.29878048780487804,1.1635482793184095
49,58,1316,115,0.08738601823708207,0.36507936507936506,1.163303739574926
58,49,1316,115,0.08738601823708207,0.2784503631961259,1.163303739574926
58,74,1722,36,0.020905923344947737,0.0675422138836773,1.1630769230769231
74,58,1722,36,0.020905923344947737,0.36,1.163076923076923
6,56,2317,109,0.04704359085023738,0.42412451361867703,1.1629544355674257
56,6,2317,109,0.04704359085023738,0.1289940828402367,1.1629544355674257
18,3,1958,89,0.045454545454545456,0.11819389110225764,1.1629328581820124
3,18,1958,89,0.045454545454545456,0.4472361809045226,1.1629328581820122
10,49,1510,57,0.03774834437086093,0.2864321608040201,1.162668179607716
49,10,1510,57,0.03774834437086093,0.1532258064516129,1.1626681796077158
52,82,2610,181,0.06934865900383141,0.2819314641744548,1.16246622669088
82,52,2610,181,0.06934865900383141,0.2859399684044234,1.16246622669088
41,67,2209,124,0.05613399728383884,0.12836438923395446,1.1621185894172352
67,41,2209,124,0.05613399728383884,0.5081967213114754,1.1621185894172352
16,32,2428,110,0.045304777594728174,0.1971326164874552,1.1617427010474302
32,16,2428,110,0.045304777594728174,0.2669902912621359,1.1617427010474302
6,93,2224,51,0.022931654676258992,0.19844357976653695,1.1614171615809952
93,6,2224,51,0.022931654676258992,0.13421052631578947,1.1614171615809952
5,80,2275,113,0.04967032967032967,0.29198966408268734,1.1613225276015973
80,5,2275,113,0.04967032967032967,0.19755244755244755,1.1613225276015973
19,82,1542,78,0.05058365758754864,0.21910112359550563,1.161010077609174
82,19,1542,78,0.05058365758754864,0.26804123711340205,1.161010077609174
9,92,2640,103,0.03901515151515152,0.16666666666666666,1.1609498680738786
92,9,2640,103,0.03901515151515152,0.2717678100263852,1.1609498680738786
28,82,2571,78,0.030338389731621937,0.2785714285714286,1.160789534614494
82,28,2571,78,0.030338389731621937,0.12641815235008103,1.160789534614494
93,41,1961,171,0.08720040795512493,0.49709302325581395,1.1604754983388705
41,93,1961,171,0.08720040795512493,0.20357142857142857,1.1604754983388703
80,22,1882,70,0.03719447396386823,0.12455516014234876,1.1604594623163385
22,80,1882,70,0.03719447396386823,0.3465346534653465,1.1604594623163382
44,48,556,40,0.07194244604316546,0.5633802816901409,1.1601460615545123
48,44,556,40,0.07194244604316546,0.14814814814814814,1.160146061554512
34,98,1817,73,0.040176114474408366,0.3029045643153527,1.1586896702336753
98,34,1817,73,0.040176114474408366,0.15368421052631578,1.1586896702336753
6,16,2472,79,0.031957928802589,0.2633333333333333,1.1582918149466193
16,6,2472,79,0.031957928802589,0.14056939501779359,1.158291814946619
38,41,2209,164,0.0742417383431417,0.5061728395061729,1.1574904787465174
41,38,2209,164,0.0742417383431417,0.16977225672877846,1.1574904787465172
28,87,2558,131,0.051211884284597345,0.46785714285714286,1.157426084553744
87,28,2558,131,0.051211884284597345,0.12669245647969052,1.157426084553744
71,94,1613,82,0.05083694978301302,0.21808510638297873,1.1571423572228443
94,71,1613,82,0.05083694978301302,0.26973684210526316,1.1571423572228443
19,29,1542,43,0.027885862516212712,0.12078651685393259,1.1568497452718263
29,19,1542,43,0.027885862516212712,0.2670807453416149,1.1568497452718263
1,17,2696,43,0.015949554896142432,0.0763765541740675,1.1568044385016065
17,1,2696,43,0.015949554896142432,0.24157303370786518,1.1568044385016065
18,10,1958,161,0.0822267620020429,0.21381142098273573,1.1564717190171176
10,18,1958,161,0.0822267620020429,0.4447513812154696,1.1564717190171174
14,36,2219,64,0.028841820639927896,0.46715328467153283,1.1556445247337026
36,14,2219,64,0.028841820639927896,0.0713489409141583,1.1556445247337026
33,80,1881,87,0.046251993620414676,0.34523809523809523,1.1555033045246568
80,33,1881,87,0.046251993620414676,0.15480427046263345,1.1555033045246568
44,85,2226,60,0.026954177897574125,0.15873015873015872,1.1546840958605664
85,44,2226,60,0.026954177897574125,0.19607843137254902,1.1546840958605664
49,24,1510,60,0.039735099337748346,0.16129032258064516,1.1542577587524845
24,49,1510,60,0.039735099337748346,0.2843601895734597,1.1542577587524843
55,87,2305,100,0.04338394793926247,0.43103448275862066,1.1539308742841123
87,55,2305,100,0.04338394793926247,0.11614401858304298,1.1539308742841123
19,48,432,35,0.08101851851851852,0.5555555555555556,1.153846153846154
48,19,432,35,0.08101851851851852,0.16826923076923078,1.153846153846154
3,90,2700,58,0.02148148148148148,0.17901234567901234,1.1535401750198886
90,3,2700,58,0.02148148148148148,0.13842482100238662,1.1535401750198886
87,8,2662,32,0.012021036814425245,0.029465930018416207,1.1535044957209404
8,87,2662,32,0.012021036814425245,0.47058823529411764,1.1535044957209402
42,96,1929,113,0.05857957490927942,0.24093816631130063,1.1532747464379627
96,42,1929,113,0.05857957490927942,0.2803970223325062,1.1532747464379625
85,45,464,27,0.05818965517241379,0.48214285714285715,1.1531664212076584
45,85,464,27,0.05818965517241379,0.13917525773195877,1.1531664212076582
31,41,2202,238,0.1080835603996367,0.505307855626327,1.1530444539784166
41,31,2202,238,0.1080835603996367,0.24663212435233162,1.1530444539784166
31,71,2220,133,0.05990990990990991,0.27941176470588236,1.152963043953641
71,31,2220,133,0.05990990990990991,0.24721189591078066,1.152963043953641
29,49,1510,48,0.031788079470198675,0.28402366863905326,1.152891773239168
49,29,1510,48,0.031788079470198675,0.12903225806451613,1.152891773239168
52,45,464,40,0.08620689655172414,0.4819277108433735,1.1526518444913676
45,52,464,40,0.08620689655172414,0.20618556701030927,1.1526518444913674
82,41,2209,249,0.11272068809416025,0.5040485829959515,1.1526328362712803
41,82,2209,249,0.11272068809416025,0.2577639751552795,1.15263283627128
9,90,2640,113,0.0428030303030303,0.18284789644012944,1.152072664921102
90,9,2640,113,0.0428030303030303,0.26968973747016706,1.152072664921102
38,82,2700,134,0.04962962962962963,0.28450106157112526,1.151653472626744
82,38,2700,134,0.04962962962962963,0.20089955022488756,1.151653472626744
42,48,556,38,0.0683453237410072,0.5588235294117647,1.1507625272331155
48,42,556,38,0.0683453237410072,0.14074074074074075,1.1507625272331155
19,35,1542,98,0.06355382619974059,0.2752808988764045,1.150360829450991
35,19,1542,98,0.06355382619974059,0.26558265582655827,1.150360829450991
28,45,464,25,0.05387931034482758,0.4807692307692308,1.1498810467882634
45,28,464,25,0.05387931034482758,0.12886597938144329,1.1498810467882632
56,93,2115,149,0.07044917257683216,0.19735099337748344,1.149854961414263
93,56,2115,149,0.07044917257683216,0.41046831955922863,1.149854961414263
11,71,2220,100,0.04504504504504504,0.2785515320334262,1.1494133849706434
71,11,2220,100,0.04504504504504504,0.18587360594795538,1.1494133849706432
52,56,2353,224,0.09519762005949851,0.42105263157894735,1.1493466845768714
56,52,2353,224,0.09519762005949851,0.25986078886310904,1.1493466845768714
37,48,476,28,0.058823529411764705,0.56,1.1489655172413795
48,37,476,28,0.058823529411764705,0.1206896551724138,1.1489655172413793
85,54,1867,40,0.021424745581146223,0.15444015444015444,1.1487640172899138
54,85,1867,40,0.021424745581146223,0.1593625498007968,1.1487640172899136
50,80,595,57,0.0957983193277311,0.37254901960784315,1.14853195164076
80,50,595,57,0.0957983193277311,0.29533678756476683,1.14853195164076
56,3,2359,78,0.03306485799067401,0.09006928406466513,1.1485050870732165
3,56,2359,78,0.03306485799067401,0.42162162162162165,1.1485050870732163
6,97,2390,42,0.017573221757322177,0.14840989399293286,1.1478952965796425
97,6,2390,42,0.017573221757322177,0.13592233009708737,1.1478952965796425
35,42,2220,121,0.0545045045045045,0.22490706319702602,1.1478015639020638
42,35,2220,121,0.0545045045045045,0.27816091954022987,1.1478015639020638
11,27,2238,73,0.03261840929401251,0.2,1.1476923076923078
27,11,2238,73,0.03261840929401251,0.18717948717948718,1.1476923076923076
79,98,2295,20,0.008714596949891068,0.25,1.1475
98,79,2295,20,0.008714596949891068,0.04,1.1475
82,42,2669,170,0.06369426751592357,0.2607361963190184,1.146466075742109
42,82,2669,170,0.06369426751592357,0.2800658978583196,1.1464660757421088
9,48,556,59,0.10611510791366907,0.5566037735849056,1.1461914744933612
48,9,556,59,0.10611510791366907,0.21851851851851853,1.1461914744933612
52,87,2593,294,0.11338218279984574,0.4608150470219436,1.1456312722223392
87,52,2593,294,0.11338218279984574,0.28187919463087246,1.145631272222339
56,98,1957,195,0.09964230965763925,0.2797704447632712,1.145420000840422
98,56,1957,195,0.09964230965763925,0.40794979079497906,1.1454200008404218
27,41,2200,191,0.08681818181818182,0.5013123359580053,1.1452618266953392
41,27,2200,191,0.08681818181818182,0.19833852544132918,1.1452618266953392
28,56,2347,107,0.045590115040477205,0.4196078431372549,1.145139078887369
56,28,2347,107,0.045590115040477205,0.12441860465116279,1.145139078887369
10,92,2700,76,0.028148148148148148,0.160676532769556,1.1446613152448581
92,10,2700,76,0.028148148148148148,0.20052770448548812,1.1446613152448581
37,60,818,39,0.04767726161369193,0.38613861386138615,1.1444253120964272
60,37,818,39,0.04767726161369193,0.14130434782608695,1.144425312096427
20,48,556,40,0.07194244604316546,0.5555555555555556,1.1440329218106997
48,20,556,40,0.07194244604316546,0.14814814814814814,1.1440329218106995
17,56,2357,55,0.02333474756045821,0.4198473282442748,1.1440232978864227
56,17,2357,55,0.02333474756045821,0.06358381502890173,1.1440232978864227
85,71,2220,84,0.03783783783783784,0.27722772277227725,1.143950826309397
71,85,2220,84,0.03783783783783784,0.15613382899628253,1.1439508263093967
52,72,2512,125,0.04976114649681529,0.20764119601328904,1.1438479920732063
72,52,2512,125,0.04976114649681529,0.2741228070175439,1.1438479920732063
18,35,1667,165,0.09898020395920816,0.2682926829268293,1.1438462977980164
35,18,1667,165,0.09898020395920816,0.4219948849104859,1.1438462977980164
44,56,2208,152,0.06884057971014493,0.40860215053763443,1.1434645733676765
56,44,2208,152,0.06884057971014493,0.1926489226869455,1.1434645733676765
52,54,1867,63,0.033743974290305304,0.15365853658536585,1.142950150617044
54,52,1867,63,0.033743974290305304,0.250996015936255,1.142950150617044
16,98,2295,120,0.05228758169934641,0.24896265560165975,1.1427385892116182
98,16,2295,120,0.05228758169934641,0.24,1.1427385892116182
19,21,1542,24,0.01556420233463035,0.06741573033707865,1.1423632547228053
21,19,1542,24,0.01556420233463035,0.26373626373626374,1.1423632547228053
5,49,1510,65,0.04304635761589404,0.2813852813852814,1.1421821905692875
49,5,1510,65,0.04304635761589404,0.17473118279569894,1.1421821905692875
7,49,1510,72,0.04768211920529802,0.28125,1.141633064516129
49,7,1510,72,0.04768211920529802,0.1935483870967742,1.141633064516129
35,50,636,62,0.09748427672955975,0.30845771144278605,1.1405761888233252
50,35,636,62,0.09748427672955975,0.36046511627906974,1.1405761888233252
16,52,2610,163,0.06245210727969348,0.28055077452667815,1.1405568870944391
52,16,2610,163,0.06245210727969348,0.2538940809968847,1.140556887094439
87,6,2460,133,0.0540650406504065,0.13768115942028986,1.1403894012589666
6,87,2460,133,0.0540650406504065,0.4478114478114478,1.1403894012589664
28,90,2571,52,0.020225593154414623,0.18571428571428572,1.1395499488578247
90,28,2571,52,0.020225593154414623,0.12410501193317422,1.1395499488578247
16,60,2080,171,0.08221153846153846,0.3741794310722101,1.1395215470427482
60,16,2080,171,0.08221153846153846,0.25036603221083453,1.139521547042748
54,97,1820,35,0.019230769230769232,0.14522821576763487,1.1392903133495496
97,54,1820,35,0.019230769230769232,0.15086206896551724,1.1392903133495493
27,48,556,47,0.08453237410071943,0.5529411764705883,1.138649237472767
48,27,556,47,0.08453237410071943,0.17407407407407408,1.138649237472767
9,36,2219,190,0.08562415502478594,0.4600484261501211,1.138068514634469
36,9,2219,190,0.08562415502478594,0.21181716833890746,1.138068514634469
11,37,1080,22,0.020370370370370372,0.14012738853503184,1.1378765384799578
37,11,1080,22,0.020370370370370372,0.16541353383458646,1.1378765384799578
29,41,2200,118,0.053636363636363635,0.4978902953586498,1.1374440807778086
41,29,2200,118,0.053636363636363635,0.122533748701973,1.1374440807778086
18,71,1667,185,0.11097780443911218,0.3008130081300813,1.1370868130450011
71,18,1667,185,0.11097780443911218,0.41950113378684806,1.1370868130450011
27,45,464,48,0.10344827586206896,0.4752475247524752,1.1366744921914873
45,27,464,48,0.10344827586206896,0.24742268041237114,1.1366744921914873
28,58,1722,64,0.03716608594657375,0.3516483516483517,1.136094674556213
58,28,1722,64,0.03716608594657375,0.1200750469043152,1.136094674556213
38,90,2700,83,0.030740740740740742,0.1762208067940552,1.1355517382910478
90,38,2700,83,0.030740740740740742,0.19809069212410502,1.1355517382910478
28,72,2503,54,0.021574111066719935,0.20454545454545456,1.1352045958476116
72,28,2503,54,0.021574111066719935,0.1197339246119734,1.1352045958476114
4,87,2662,25,0.009391435011269721,0.46296296296296297,1.134813450651388
87,4,2662,25,0.009391435011269721,0.02302025782688766,1.134813450651388
85,58,1722,79,0.04587688734030197,0.3511111111111111,1.1343589743589744
58,85,1722,79,0.04587688734030197,0.14821763602251406,1.1343589743589741
31,45,464,55,0.11853448275862069,0.47413793103448276,1.134020618556701
45,31,464,55,0.11853448275862069,0.28350515463917525,1.134020618556701
93,38,2452,79,0.03221859706362153,0.20256410256410257,1.1339889942629668
38,93,2452,79,0.03221859706362153,0.18036529680365296,1.1339889942629666
71,96,1480,107,0.0722972972972973,0.2750642673521851,1.1339696815633258
96,71,1480,107,0.0722972972972973,0.298050139275766,1.1339696815633258
12,96,1936,93,0.04803719008264463,0.23604060913705585,1.133932057789926
96,12,1936,93,0.04803719008264463,0.23076923076923078,1.133932057789926
20,83,2175,49,0.022528735632183907,0.16838487972508592,1.133861032204526
83,20,2175,49,0.022528735632183907,0.15170278637770898,1.133861032204526
16,36,2219,242,0.10905813429472735,0.4583333333333333,1.1338257153474545
36,16,2219,242,0.10905813429472735,0.2697881828316611,1.1338257153474545
49,82,1510,105,0.0695364238410596,0.28225806451612906,1.1335363761153057
82,49,1510,105,0.0695364238410596,0.27925531914893614,1.1335363761153052
55,58,1722,47,0.0272938443670151,0.35074626865671643,1.1331802525832377
58,55,1722,47,0.0272938443670151,0.08818011257035648,1.1331802525832377
16,74,2692,70,0.02600297176820208,0.11824324324324324,1.132778686159469
74,16,2692,70,0.02600297176820208,0.2491103202846975,1.132778686159469
38,72,2512,82,0.03264331210191083,0.20551378446115287,1.1321285670316141
72,38,2512,82,0.03264331210191083,0.17982456140350878,1.1321285670316141
18,98,1682,164,0.09750297265160524,0.25745682888540034,1.1306589717630375
98,18,1682,164,0.09750297265160524,0.4281984334203655,1.1306589717630373
7,36,2219,174,0.07841369986480397,0.4566929133858268,1.129767641921014
36,7,2219,174,0.07841369986480397,0.1939799331103679,1.129767641921014
60,55,1722,74,0.0429732868757259,0.12071778140293637,1.1297609759557417
55,60,1722,74,0.0429732868757259,0.40217391304347827,1.1297609759557414
38,96,1960,86,0.04387755102040816,0.2356164383561644,1.1291154503131593
96,38,1960,86,0.04387755102040816,0.21026894865525672,1.1291154503131593
72,93,2264,70,0.030918727915194347,0.19337016574585636,1.1283248846613887
93,72,2264,70,0.030918727915194347,0.18041237113402062,1.1283248846613887
1,87,2662,253,0.09504132231404959,0.46,1.1275506445672192
87,1,2662,253,0.09504132231404959,0.23296500920810312,1.127550644567219
58,1,1722,113,0.06562137049941928,0.21200750469043153,1.1267806267806268
1,58,1722,113,0.06562137049941928,0.3487654320987654,1.1267806267806266
36,51,271,27,0.0996309963099631,0.23275862068965517,1.1263854679802956
51,36,271,27,0.0996309963099631,0.48214285714285715,1.1263854679802956
94,35,1613,83,0.05145691258524489,0.2730263157894737,1.126320837259389
35,94,1613,83,0.05145691258524489,0.21227621483375958,1.1263208372593887
14,19,1542,26,0.016861219195849545,0.26,1.1261797752808989
19,14,1542,26,0.016861219195849545,0.07303370786516854,1.1261797752808989
33,45,464,32,0.06896551724137931,0.47058823529411764,1.1255306246209824
45,33,464,32,0.06896551724137931,0.16494845360824742,1.1255306246209824
6,54,1866,28,0.015005359056806002,0.15135135135135136,1.1251857435124368
54,6,1866,28,0.015005359056806002,0.11155378486055777,1.1251857435124368
49,71,1510,92,0.060927152317880796,0.24731182795698925,1.1248218681176319
71,49,1510,92,0.060927152317880796,0.27710843373493976,1.1248218681176319
60,67,2080,96,0.046153846153846156,0.14055636896046853,1.1244509516837482
67,60,2080,96,0.046153846153846156,0.36923076923076925,1.1244509516837482
72,56,2333,160,0.06858122588941278,0.41025641025641024,1.1233899121223065
56,72,2333,160,0.06858122588941278,0.18779342723004694,1.1233899121223063
48,1,556,54,0.09712230215827339,0.2,1.1232323232323234
1,48,556,54,0.09712230215827339,0.5454545454545454,1.1232323232323231
22,16,2226,77,0.03459119496855346,0.2673611111111111,1.1229166666666668
16,22,2226,77,0.03459119496855346,0.14528301886792452,1.1229166666666666
35,52,2220,133,0.05990990990990991,0.24721189591078066,1.1223116746869797
52,35,2220,133,0.05990990990990991,0.2719836400817996,1.1223116746869797
9,58,1722,99,0.05749128919860627,0.3473684210526316,1.1222672064777328
58,9,1722,99,0.05749128919860627,0.18574108818011256,1.1222672064777328
11,28,2571,54,0.021003500583430573,0.12217194570135746,1.1218002585649645
28,11,2571,54,0.021003500583430573,0.19285714285714287,1.1218002585649645
31,50,636,27,0.04245283018867924,0.30337078651685395,1.1217663966553437
50,31,636,27,0.04245283018867924,0.1569767441860465,1.1217663966553437
87,31,2454,251,0.10228198859005705,0.26145833333333335,1.1217111013986014
31,87,2454,251,0.10228198859005705,0.4388111888111888,1.1217111013986012
38,71,2220,88,0.03963963963963964,0.2716049382716049,1.120749001789894
71,38,2220,88,0.03963963963963964,0.16356877323420074,1.120749001789894
71,80,1876,145,0.07729211087420043,0.33564814814814814,1.1204197970212204
80,71,1876,145,0.07729211087420043,0.2580071174377224,1.1204197970212204
34,49,1510,48,0.031788079470198675,0.27586206896551724,1.1197626992955134
49,34,1510,48,0.031788079470198675,0.12903225806451613,1.1197626992955134
23,45,464,22,0.04741379310344827,0.46808510638297873,1.1195437595964028
45,23,464,22,0.04741379310344827,0.1134020618556701,1.1195437595964028
20,56,2247,120,0.0534045393858478,0.40404040404040403,1.1194559653252625
56,20,2247,120,0.0534045393858478,0.14796547472256474,1.1194559653252625
18,93,1781,127,0.07130825379000562,0.1854014598540146,1.119322033898305
93,18,1781,127,0.07130825379000562,0.43050847457627117,1.119322033898305
52,48,556,50,0.08992805755395683,0.5434782608695652,1.1191626409017714
48,52,556,50,0.08992805755395683,0.18518518518518517,1.1191626409017712
12,19,1542,54,0.03501945525291829,0.2583732057416268,1.1191333799258105
19,12,1542,54,0.03501945525291829,0.15168539325842698,1.1191333799258105
34,52,2221,85,0.038271049076992344,0.2463768115942029,1.1190243324145699
52,34,2221,85,0.038271049076992344,0.1738241308793456,1.1190243324145697
5,48,556,57,0.10251798561151079,0.5428571428571428,1.117883597883598
48,5,556,57,0.10251798561151079,0.2111111111111111,1.117883597883598
16,49,1510,95,0.06291390728476821,0.2753623188405797,1.1177341436808477
49,16,1510,95,0.06291390728476821,0.2553763440860215,1.1177341436808477
12,82,2676,137,0.051195814648729444,0.27345309381237526,1.1171915710563607
82,12,2676,137,0.051195814648729444,0.20916030534351146,1.1171915710563605
72,96,1772,91,0.051354401805869074,0.23821989528795812,1.1167345355827032
96,72,1772,91,0.051354401805869074,0.24074074074074073,1.116734535582703
10,35,2220,82,0.036936936936936934,0.2706270627062706,1.1167139018734586
35,10,2220,82,0.036936936936936934,0.1524163568773234,1.1167139018734586
35,85,2220,82,0.036936936936936934,0.1524163568773234,1.1167139018734586
85,35,2220,82,0.036936936936936934,0.2706270627062706,1.1167139018734586
10,67,2700,62,0.022962962962962963,0.13107822410147993,1.1164391327255387
67,10,2700,62,0.022962962962962963,0.19558359621451105,1.1164391327255387
24,60,1616,124,0.07673267326732673,0.4,1.1164075993091538
60,24,1616,124,0.07673267326732673,0.2141623488773748,1.1164075993091538
1,41,2209,206,0.09325486645540969,0.4881516587677725,1.1162805530207138
41,1,2209,206,0.09325486645540969,0.21325051759834368,1.1162805530207138
42,18,1938,204,0.10526315789473684,0.42677824267782427,1.1161892500804635
18,42,1938,204,0.10526315789473684,0.27530364372469635,1.1161892500804633
26,98,1948,68,0.03490759753593429,0.27309236947791166,1.1152703055408215
98,26,1948,68,0.03490759753593429,0.14255765199161424,1.1152703055408215
58,90,1722,78,0.04529616724738676,0.14634146341463414,1.1150442477876106
90,58,1722,78,0.04529616724738676,0.34513274336283184,1.1150442477876106
36,5,2219,169,0.0761604326273096,0.18840579710144928,1.1148599033816426
5,36,2219,169,0.0761604326273096,0.45066666666666666,1.1148599033816424
19,28,1542,36,0.023346303501945526,0.10112359550561797,1.1138041733547352
28,19,1542,36,0.023346303501945526,0.2571428571428571,1.113804173354735
5,58,1722,91,0.052845528455284556,0.3446969696969697,1.1136363636363638
58,5,1722,91,0.052845528455284556,0.17073170731707318,1.1136363636363638
31,85,2428,91,0.03747940691927512,0.16366906474820145,1.11313302299337
85,31,2428,91,0.03747940691927512,0.2549019607843137,1.11313302299337
35,81,2220,65,0.02927927927927928,0.120817843866171,1.1129278563605793
81,35,2220,65,0.02927927927927928,0.2697095435684647,1.1129278563605793
49,21,1510,20,0.013245033112582781,0.053763440860215055,1.1120930917660923
21,49,1510,20,0.013245033112582781,0.273972602739726,1.112093091766092
44,29,2220,45,0.02027027027027027,0.1196808510638298,1.1116798718062852
29,44,2220,45,0.02027027027027027,0.18828451882845187,1.111679871806285
60,1,2080,169,0.08125,0.24743777452415813,1.111599505421704
1,60,2080,169,0.08125,0.3650107991360691,1.1115995054217038
41,97,2127,145,0.06817113305124589,0.15760869565217392,1.1100453498416356
97,41,2127,145,0.06817113305124589,0.48013245033112584,1.1100453498416356
25,85,2511,84,0.03345280764635603,0.17536534446764093,1.1091747606001168
85,25,2511,84,0.03345280764635603,0.21158690176322417,1.1091747606001168
83,55,2076,30,0.014450867052023121,0.09615384615384616,1.108974358974359
55,83,2076,30,0.014450867052023121,0.16666666666666666,1.1089743589743588
56,96,1625,151,0.09292307692307693,0.24835526315789475,1.1087288533834587
96,56,1625,151,0.09292307692307693,0.41483516483516486,1.1087288533834587
12,87,2648,222,0.08383685800604229,0.4493927125506073,1.1079999095288717
87,12,2648,222,0.08383685800604229,0.20670391061452514,1.1079999095288715
7,92,2700,81,0.03,0.15547024952015356,1.1075716984285346
92,7,2700,81,0.03,0.21372031662269128,1.1075716984285344
36,38,2219,145,0.06534474988733664,0.1616499442586399,1.1071025503392653
38,36,2219,145,0.06534474988733664,0.44753086419753085,1.1071025503392653
5,98,2214,94,0.04245709123757904,0.25,1.107
98,5,2214,94,0.04245709123757904,0.188,1.107
33,58,1722,74,0.0429732868757259,0.3425925925925926,1.106837606837607
58,33,1722,74,0.0429732868757259,0.13883677298311445,1.106837606837607
12,71,2220,81,0.03648648648648649,0.2682119205298013,1.1067480735616337
71,12,2220,81,0.03648648648648649,0.15055762081784388,1.1067480735616337
54,58,1521,68,0.044707429322813935,0.3383084577114428,1.1065960519980742
58,54,1521,68,0.044707429322813935,0.14623655913978495,1.1065960519980742
87,49,1510,142,0.09403973509933775,0.272552783109405,1.1063298454172086
49,87,1510,142,0.09403973509933775,0.3817204301075269,1.1063298454172084
3,29,2221,20,0.009004952723998198,0.11904761904761904,1.1062960749153217
29,3,2221,20,0.009004952723998198,0.08368200836820083,1.1062960749153217
1,19,1542,71,0.046044098573281456,0.25539568345323743,1.106236359227225
19,1,1542,71,0.046044098573281456,0.199438202247191,1.1062363592272249
32,41,2202,159,0.07220708446866485,0.4847560975609756,1.106148110703905
41,32,2202,159,0.07220708446866485,0.16476683937823836,1.106148110703905
97,35,2138,81,0.03788587464920486,0.26384364820846906,1.106073960528837
35,97,2138,81,0.03788587464920486,0.1588235294117647,1.1060739605288368
90,48,556,29,0.052158273381294966,0.5370370370370371,1.1058984910836764
48,90,556,29,0.052158273381294966,0.10740740740740741,1.1058984910836762
49,52,1510,88,0.05827814569536424,0.23655913978494625,1.1058956689636807
52,49,1510,88,0.05827814569536424,0.2724458204334365,1.1058956689636805
71,87,2220,219,0.09864864864864865,0.4070631970260223,1.1047436398505739
87,71,2220,219,0.09864864864864865,0.26772616136919314,1.1047436398505739
23,48,556,37,0.06654676258992806,0.5362318840579711,1.1042404723564145
48,23,556,37,0.06654676258992806,0.13703703703703704,1.1042404723564143
30,41,2200,116,0.05272727272727273,0.48333333333333334,1.1041883004499826
41,30,2200,116,0.05272727272727273,0.12045690550363447,1.1041883004499826
18,54,1372,88,0.0641399416909621,0.18106995884773663,1.1041243712848652
54,18,1372,88,0.0641399416909621,0.39111111111111113,1.1041243712848652
33,60,1620,96,0.05925925925925926,0.3950617283950617,1.103448275862069
60,33,1620,96,0.05925925925925926,0.16551724137931034,1.103448275862069
18,55,1724,77,0.04466357308584687,0.11901081916537867,1.103089528178026
55,18,1724,77,0.04466357308584687,0.41397849462365593,1.103089528178026
19,18,1170,117,0.1,0.41935483870967744,1.1025733961580284
18,19,1170,117,0.1,0.26292134831460673,1.1025733961580282
56,90,2359,163,0.06909707503179313,0.18822170900692842,1.1017742222018465
90,56,2359,163,0.06909707503179313,0.4044665012406948,1.1017742222018463
18,46,1958,47,0.02400408580183861,0.06241699867197875,1.1010133639615711
46,18,1958,47,0.02400408580183861,0.42342342342342343,1.1010133639615711
5,18,1918,163,0.08498435870698644,0.42010309278350516,1.1007619289054138
18,5,1918,163,0.08498435870698644,0.2226775956284153,1.1007619289054138
9,31,2463,134,0.05440519691433211,0.2581888246628131,1.1002060123607418
31,9,2463,134,0.05440519691433211,0.23183391003460208,1.1002060123607416
11,50,636,22,0.03459119496855346,0.2972972972972973,1.099308610936518
50,11,636,22,0.03459119496855346,0.12790697674418605,1.099308610936518
16,58,1722,131,0.07607433217189315,0.34025974025974026,1.0993006993006993
58,16,1722,131,0.07607433217189315,0.24577861163227016,1.0993006993006993
44,98,1824,76,0.041666666666666664,0.28679245283018867,1.0989693990803868
98,44,1824,76,0.041666666666666664,0.15966386554621848,1.0989693990803868
60,80,1837,152,0.08274360370168754,0.25894378194207834,1.0985674998327897
80,60,1837,152,0.08274360370168754,0.3510392609699769,1.0985674998327897
48,85,556,24,0.04316546762589928,0.08888888888888889,1.0982716049382717
85,48,556,24,0.04316546762589928,0.5333333333333333,1.0982716049382717
27,35,2220,103,0.046396396396396394,0.2661498708010336,1.0982392438258264
35,27,2220,103,0.046396396396396394,0.19144981412639406,1.0982392438258264
42,58,1722,106,0.06155632984901278,0.33974358974358976,1.0976331360946745
58,42,1722,106,0.06155632984901278,0.19887429643527205,1.0976331360946745
6,36,2217,105,0.04736129905277402,0.4430379746835443,1.0974471395233718
36,6,2217,105,0.04736129905277402,0.11731843575418995,1.0974471395233718
74,18,1956,98,0.050102249488752554,0.4224137931034483,1.0972661079818657
18,74,1956,98,0.050102249488752554,0.1301460823373174,1.0972661079818655
42,97,2587,77,0.029764205643602628,0.1323024054982818,1.09700744558992
97,42,2587,77,0.029764205643602628,0.2467948717948718,1.0970074455899197
37,58,961,30,0.031217481789802288,0.30927835051546393,1.0967398333777154
58,37,961,30,0.031217481789802288,0.11070110701107011,1.0967398333777152
36,67,2219,109,0.049121225777377195,0.12151616499442586,1.096115325701752
67,36,2219,109,0.049121225777377195,0.44308943089430897,1.096115325701752
87,81,2662,110,0.04132231404958678,0.10128913443830571,1.09606372306817
81,87,2662,110,0.04132231404958678,0.44715447154471544,1.0960637230681698
38,52,2610,117,0.04482758620689655,0.2695852534562212,1.0959774322752918
52,38,2610,117,0.04482758620689655,0.1822429906542056,1.0959774322752918
45,60,308,46,0.14935064935064934,0.359375,1.0959158415841583
60,45,308,46,0.14935064935064934,0.45544554455445546,1.0959158415841583
42,93,2421,93,0.03841387856257745,0.1751412429378531,1.0956510314019183
93,42,2421,93,0.03841387856257745,0.24031007751937986,1.0956510314019183
87,93,2414,169,0.0700082850041425,0.1769633507853403,1.0953577661431064
93,87,2414,169,0.0700082850041425,0.43333333333333335,1.0953577661431064
96,31,1724,108,0.06264501160092807,0.2864721485411141,1.0950731354431944
31,96,1724,108,0.06264501160092807,0.2394678492239468,1.0950731354431942
18,96,1402,135,0.09629101283880172,0.24907749077490776,1.094691667919814
96,18,1402,135,0.09629101283880172,0.4231974921630094,1.094691667919814
41,35,2200,253,0.115,0.26272066458982346,1.0946694357909312
35,41,2200,253,0.115,0.4791666666666667,1.094669435790931
83,9,2389,88,0.03683549602344077,0.24649859943977592,1.0945820707465144
9,83,2389,88,0.03683549602344077,0.16356877323420074,1.0945820707465141
45,32,464,27,0.05818965517241379,0.13917525773195877,1.094530840468286
32,45,464,27,0.05818965517241379,0.4576271186440678,1.0945308404682859
9,19,1542,71,0.046044098573281456,0.2526690391459075,1.0944260066376106
19,9,1542,71,0.046044098573281456,0.199438202247191,1.0944260066376104
82,72,2512,119,0.047372611464968156,0.1986644407345576,1.0943970945728263
72,82,2512,119,0.047372611464968156,0.26096491228070173,1.094397094572826
19,49,1133,65,0.05736981465136805,0.25,1.0936293436293436
49,19,1133,65,0.05736981465136805,0.25096525096525096,1.0936293436293436
52,67,2610,82,0.031417624521072794,0.1277258566978193,1.0929983146928144
67,52,2610,82,0.031417624521072794,0.26885245901639343,1.0929983146928144
7,41,2209,183,0.08284291534631055,0.47780678851174935,1.0926244263172404
41,7,2209,183,0.08284291534631055,0.18944099378881987,1.0926244263172404
18,48,436,90,0.20642201834862386,0.5487804878048781,1.0925492816572002
48,18,436,90,0.20642201834862386,0.410958904109589,1.0925492816572
94,1,2093,70,0.033444816053511704,0.22950819672131148,1.0917287630402386
1,94,2093,70,0.033444816053511704,0.1590909090909091,1.0917287630402384
37,87,1080,50,0.046296296296296294,0.37593984962406013,1.0914382731021102
87,37,1080,50,0.046296296296296294,0.13440860215053763,1.0914382731021102
45,82,464,47,0.10129310344827586,0.2422680412371134,1.0913822440196177
82,45,464,47,0.10129310344827586,0.4563106796116505,1.0913822440196177
91,41,2209,125,0.05658669081032141,0.4770992366412214,1.0910064324435385
41,91,2209,125,0.05658669081032141,0.12939958592132506,1.0910064324435382
1,36,2219,186,0.08382154123479045,0.44075829383886256,1.0903485552156478
36,1,2219,186,0.08382154123479045,0.20735785953177258,1.0903485552156478
19,55,1542,38,0.02464332036316472,0.10674157303370786,1.0900364610462088
55,19,1542,38,0.02464332036316472,0.25165562913907286,1.0900364610462088
50,9,636,28,0.0440251572327044,0.16279069767441862,1.0898408812729499
9,50,636,28,0.0440251572327044,0.29473684210526313,1.0898408812729496
83,11,2448,65,0.026552287581699346,0.18156424581005587,1.0893854748603353
11,83,2448,65,0.026552287581699346,0.15931372549019607,1.089385474860335
97,7,2618,65,0.02482811306340718,0.20833333333333334,1.088656021290752
7,97,2618,65,0.02482811306340718,0.12974051896207583,1.0886560212907517
41,90,2209,188,0.0851063829787234,0.19461697722567287,1.0883769688392693
90,41,2209,188,0.0851063829787234,0.4759493670886076,1.0883769688392693
82,35,2220,130,0.05855855855855856,0.26369168356997974,1.0880957946567937
35,82,2220,130,0.05855855855855856,0.241635687732342,1.0880957946567935
56,71,2208,208,0.09420289855072464,0.26362484157160965,1.08800682278526
71,56,2208,208,0.09420289855072464,0.38878504672897196,1.08800682278526
22,85,2221,42,0.01891040072039622,0.14840989399293286,1.0878494209845013
85,22,2221,42,0.01891040072039622,0.13861386138613863,1.0878494209845013
5,83,2368,65,0.027449324324324325,0.15892420537897312,1.0876662379693882
83,5,2368,65,0.027449324324324325,0.18786127167630057,1.087666237969388
18,2,1958,23,0.01174668028600613,0.03054448871181939,1.0873837981407704
2,18,1958,23,0.01174668028600613,0.41818181818181815,1.0873837981407701
19,24,1542,69,0.04474708171206226,0.19382022471910113,1.086802860061287
24,19,1542,69,0.04474708171206226,0.2509090909090909,1.086802860061287
94,31,1857,76,0.04092622509423802,0.24918032786885247,1.0862156545832373
31,94,1857,76,0.04092622509423802,0.1784037558685446,1.086215654583237
25,48,556,48,0.08633093525179857,0.5274725274725275,1.0862026862026863
48,25,556,48,0.08633093525179857,0.17777777777777778,1.0862026862026861
31,83,2213,78,0.03524627202892002,0.1649048625792812,1.0861144669284204
83,31,2213,78,0.03524627202892002,0.23214285714285715,1.0861144669284204
1,37,1080,25,0.023148148148148147,0.13368983957219252,1.0856017047967512
37,1,1080,25,0.023148148148148147,0.18796992481203006,1.0856017047967512
41,22,2200,133,0.060454545454545455,0.13811007268951195,1.0851505711318796
22,41,2200,133,0.060454545454545455,0.475,1.0851505711318794
25,45,464,39,0.08405172413793104,0.45348837209302323,1.0846319827379525
45,25,464,39,0.08405172413793104,0.20103092783505155,1.0846319827379525
11,87,2662,211,0.07926371149511645,0.44234800838574423,1.0842821347355904
87,11,2662,211,0.07926371149511645,0.19429097605893186,1.0842821347355904
41,94,1615,140,0.08668730650154799,0.20260492040520983,1.0834667101139532
94,41,1615,140,0.08668730650154799,0.46357615894039733,1.0834667101139532
29,45,464,24,0.05172413793103448,0.4528301886792453,1.0830577708617002
45,29,464,24,0.05172413793103448,0.12371134020618557,1.0830577708617
29,91,2221,31,0.013957676722197209,0.1297071129707113,1.083005631232894
91,29,2221,31,0.013957676722197209,0.11654135338345864,1.083005631232894
10,28,2571,48,0.01866977829638273,0.11793611793611794,1.082906282906283
28,10,2571,48,0.01866977829638273,0.17142857142857143,1.0829062829062828
21,38,2700,34,0.012592592592592593,0.18888888888888888,1.0828025477707006
38,21,2700,34,0.012592592592592593,0.07218683651804671,1.0828025477707006
29,58,1722,63,0.036585365853658534,0.3351063829787234,1.0826513911620295
58,29,1722,63,0.036585365853658534,0.11819887429643527,1.0826513911620295
42,5,2599,118,0.04540207772220085,0.20068027210884354,1.082091342761171
5,42,2599,118,0.04540207772220085,0.24481327800829875,1.0820913427611707
67,48,556,31,0.05575539568345324,0.5254237288135594,1.0819836785938481
48,67,556,31,0.05575539568345324,0.11481481481481481,1.081983678593848
58,12,1722,74,0.0429732868757259,0.13883677298311445,1.0817960320222764
12,58,1722,74,0.0429732868757259,0.334841628959276,1.0817960320222761
32,37,1079,20,0.018535681186283594,0.13333333333333333,1.0817042606516292
37,32,1079,20,0.018535681186283594,0.15037593984962405,1.081704260651629
41,83,1958,142,0.07252298263534218,0.16904761904761906,1.0816837846249612
83,41,1958,142,0.07252298263534218,0.46405228758169936,1.0816837846249612
12,36,2219,132,0.059486255069851286,0.4370860927152318,1.0812642583445924
36,12,2219,132,0.059486255069851286,0.14715719063545152,1.0812642583445924
16,54,1867,59,0.03160149973219068,0.14532019704433496,1.0809275214413283
54,16,1867,59,0.03160149973219068,0.2350597609561753,1.0809275214413283
37,82,1080,33,0.030555555555555555,0.24812030075187969,1.080523890371089
82,37,1080,33,0.030555555555555555,0.13306451612903225,1.080523890371089
44,45,464,28,0.0603448275862069,0.45161290322580644,1.080146325241104
45,44,464,28,0.0603448275862069,0.14432989690721648,1.080146325241104
45,71,464,51,0.10991379310344827,0.26288659793814434,1.079463552595566
71,45,464,51,0.10991379310344827,0.45132743362831856,1.079463552595566
60,46,2080,45,0.021634615384615384,0.06588579795021962,1.0790744861138333
46,60,2080,45,0.021634615384615384,0.3543307086614173,1.079074486113833
30,60,1615,70,0.043343653250773995,0.3867403314917127,1.0787316672869016
60,30,1615,70,0.043343653250773995,0.12089810017271158,1.0787316672869016
48,54,503,41,0.08151093439363817,0.16942148760330578,1.078721623600795
54,48,503,41,0.08151093439363817,0.5189873417721519,1.078721623600795
56,50,635,61,0.09606299212598425,0.2904761904761905,1.0786688944583682
50,56,635,61,0.09606299212598425,0.3567251461988304,1.078668894458368
33,48,556,33,0.05935251798561151,0.5238095238095238,1.0786596119929455
48,33,556,33,0.05935251798561151,0.12222222222222222,1.0786596119929452
19,91,1542,56,0.03631647211413749,0.15730337078651685,1.0780524344569287
91,19,1542,56,0.03631647211413749,0.24888888888888888,1.0780524344569287
71,98,1815,117,0.06446280991735537,0.2819277108433735,1.0772606214331009
98,71,1815,117,0.06446280991735537,0.2463157894736842,1.0772606214331009
34,94,1615,45,0.02786377708978328,0.20270270270270271,1.0768581081081081
94,34,1615,45,0.02786377708978328,0.14802631578947367,1.0768581081081081
5,28,2524,56,0.022187004754358162,0.11889596602972399,1.075603649673919
28,5,2524,56,0.022187004754358162,0.2007168458781362,1.075603649673919
41,37,1078,59,0.05473098330241188,0.13169642857142858,1.0755208333333335
37,41,1078,59,0.05473098330241188,0.44696969696969696,1.0755208333333333
41,72,2203,157,0.07126645483431684,0.16252587991718426,1.0752087491217925
72,41,2203,157,0.07126645483431684,0.47147147147147145,1.0752087491217925
14,96,1960,37,0.018877551020408164,0.22424242424242424,1.0746091724086835
96,14,1960,37,0.018877551020408164,0.09046454767726161,1.0746091724086835
7,81,2700,51,0.01888888888888889,0.09788867562380038,1.074387903188053
81,7,2700,51,0.01888888888888889,0.2073170731707317,1.0743879031880528
45,49,316,43,0.1360759493670886,0.3161764705882353,1.0743200506008854
49,45,316,43,0.1360759493670886,0.46236559139784944,1.0743200506008854
58,71,1722,131,0.07607433217189315,0.24577861163227016,1.0741897696212417
71,58,1722,131,0.07607433217189315,0.33248730964467005,1.0741897696212417
56,85,2323,134,0.057684029272492464,0.1580188679245283,1.0733269888557873
85,56,2323,134,0.057684029272492464,0.391812865497076,1.0733269888557873
36,56,2207,343,0.1554145899410965,0.383668903803132,1.07320313142397
56,36,2207,343,0.1554145899410965,0.4347275031685678,1.0732031314239698
30,36,2219,107,0.04821991888237945,0.4331983805668016,1.0716468299640276
36,30,2219,107,0.04821991888237945,0.11928651059085842,1.0716468299640276
41,34,2200,158,0.07181818181818182,0.1640706126687435,1.0710841183122723
34,41,2200,158,0.07181818181818182,0.4688427299703264,1.0710841183122721
49,56,1507,131,0.0869276708692767,0.353099730458221,1.0706665871238212
56,49,1507,131,0.0869276708692767,0.2635814889336016,1.0706665871238212
35,55,2220,55,0.024774774774774775,0.10223048327137546,1.0705267587851581
55,35,2220,55,0.024774774774774775,0.25943396226415094,1.0705267587851581
80,26,2009,81,0.04031856645097063,0.1438721136767318,1.0705150976909414
26,80,2009,81,0.04031856645097063,0.3,1.0705150976909412
50,60,446,48,0.10762331838565023,0.41025641025641024,1.0700254910781226
60,50,446,48,0.10762331838565023,0.2807017543859649,1.0700254910781226
16,17,2696,42,0.015578635014836795,0.07058823529411765,1.0691341705221413
17,16,2696,42,0.015578635014836795,0.23595505617977527,1.0691341705221413
49,55,1510,30,0.019867549668874173,0.08064516129032258,1.0681946802490097
55,49,1510,30,0.019867549668874173,0.2631578947368421,1.0681946802490097
1,31,2464,116,0.04707792207792208,0.2505399568034557,1.0680457674112713
31,1,2464,116,0.04707792207792208,0.20069204152249134,1.0680457674112713
28,52,2571,72,0.028004667444574097,0.2571428571428571,1.0680360027694438
52,28,2571,72,0.028004667444574097,0.11631663974151858,1.0680360027694438
44,58,1722,79,0.04587688734030197,0.3305439330543933,1.0679111683295783
58,44,1722,79,0.04587688734030197,0.14821763602251406,1.0679111683295783
20,45,464,25,0.05387931034482758,0.44642857142857145,1.0677466863033875
45,20,464,25,0.05387931034482758,0.12886597938144329,1.067746686303387
10,54,1867,35,0.018746652383502947,0.14344262295081966,1.0669616615505193
54,10,1867,35,0.018746652383502947,0.1394422310756972,1.0669616615505193
56,95,2359,65,0.02755404832556168,0.07505773672055427,1.0666337405047441
95,56,2359,65,0.02755404832556168,0.39156626506024095,1.0666337405047441
82,83,2449,99,0.04042466312780727,0.15590551181102363,1.0665156380592091
83,82,2449,99,0.04042466312780727,0.276536312849162,1.0665156380592091
58,80,1560,149,0.0955128205128205,0.3117154811715481,1.0663950671658224
80,58,1560,149,0.0955128205128205,0.3267543859649123,1.0663950671658224
31,35,2220,123,0.05540540540540541,0.25840336134453784,1.0662740932804349
35,31,2220,123,0.05540540540540541,0.22862453531598512,1.0662740932804349
44,54,1867,43,0.023031601499732192,0.14333333333333334,1.0661487383798143
54,44,1867,43,0.023031601499732192,0.17131474103585656,1.066148738379814
41,14,2209,62,0.02806699864191942,0.06418219461697723,1.0660035181120504
14,41,2209,62,0.02806699864191942,0.46616541353383456,1.0660035181120502
35,98,1815,116,0.06391184573002755,0.27884615384615385,1.0654858299595142
98,35,1815,116,0.06391184573002755,0.24421052631578946,1.0654858299595142
16,94,2093,68,0.03248924988055423,0.1552511415525114,1.0653791451455947
94,16,2093,68,0.03248924988055423,0.22295081967213115,1.0653791451455947
5,93,2371,72,0.030366933783213833,0.17518248175182483,1.0650196518809658
93,5,2371,72,0.030366933783213833,0.18461538461538463,1.0650196518809658
35,83,1969,79,0.04012188928390046,0.16808510638297872,1.0641786960388588
83,35,1969,79,0.04012188928390046,0.2540192926045016,1.0641786960388588
36,96,1479,157,0.10615280594996619,0.2582236842105263,1.063824036065093
96,36,1479,157,0.10615280594996619,0.4373259052924791,1.063824036065093
80,44,1885,82,0.04350132625994695,0.14590747330960854,1.0619134640486956
44,80,1885,82,0.04350132625994695,0.3166023166023166,1.0619134640486954
56,92,2359,143,0.06061890631623569,0.1651270207852194,1.0614022943660288
92,56,2359,143,0.06061890631623569,0.3896457765667575,1.0614022943660286
16,28,2571,66,0.025670945157526253,0.11558669001751314,1.0613335001250939
28,16,2571,66,0.025670945157526253,0.2357142857142857,1.0613335001250939
6,52,2471,76,0.03075677863213274,0.25333333333333335,1.060994350282486
52,6,2471,76,0.03075677863213274,0.1288135593220339,1.060994350282486
32,36,2218,142,0.06402164111812443,0.42900302114803623,1.0607900790483216
36,32,2218,142,0.06402164111812443,0.15830546265328874,1.0607900790483213
56,82,2359,213,0.09029249682068673,0.24595842956120093,1.0607238305939177
82,56,2359,213,0.09029249682068673,0.38939670932358317,1.0607238305939175
56,94,1759,112,0.06367254121660035,0.1821138211382114,1.0607225542454102
94,56,1759,112,0.06367254121660035,0.3708609271523179,1.06072255424541
23,41,2201,131,0.0595184007269423,0.4645390070921986,1.060633147935611
41,23,2201,131,0.0595184007269423,0.1358921161825726,1.060633147935611
60,85,1910,116,0.060732984293193716,0.18040435458786935,1.060222514654863
85,60,1910,116,0.060732984293193716,0.3569230769230769,1.060222514654863
16,38,2700,110,0.040740740740740744,0.18487394957983194,1.059786972113686
38,16,2700,110,0.040740740740740744,0.23354564755838642,1.059786972113686
35,92,2220,94,0.04234234234234234,0.17472118959107807,1.0597842647327687
92,35,2220,94,0.04234234234234234,0.2568306010928962,1.0597842647327687
67,98,2295,57,0.02483660130718954,0.23076923076923078,1.0592307692307692
98,67,2295,57,0.02483660130718954,0.114,1.0592307692307692
45,72,464,31,0.0668103448275862,0.15979381443298968,1.0592047128129602
72,45,464,31,0.0668103448275862,0.44285714285714284,1.0592047128129602
6,96,1732,53,0.030600461893764433,0.22746781115879827,1.0590705616318243
96,6,1732,53,0.030600461893764433,0.1424731182795699,1.0590705616318243
35,96,1480,94,0.06351351351351352,0.2568306010928962,1.0588002496308813
96,35,1480,94,0.06351351351351352,0.2618384401114206,1.058800249630881
87,16,2662,256,0.09616829451540196,0.23572744014732966,1.0581896217068998
16,87,2662,256,0.09616829451540196,0.4317032040472175,1.0581896217068996
22,38,2226,45,0.02021563342318059,0.15625,1.0571808510638299
38,22,2226,45,0.02021563342318059,0.13677811550151975,1.0571808510638296
72,58,1722,69,0.04006968641114982,0.32701421800947866,1.056507473569085
58,72,1722,69,0.04006968641114982,0.1294559099437148,1.0565074735690847
56,38,2359,138,0.058499364137346334,0.15935334872979215,1.0559397462179205
38,56,2359,138,0.058499364137346334,0.38764044943820225,1.0559397462179203
11,58,1722,82,0.047619047619047616,0.32669322709163345,1.0554704259883543
58,11,1722,82,0.047619047619047616,0.15384615384615385,1.0554704259883543
18,11,1958,138,0.07048008171603677,0.18326693227091634,1.0554019217248654
11,18,1958,138,0.07048008171603677,0.40588235294117647,1.0554019217248651
36,46,2219,58,0.026137899954934655,0.06465997770345597,1.0550036067938882
46,36,2219,58,0.026137899954934655,0.4264705882352941,1.0550036067938882
48,83,555,39,0.07027027027027027,0.14444444444444443,1.0548245614035088
83,48,555,39,0.07027027027027027,0.5131578947368421,1.0548245614035088
90,35,2220,103,0.046396396396396394,0.2555831265508685,1.0546366932024687
35,90,2220,103,0.046396396396396394,0.19144981412639406,1.0546366932024684
58,22,1722,62,0.036004645760743324,0.11632270168855535,1.0542510121457491
22,58,1722,62,0.036004645760743324,0.3263157894736842,1.054251012145749
14,35,2220,35,0.015765765765765764,0.25547445255474455,1.0541882614712508
35,14,2220,35,0.015765765765765764,0.06505576208178439,1.0541882614712506
18,38,1958,135,0.06894790602655772,0.17928286852589642,1.0541617314525682
38,18,1958,135,0.06894790602655772,0.40540540540540543,1.0541617314525682
27,80,1894,101,0.05332629355860612,0.3126934984520124,1.0538104734308034
80,27,1894,101,0.05332629355860612,0.1797153024911032,1.0538104734308034
36,58,1722,239,0.13879210220673635,0.32605729877216916,1.0534158883408542
58,36,1722,239,0.13879210220673635,0.44840525328330205,1.0534158883408542
41,74,2209,70,0.03168854685377999,0.07246376811594203,1.0531083142639208
74,41,2209,70,0.03168854685377999,0.4605263157894737,1.0531083142639206
25,41,2206,171,0.07751586582048957,0.4609164420485175,1.0525690177629707
41,25,2206,171,0.07751586582048957,0.17701863354037267,1.0525690177629707
32,48,556,46,0.08273381294964029,0.5111111111111111,1.0525102880658437
48,32,556,46,0.08273381294964029,0.17037037037037037,1.0525102880658437
97,3,2618,38,0.014514896867838044,0.12179487179487179,1.0523398493695524
3,97,2618,38,0.014514896867838044,0.1254125412541254,1.0523398493695522
95,52,2610,44,0.01685823754789272,0.25882352941176473,1.052226498075866
52,95,2610,44,0.01685823754789272,0.06853582554517133,1.0522264980758658
41,42,2209,200,0.09053870529651425,0.2070393374741201,1.0513790723685776
42,41,2209,200,0.09053870529651425,0.45977011494252873,1.0513790723685776
5,94,2012,58,0.02882703777335984,0.15934065934065933,1.0511259232570709
94,5,2012,58,0.02882703777335984,0.1901639344262295,1.0511259232570707
7,50,636,27,0.04245283018867924,0.28421052631578947,1.0509179926560588
50,7,636,27,0.04245283018867924,0.1569767441860465,1.0509179926560588
22,35,2220,72,0.032432432432432434,0.254416961130742,1.0498246351491585
35,22,2220,72,0.032432432432432434,0.13382899628252787,1.0498246351491585
72,36,2219,142,0.06399278954484001,0.42388059701492536,1.0485964824705902
36,72,2219,142,0.06399278954484001,0.15830546265328874,1.04859648247059
16,82,2700,154,0.05703703703703704,0.25882352941176473,1.047711438398448
82,16,2700,154,0.05703703703703704,0.23088455772113944,1.0477114383984478
20,36,2219,119,0.05362776025236593,0.4234875444839858,1.047624148506092
36,20,2219,119,0.05362776025236593,0.1326644370122631,1.0476241485060918
54,96,1232,39,0.03165584415584415,0.23214285714285715,1.0476190476190477
96,54,1232,39,0.03165584415584415,0.14285714285714285,1.0476190476190477
36,81,2219,102,0.04596665164488508,0.11371237458193979,1.0470031501963668
81,36,2219,102,0.04596665164488508,0.42323651452282157,1.0470031501963668
56,81,2359,93,0.039423484527342095,0.10739030023094688,1.046833546466131
81,56,2359,93,0.039423484527342095,0.384297520661157,1.046833546466131
18,44,1672,124,0.07416267942583732,0.20097244732576985,1.0468097567871877
44,18,1672,124,0.07416267942583732,0.3862928348909657,1.0468097567871875
21,36,2219,66,0.029743127534925643,0.4230769230769231,1.0466083526284196
36,21,2219,66,0.029743127534925643,0.07357859531772576,1.0466083526284196
7,45,464,35,0.07543103448275862,0.4375,1.0463917525773196
45,7,464,35,0.07543103448275862,0.18041237113402062,1.0463917525773194
80,85,2171,94,0.04329801934592354,0.16433566433566432,1.0462543321780857
85,80,2171,94,0.04329801934592354,0.2756598240469208,1.0462543321780857
17,96,1956,35,0.01789366053169734,0.21875,1.0461491442542787
96,17,1956,35,0.01789366053169734,0.08557457212713937,1.0461491442542787
16,44,2229,94,0.042171377299237325,0.17735849056603772,1.0458520515124288
44,16,2229,94,0.042171377299237325,0.24867724867724866,1.0458520515124288
55,12,2308,37,0.016031195840554593,0.15948275862068967,1.0456994514106586
12,55,2308,37,0.016031195840554593,0.10511363636363637,1.0456994514106583
49,72,1510,43,0.02847682119205298,0.11559139784946236,1.045167729058013
72,49,1510,43,0.02847682119205298,0.25748502994011974,1.0451677290580128
56,79,2359,28,0.011869436201780416,0.03233256351039261,1.0448290043974817
79,56,2359,28,0.011869436201780416,0.3835616438356164,1.0448290043974817
16,80,2356,128,0.05432937181663837,0.2549800796812749,1.0447531612679717
80,16,2356,128,0.05432937181663837,0.22260869565217392,1.0447531612679715
44,19,1542,60,0.038910505836575876,0.24096385542168675,1.0437254636523623
19,44,1542,60,0.038910505836575876,0.16853932584269662,1.043725463652362
98,85,2110,84,0.03981042654028436,0.168,1.0425882352941178
85,98,2110,84,0.03981042654028436,0.24705882352941178,1.0425882352941176
18,45,342,49,0.14327485380116958,0.4298245614035088,1.0425531914893618
45,18,342,49,0.14327485380116958,0.3475177304964539,1.0425531914893618
31,93,2216,82,0.03700361010830325,0.1729957805907173,1.0417354613832324
93,31,2216,82,0.03700361010830325,0.22282608695652173,1.0417354613832324
41,87,2209,366,0.1656858306926211,0.37888198757763975,1.0409829733320974
87,41,2209,366,0.1656858306926211,0.4552238805970149,1.0409829733320972
32,96,1688,78,0.0462085308056872,0.23493975903614459,1.0408879612939947
96,32,1688,78,0.0462085308056872,0.2047244094488189,1.0408879612939947
97,49,1507,28,0.0185799601857996,0.25688073394495414,1.040643188320016
49,97,1507,28,0.0185799601857996,0.07526881720430108,1.0406431883200158
38,58,1722,86,0.04994192799070848,0.32209737827715357,1.0406222990492653
58,38,1722,86,0.04994192799070848,0.16135084427767354,1.0406222990492653
28,54,1867,27,0.0144617032672737,0.13989637305699482,1.0405837788741408
54,28,1867,27,0.0144617032672737,0.10756972111553785,1.0405837788741408
3,93,2452,46,0.018760195758564437,0.16546762589928057,1.040324663346246
93,3,2452,46,0.018760195758564437,0.11794871794871795,1.040324663346246
67,80,2356,66,0.02801358234295416,0.25384615384615383,1.0401070234113712
80,67,2356,66,0.02801358234295416,0.11478260869565217,1.0401070234113712
32,85,2416,65,0.026903973509933773,0.1597051597051597,1.040020662662172
85,32,2416,65,0.026903973509933773,0.1752021563342318,1.040020662662172
41,92,2209,163,0.07378904481665913,0.16873706004140787,1.0382734418703898
92,41,2209,163,0.07378904481665913,0.45403899721448465,1.0382734418703898
54,60,1351,77,0.05699481865284974,0.36492890995260663,1.0379346470441506
60,54,1351,77,0.05699481865284974,0.16210526315789472,1.0379346470441506
41,36,2199,400,0.18190086402910413,0.4158004158004158,1.0378491649774284
36,41,2199,400,0.18190086402910413,0.4540295119182747,1.0378491649774282
96,87,1922,189,0.09833506763787721,0.4632352941176471,1.0376902509255452
87,96,1922,189,0.09833506763787721,0.2202797202797203,1.037690250925545
48,87,556,131,0.2356115107913669,0.48518518518518516,1.0375498575498576
87,48,556,131,0.2356115107913669,0.5038461538461538,1.0375498575498576
32,92,2428,66,0.027182866556836903,0.16019417475728157,1.0372038834951458
92,32,2428,66,0.027182866556836903,0.176,1.0372038834951456
19,58,1185,87,0.07341772151898734,0.3258426966292135,1.035183902159834
58,19,1185,87,0.07341772151898734,0.23324396782841822,1.0351839021598337
96,74,1952,53,0.027151639344262294,0.12990196078431374,1.0349739895958385
74,96,1952,53,0.027151639344262294,0.2163265306122449,1.0349739895958383
58,81,1722,41,0.023809523809523808,0.07692307692307693,1.0348557692307694
81,58,1722,41,0.023809523809523808,0.3203125,1.0348557692307692
36,80,1876,248,0.13219616204690832,0.31,1.0348042704626335
80,36,1876,248,0.13219616204690832,0.4412811387900356,1.0348042704626335
60,82,2080,177,0.08509615384615385,0.2591508052708638,1.0346135795842548
82,60,2080,177,0.08509615384615385,0.3397312859884837,1.0346135795842548
10,96,1960,87,0.044387755102040814,0.21588089330024815,1.0345392441772283
96,10,1960,87,0.044387755102040814,0.21271393643031786,1.0345392441772283
44,96,1489,75,0.050369375419744795,0.25,1.0340277777777778
96,44,1489,75,0.050369375419744795,0.20833333333333334,1.0340277777777778
45,97,456,36,0.07894736842105263,0.19047619047619047,1.034013605442177
97,45,456,36,0.07894736842105263,0.42857142857142855,1.0340136054421767
22,60,1621,81,0.0499691548426897,0.3698630136986301,1.0337033538025509
60,22,1621,81,0.0499691548426897,0.1396551724137931,1.0337033538025506
21,52,2610,45,0.017241379310344827,0.2542372881355932,1.0335814984951686
52,21,2610,45,0.017241379310344827,0.07009345794392523,1.0335814984951686
35,58,1722,134,0.07781649245063879,0.3198090692124105,1.0332293005324031
58,35,1722,134,0.07781649245063879,0.25140712945590993,1.0332293005324031
41,80,1865,244,0.13083109919571045,0.305,1.0323502722323048
80,41,1865,244,0.13083109919571045,0.44283121597096187,1.0323502722323048
52,91,2610,71,0.027203065134099615,0.11059190031152648,1.0308744993324432
91,52,2610,71,0.027203065134099615,0.25357142857142856,1.0308744993324432
95,41,2209,73,0.033046627433227706,0.4506172839506173,1.0304488408353143
41,95,2209,73,0.033046627433227706,0.07556935817805382,1.030448840835314
56,31,2311,196,0.08481176979662484,0.23361144219308702,1.0302977918095881
31,56,2311,196,0.08481176979662484,0.37404580152671757,1.030297791809588
83,32,2177,55,0.025264124942581533,0.16224188790560473,1.0297393293600627
32,83,2177,55,0.025264124942581533,0.16034985422740525,1.0297393293600625
33,50,636,22,0.03459119496855346,0.27848101265822783,1.0297321165734472
50,33,636,22,0.03459119496855346,0.12790697674418605,1.0297321165734472
32,93,2180,62,0.028440366972477066,0.18075801749271136,1.028857645258775
93,32,2180,62,0.028440366972477066,0.1618798955613577,1.028857645258775
18,29,1667,83,0.04979004199160168,0.13495934959349593,1.0272933140290308
29,18,1667,83,0.04979004199160168,0.3789954337899543,1.0272933140290308
25,50,636,20,0.031446540880503145,0.2777777777777778,1.0271317829457365
50,25,636,20,0.031446540880503145,0.11627906976744186,1.0271317829457365
36,55,2219,88,0.03965750337990086,0.09810479375696766,1.026861025220336
55,36,2219,88,0.03965750337990086,0.41509433962264153,1.026861025220336
58,60,1300,139,0.10692307692307693,0.3475,1.0267045454545454
60,58,1300,139,0.10692307692307693,0.3159090909090909,1.0267045454545454
19,31,1542,81,0.05252918287937743,0.22752808988764045,1.025872264931993
31,19,1542,81,0.05252918287937743,0.23684210526315788,1.0258722649319927
18,56,1755,260,0.14814814814814814,0.3939393939393939,1.025762071756137
56,18,1755,260,0.14814814814814814,0.3857566765578635,1.025762071756137
41,18,1662,268,0.16125150421179302,0.3801418439716312,1.0256424426637194
18,41,1662,268,0.16125150421179302,0.43506493506493504,1.0256424426637192
35,95,2220,40,0.018018018018018018,0.07434944237918216,1.0251910688309591
95,35,2220,40,0.018018018018018018,0.2484472049689441,1.025191068830959
7,54,1867,43,0.023031601499732192,0.13782051282051283,1.0251430176728984
54,7,1867,43,0.023031601499732192,0.17131474103585656,1.025143017672898
58,7,1722,91,0.052845528455284556,0.17073170731707318,1.0243902439024393
7,58,1722,91,0.052845528455284556,0.3170731707317073,1.024390243902439
48,56,556,96,0.17266187050359713,0.35555555555555557,1.0242947610823259
56,48,556,96,0.17266187050359713,0.49740932642487046,1.0242947610823259
36,98,1815,208,0.11460055096418732,0.26804123711340205,1.0241996744438415
98,36,1815,208,0.11460055096418732,0.4378947368421053,1.0241996744438415
11,38,2699,87,0.0322341608002964,0.17827868852459017,1.0237748517614231
38,11,2699,87,0.0322341608002964,0.1851063829787234,1.023774851761423
35,37,1080,30,0.027777777777777776,0.12605042016806722,1.0235673216655083
37,35,1080,30,0.027777777777777776,0.22556390977443608,1.0235673216655081
28,80,2227,65,0.02918724741805119,0.26422764227642276,1.0233651466949452
80,28,2227,65,0.02918724741805119,0.11304347826086956,1.0233651466949452
36,91,2219,110,0.04957187922487607,0.12263099219620958,1.0230006454262746
91,36,2219,110,0.04957187922487607,0.41353383458646614,1.0230006454262746
41,60,1605,250,0.1557632398753894,0.36496350364963503,1.022279970955784
60,41,1605,250,0.1557632398753894,0.4363001745200698,1.022279970955784
45,90,464,44,0.09482758620689655,0.2268041237113402,1.0217195475928336
90,45,464,44,0.09482758620689655,0.42718446601941745,1.0217195475928336
19,25,1542,54,0.03501945525291829,0.15168539325842698,1.0213924733820716
25,19,1542,54,0.03501945525291829,0.23580786026200873,1.0213924733820714
56,80,2018,205,0.10158572844400396,0.28314917127071826,1.0203482636148382
80,56,2018,205,0.10158572844400396,0.36607142857142855,1.0203482636148382
56,5,2336,156,0.06678082191780822,0.1824561403508772,1.0196591958364813
5,56,2336,156,0.06678082191780822,0.37320574162679426,1.0196591958364811
36,79,2219,28,0.012618296529968454,0.03121516164994426,1.0186241720768574
79,36,2219,28,0.012618296529968454,0.4117647058823529,1.0186241720768574
42,98,2264,116,0.05123674911660778,0.2248062015503876,1.0179224806201552
98,42,2264,116,0.05123674911660778,0.232,1.017922480620155
18,91,1958,84,0.04290091930541369,0.11155378486055777,1.0159177244510331
91,18,1958,84,0.04290091930541369,0.39069767441860465,1.0159177244510331
36,60,1614,250,0.15489467162329615,0.36443148688046645,1.0158763727548754
60,36,1614,250,0.15489467162329615,0.4317789291882556,1.0158763727548754
48,98,514,37,0.07198443579766536,0.14624505928853754,1.0158102766798418
98,48,514,37,0.07198443579766536,0.5,1.0158102766798418
48,58,488,82,0.1680327868852459,0.34309623430962344,1.0147331051096742
58,48,488,82,0.1680327868852459,0.49696969696969695,1.0147331051096742
12,92,2676,72,0.026905829596412557,0.1437125748502994,1.0147093675445942
92,12,2676,72,0.026905829596412557,0.18997361477572558,1.014709367544594
12,48,556,34,0.06115107913669065,0.4927536231884058,1.0147074610842728
48,12,556,34,0.06115107913669065,0.1259259259259259,1.0147074610842726
31,21,2464,39,0.015827922077922076,0.06747404844290658,1.0137564351422064
21,31,2464,39,0.015827922077922076,0.23780487804878048,1.0137564351422061
18,60,1509,207,0.13717693836978131,0.3312,1.01375415821501
60,18,1509,207,0.13717693836978131,0.4198782961460446,1.01375415821501
11,80,2355,98,0.041613588110403395,0.2474747474747475,1.013570487483531
80,11,2355,98,0.041613588110403395,0.17043478260869566,1.013570487483531
36,48,556,125,0.22482014388489208,0.4921259842519685,1.0134149897929425
48,36,556,125,0.22482014388489208,0.46296296296296297,1.0134149897929425
30,48,556,31,0.05575539568345324,0.49206349206349204,1.013286302175191
48,30,556,31,0.05575539568345324,0.11481481481481481,1.013286302175191
20,35,2220,69,0.031081081081081083,0.24555160142348753,1.0132426675839077
35,20,2220,69,0.031081081081081083,0.12825278810408922,1.0132426675839077
45,42,464,36,0.07758620689655173,0.18556701030927836,1.0129775621588843
42,45,464,36,0.07758620689655173,0.4235294117647059,1.0129775621588841
36,90,2219,165,0.0743578188373141,0.18394648829431437,1.0128467928662124
90,36,2219,165,0.0743578188373141,0.4094292803970223,1.0128467928662124
48,93,555,32,0.05765765765765766,0.11851851851851852,1.011965811965812
93,48,555,32,0.05765765765765766,0.49230769230769234,1.011965811965812
10,45,464,22,0.04741379310344827,0.4230769230769231,1.0118953211736716
45,10,464,22,0.04741379310344827,0.1134020618556701,1.0118953211736716
29,56,2208,86,0.03894927536231884,0.36134453781512604,1.011215132440809
56,29,2208,86,0.03894927536231884,0.10899873257287707,1.011215132440809
34,5,2222,59,0.026552655265526554,0.17101449275362318,1.010622880049337
5,34,2222,59,0.026552655265526554,0.15691489361702127,1.0106228800493369
27,56,2221,140,0.0630346690679874,0.36082474226804123,1.0105822857217146
56,27,2221,140,0.0630346690679874,0.17654476670870115,1.0105822857217146
30,93,1972,33,0.016734279918864097,0.18032786885245902,1.0102459016393444
93,30,1972,33,0.016734279918864097,0.09375,1.0102459016393444
38,60,2080,135,0.06490384615384616,0.3316953316953317,1.010140980858404
60,38,2080,135,0.06490384615384616,0.19765739385065886,1.010140980858404
45,92,464,38,0.08189655172413793,0.1958762886597938,1.0098510882016036
92,45,464,38,0.08189655172413793,0.4222222222222222,1.0098510882016036
97,36,2138,127,0.05940130963517306,0.41368078175895767,1.009645560959648
36,97,2138,127,0.05940130963517306,0.1449771689497717,1.0096455609596477
18,58,1299,162,0.12471131639722864,0.34177215189873417,1.0090046029919448
58,18,1299,162,0.12471131639722864,0.36818181818181817,1.0090046029919446
36,3,2219,68,0.03064443442992339,0.0758082497212932,1.0072964439014949
3,36,2219,68,0.03064443442992339,0.40718562874251496,1.0072964439014946
29,52,2221,53,0.023863124718595228,0.2217573221757322,1.0072045246468329
52,29,2221,53,0.023863124718595228,0.1083844580777096,1.0072045246468329
6,98,2067,60,0.02902757619738752,0.24,1.0062474645030426
98,6,2067,60,0.02902757619738752,0.12170385395537525,1.0062474645030426
18,97,1899,87,0.045813586097946286,0.11869031377899045,1.0062183297602807
97,18,1899,87,0.045813586097946286,0.38839285714285715,1.0062183297602807
16,50,636,37,0.05817610062893082,0.27205882352941174,1.005984952120383
50,16,636,37,0.05817610062893082,0.21511627906976744,1.005984952120383
16,19,1542,85,0.05512321660181582,0.23224043715846995,1.0059403205010131
19,16,1542,85,0.05512321660181582,0.23876404494382023,1.0059403205010131
18,92,1958,116,0.059244126659857,0.15405046480743692,1.0054360336432049
92,18,1958,116,0.059244126659857,0.38666666666666666,1.0054360336432049
22,36,2219,115,0.051825146462370436,0.40636042402826855,1.0052550511914469
36,22,2219,115,0.051825146462370436,0.1282051282051282,1.0052550511914469
85,11,2515,69,0.02743538767395626,0.17336683417085427,1.0046488201375543
11,85,2515,69,0.02743538767395626,0.15898617511520738,1.004648820137554
52,58,1722,111,0.06445993031358885,0.31092436974789917,1.004524886877828
58,52,1722,111,0.06445993031358885,0.20825515947467166,1.004524886877828
41,56,2190,345,0.15753424657534246,0.359375,1.0038663903061225
56,41,2190,345,0.15753424657534246,0.44005102040816324,1.0038663903061225
19,72,1542,54,0.03501945525291829,0.15168539325842698,1.0038578386458987
72,19,1542,54,0.03501945525291829,0.2317596566523605,1.0038578386458985
56,87,2354,329,0.13976210705182668,0.38167053364269143,1.003857470608822
87,56,2354,329,0.13976210705182668,0.3675977653631285,1.003857470608822
41,11,2209,158,0.07152557718424626,0.16356107660455488,1.003628939498505
11,41,2209,158,0.07152557718424626,0.4388888888888889,1.0036289394985047
11,56,2359,144,0.06104281475201356,0.36828644501278773,1.0032190805833328
56,11,2359,144,0.06104281475201356,0.16628175519630484,1.0032190805833328
83,54,1716,35,0.020396270396270396,0.12915129151291513,1.0028217929238117
54,83,1716,35,0.020396270396270396,0.1583710407239819,1.0028217929238115
19,5,1542,65,0.04215304798962387,0.18258426966292135,1.0019393018513336
5,19,1542,65,0.04215304798962387,0.2313167259786477,1.0019393018513334
3,41,2209,74,0.033499320959710276,0.4378698224852071,1.0012985899273525
41,3,2209,74,0.033499320959710276,0.07660455486542443,1.0012985899273525
18,83,1778,108,0.06074240719910011,0.1581259150805271,1.0005262527159329
83,18,1778,108,0.06074240719910011,0.38434163701067614,1.0005262527159329
16,71,2220,128,0.05765765765765766,0.24242424242424243,1.0003379520108144
71,16,2220,128,0.05765765765765766,0.2379182156133829,1.0003379520108144
82,95,2700,42,0.015555555555555555,0.06296851574212893,1.0000881911985184
95,82,2700,42,0.015555555555555555,0.24705882352941178,1.0000881911985184
41,55,2205,93,0.04217687074829932,0.09657320872274143,0.9997367381861261
55,41,2205,93,0.04217687074829932,0.43661971830985913,0.999736738186126
71,36,2219,217,0.09779179810725552,0.40409683426443205,0.9996553793007522
36,71,2219,217,0.09779179810725552,0.241917502787068,0.9996553793007521
48,41,536,110,0.20522388059701493,0.421455938697318,0.9995592174414268
41,48,536,110,0.20522388059701493,0.48672566371681414,0.9995592174414267
18,87,1946,303,0.15570400822199384,0.4050802139037433,0.9990951790325532
87,18,1946,303,0.15570400822199384,0.3840304182509506,0.9990951790325532
19,87,1542,128,0.08300907911802853,0.3595505617977528,0.9989675068326753
87,19,1542,128,0.08300907911802853,0.23063063063063063,0.9989675068326753
35,87,2220,198,0.0891891891891892,0.3680297397769517,0.9988093182210669
87,35,2220,198,0.0891891891891892,0.24205378973105135,0.9988093182210669
45,58,392,64,0.16326530612244897,0.4025157232704403,0.9986466045696999
58,45,392,64,0.16326530612244897,0.4050632911392405,0.9986466045696999
17,36,2219,44,0.01982875168995043,0.4036697247706422,0.9985987951684003
36,17,2219,44,0.01982875168995043,0.04905239687848383,0.9985987951684002
18,36,1666,255,0.15306122448979592,0.4153094462540717,0.9984206889744349
36,18,1666,255,0.15306122448979592,0.36796536796536794,0.9984206889744348
35,49,1510,91,0.06026490066225165,0.24594594594594596,0.9983289741354258
49,35,1510,91,0.06026490066225165,0.2446236559139785,0.9983289741354258
98,7,2295,97,0.04226579520697168,0.194,0.9982735426008968
7,98,2295,97,0.04226579520697168,0.21748878923766815,0.9982735426008967
14,56,2359,59,0.025010597710894446,0.36645962732919257,0.9982427954613917
56,14,2359,59,0.025010597710894446,0.06812933025404157,0.9982427954613917
18,16,1958,189,0.0965270684371808,0.250996015936255,0.9968563878360797
16,18,1958,189,0.0965270684371808,0.38336713995943206,0.9968563878360795
19,36,1541,140,0.09085009733939,0.39325842696629215,0.9967290065050266
36,19,1541,140,0.09085009733939,0.23026315789473684,0.9967290065050266
56,54,1861,84,0.045137023105857065,0.13333333333333333,0.9965194109772423
54,56,1861,84,0.045137023105857065,0.3373493975903614,0.9965194109772422
24,48,556,42,0.07553956834532374,0.4827586206896552,0.9941251596424011
48,24,556,42,0.07553956834532374,0.15555555555555556,0.994125159642401
7,60,2080,132,0.06346153846153846,0.3251231527093596,0.9901261458791625
60,7,2080,132,0.06346153846153846,0.19326500732064422,0.9901261458791625
56,58,1716,182,0.10606060606060606,0.3058823529411765,0.9885011631771354
58,56,1716,182,0.10606060606060606,0.3427495291902072,0.9885011631771353
60,49,1010,74,0.07326732673267326,0.21511627906976744,0.9875792811839323
49,60,1010,74,0.07326732673267326,0.33636363636363636,0.9875792811839322
41,44,2201,162,0.07360290776919581,0.16822429906542055,0.9873644859813084
44,41,2201,162,0.07360290776919581,0.432,0.9873644859813084
19,74,1542,23,0.014915693904020753,0.06460674157303371,0.9863722327288909
74,19,1542,23,0.014915693904020753,0.22772277227722773,0.9863722327288909
9,41,2209,179,0.08103214124038026,0.43132530120481927,0.986332909276859
41,9,2209,179,0.08103214124038026,0.18530020703933747,0.9863329092768589
18,72,1853,135,0.07285483000539665,0.19368723098995697,0.9859957116054677
72,18,1853,135,0.07285483000539665,0.3708791208791209,0.9859957116054677
36,87,2219,326,0.1469130238846327,0.3634336677814939,0.9858915755588447
87,36,2219,326,0.1469130238846327,0.39853300733496333,0.9858915755588447
55,94,1720,27,0.015697674418604653,0.17419354838709677,0.9855687606112055
94,55,1720,27,0.015697674418604653,0.08881578947368421,0.9855687606112055
12,35,2220,72,0.032432432432432434,0.23841059602649006,0.9837760653881189
35,12,2220,72,0.032432432432432434,0.13382899628252787,0.9837760653881188
50,41,636,83,0.13050314465408805,0.48255813953488375,0.9836762075134169
41,50,636,83,0.13050314465408805,0.266025641025641,0.9836762075134168
94,45,326,26,0.07975460122699386,0.41935483870967744,0.9835228591320493
45,94,326,26,0.07975460122699386,0.18705035971223022,0.9835228591320492
98,38,2295,91,0.03965141612200436,0.182,0.9828
38,98,2295,91,0.03965141612200436,0.21411764705882352,0.9827999999999999
19,46,1542,22,0.014267185473411154,0.06179775280898876,0.9823931425923781
46,19,1542,22,0.014267185473411154,0.2268041237113402,0.982393142592378
60,3,2080,90,0.04326923076923077,0.13177159590043924,0.9823832239172532
3,60,2080,90,0.04326923076923077,0.3225806451612903,0.9823832239172531
29,97,2139,32,0.014960261804581581,0.14096916299559473,0.9821923115556258
97,29,2139,32,0.014960261804581581,0.10423452768729642,0.9821923115556257
35,71,2220,128,0.05765765765765766,0.2379182156133829,0.9817443097801302
71,35,2220,128,0.05765765765765766,0.2379182156133829,0.9817443097801302
6,83,2221,37,0.016659162539396668,0.14453125,0.9816633218654434
83,6,2221,37,0.016659162539396668,0.11314984709480122,0.9816633218654434
25,60,2029,134,0.06604238541153278,0.3228915662650602,0.9807589639997114
60,25,2029,134,0.06604238541153278,0.20059880239520958,0.9807589639997114
20,93,2178,47,0.02157943067033976,0.16151202749140894,0.9798696263963472
93,20,2178,47,0.02157943067033976,0.1309192200557103,0.9798696263963472
58,95,1722,20,0.011614401858304297,0.0375234521575985,0.9790209790209792
95,58,1722,20,0.011614401858304297,0.30303030303030304,0.9790209790209791
19,26,1542,40,0.02594033722438392,0.11235955056179775,0.9788611693010856
26,19,1542,40,0.02594033722438392,0.22598870056497175,0.9788611693010855
21,35,2220,37,0.016666666666666666,0.23717948717948717,0.9786960251644267
35,21,2220,37,0.016666666666666666,0.0687732342007435,0.9786960251644266
60,87,2045,274,0.13398533007334965,0.40713224368499257,0.978361267139612
87,60,2045,274,0.13398533007334965,0.3219741480611046,0.978361267139612
85,16,2515,88,0.03499005964214712,0.22110552763819097,0.9772942038840954
16,85,2515,88,0.03499005964214712,0.1546572934973638,0.9772942038840953
41,49,1508,162,0.10742705570291777,0.24107142857142858,0.9772465437788018
49,41,1508,162,0.10742705570291777,0.43548387096774194,0.9772465437788018
60,96,1455,102,0.07010309278350516,0.21473684210526317,0.9763815789473685
96,60,1455,102,0.07010309278350516,0.31875,0.9763815789473683
16,41,2209,224,0.10140334993209597,0.4266666666666667,0.97567977915804
41,16,2209,224,0.10140334993209597,0.2318840579710145,0.97567977915804
5,45,464,31,0.0668103448275862,0.40789473684210525,0.9755832881172003
45,5,464,31,0.0668103448275862,0.15979381443298968,0.9755832881172002
5,54,1867,40,0.021424745581146223,0.13114754098360656,0.9755078048461892
54,5,1867,40,0.021424745581146223,0.1593625498007968,0.9755078048461889
36,95,2219,63,0.028391167192429023,0.07023411371237458,0.974059364548495
95,36,2219,63,0.028391167192429023,0.39375,0.974059364548495
36,94,1612,125,0.07754342431761786,0.18355359765051396,0.9733171033310148
94,36,1612,125,0.07754342431761786,0.41118421052631576,0.9733171033310146
36,74,2219,59,0.02658855340243353,0.06577480490523968,0.9730286138981791
74,36,2219,59,0.02658855340243353,0.3933333333333333,0.9730286138981791
36,42,2219,171,0.07706173952230734,0.19063545150501673,0.9724599238842118
42,36,2219,171,0.07706173952230734,0.3931034482758621,0.9724599238842118
56,91,2359,96,0.040695209834675714,0.11085450346420324,0.9721404225726968
91,56,2359,96,0.040695209834675714,0.35687732342007433,0.9721404225726966
41,81,2209,99,0.04481665912177456,0.10248447204968944,0.9716231706341801
81,41,2209,99,0.04481665912177456,0.4248927038626609,0.9716231706341801
50,58,573,44,0.07678883071553229,0.29333333333333333,0.9715606936416185
58,50,573,44,0.07678883071553229,0.2543352601156069,0.9715606936416185
23,94,1684,37,0.021971496437054632,0.17535545023696683,0.9713769019705664
94,23,1684,37,0.021971496437054632,0.12171052631578948,0.9713769019705663
25,98,2244,90,0.040106951871657755,0.21634615384615385,0.9709615384615385
98,25,2244,90,0.040106951871657755,0.18,0.9709615384615383
71,82,2220,116,0.05225225225225225,0.21561338289962825,0.9709162475399081
82,71,2220,116,0.05225225225225225,0.23529411764705882,0.9709162475399081
60,35,1615,126,0.07801857585139318,0.21761658031088082,0.9708585005582114
35,60,1615,126,0.07801857585139318,0.34806629834254144,0.9708585005582113
26,54,1867,28,0.014997321906802356,0.13023255813953488,0.9687019364402855
54,26,1867,28,0.014997321906802356,0.11155378486055777,0.9687019364402853
45,56,463,71,0.15334773218142547,0.36597938144329895,0.9682768777614138
56,45,463,71,0.15334773218142547,0.4057142857142857,0.9682768777614137
54,11,1867,38,0.020353508302088912,0.15139442231075698,0.9679910495006278
11,54,1867,38,0.020353508302088912,0.13013698630136986,0.9679910495006276
50,18,489,48,0.09815950920245399,0.3582089552238806,0.9677578956048487
18,50,489,48,0.09815950920245399,0.26519337016574585,0.9677578956048486
97,56,2278,108,0.04741000877963126,0.35294117647058826,0.9675090252707582
56,97,2278,108,0.04741000877963126,0.1299638989169675,0.967509025270758
28,60,1953,74,0.03789042498719918,0.31896551724137934,0.9672976011994003
60,28,1953,74,0.03789042498719918,0.11490683229813664,0.9672976011994002
30,98,1815,44,0.024242424242424242,0.25287356321839083,0.9662431941923777
98,30,1815,44,0.024242424242424242,0.09263157894736843,0.9662431941923775
19,34,1542,60,0.038910505836575876,0.16853932584269662,0.9661250574328558
34,19,1542,60,0.038910505836575876,0.22304832713754646,0.9661250574328557
7,48,556,45,0.08093525179856115,0.46875,0.9652777777777778
48,7,556,45,0.08093525179856115,0.16666666666666666,0.9652777777777777
58,98,1520,112,0.07368421052631578,0.24190064794816415,0.9650629524441195
98,58,1520,112,0.07368421052631578,0.29396325459317585,0.9650629524441195
27,60,1633,98,0.06001224739742805,0.34265734265734266,0.9647576561369665
60,27,1633,98,0.06001224739742805,0.16896551724137931,0.9647576561369665
41,58,1704,222,0.13028169014084506,0.2979865771812081,0.9635087808667525
58,41,1704,222,0.13028169014084506,0.42125237191650855,0.9635087808667524
60,26,1748,90,0.05148741418764302,0.14492753623188406,0.9632446134347277
26,60,1748,90,0.05148741418764302,0.34220532319391633,0.9632446134347274
19,90,1542,72,0.04669260700389105,0.20224719101123595,0.9625468164794007
90,19,1542,72,0.04669260700389105,0.2222222222222222,0.9625468164794007
41,10,2209,127,0.057492077863286556,0.13146997929606624,0.9616463055132793
10,41,2209,127,0.057492077863286556,0.4205298013245033,0.9616463055132792
96,5,1879,75,0.03991484832357637,0.18472906403940886,0.961512219750829
5,96,1879,75,0.03991484832357637,0.2077562326869806,0.9615122197508289
36,49,1510,144,0.09536423841059603,0.23684210526315788,0.9613752122241086
49,36,1510,144,0.09536423841059603,0.3870967741935484,0.9613752122241086
56,60,1752,226,0.12899543378995434,0.33186490455212925,0.961036880620381
60,56,1752,226,0.12899543378995434,0.37355371900826445,0.9610368806203808
31,52,2463,131,0.05318717011774259,0.2270363951473137,0.9608086619378585
52,31,2463,131,0.05318717011774259,0.22508591065292097,0.9608086619378584
31,18,1811,132,0.07288790723357261,0.36164383561643837,0.960318161732214
18,31,1811,132,0.07288790723357261,0.1935483870967742,0.9603181617322138
1,50,636,27,0.04245283018867924,0.25961538461538464,0.9599731663685153
50,1,636,27,0.04245283018867924,0.1569767441860465,0.9599731663685153
18,52,1910,177,0.09267015706806282,0.24313186813186813,0.9594666696939425
52,18,1910,177,0.09267015706806282,0.365702479338843,0.9594666696939425
58,82,1722,117,0.06794425087108014,0.21951219512195122,0.9593908629441624
82,58,1722,117,0.06794425087108014,0.2969543147208122,0.9593908629441624
32,58,1721,68,0.039511911679256245,0.29694323144104806,0.9587979386679994
58,32,1721,68,0.039511911679256245,0.1275797373358349,0.9587979386679993
94,44,1622,44,0.027127003699136867,0.14473684210526316,0.958216970998926
44,94,1622,44,0.027127003699136867,0.17959183673469387,0.9582169709989258
60,71,1615,138,0.08544891640866874,0.23834196891191708,0.9575181089371793
71,60,1615,138,0.08544891640866874,0.34328358208955223,0.9575181089371793
18,80,1698,156,0.09187279151943463,0.23963133640552994,0.9573976687449173
80,18,1698,156,0.09187279151943463,0.36705882352941177,0.9573976687449173
11,45,464,28,0.0603448275862069,0.4,0.9567010309278352
45,11,464,28,0.0603448275862069,0.14432989690721648,0.956701030927835
60,20,1816,99,0.054515418502202644,0.15590551181102363,0.9565013832730369
20,60,1816,99,0.054515418502202644,0.3344594594594595,0.9565013832730368
22,56,2210,96,0.04343891402714932,0.3416370106761566,0.9557187260687419
56,22,2210,96,0.04343891402714932,0.12151898734177215,0.9557187260687419
18,94,1512,76,0.05026455026455026,0.12947189097103917,0.9549341421863963
94,18,1512,76,0.05026455026455026,0.37073170731707317,0.9549341421863963
81,82,2700,58,0.02148148148148148,0.23577235772357724,0.9544008483563097
82,81,2700,58,0.02148148148148148,0.08695652173913043,0.9544008483563096
25,94,2042,56,0.02742409402546523,0.14249363867684478,0.9540065907479248
94,25,2042,56,0.02742409402546523,0.18360655737704917,0.9540065907479246
30,94,1613,30,0.018598884066955982,0.17964071856287425,0.953159470532619
94,30,1613,30,0.018598884066955982,0.09868421052631579,0.953159470532619
82,96,1960,107,0.05459183673469388,0.19888475836431227,0.9530907735795894
96,82,1960,107,0.05459183673469388,0.2616136919315403,0.9530907735795893
12,60,2056,141,0.06857976653696499,0.31333333333333335,0.9529783037475346
60,12,2056,141,0.06857976653696499,0.20857988165680474,0.9529783037475346
38,83,2449,61,0.02490812576561862,0.13926940639269406,0.9527116655187368
83,38,2449,61,0.02490812576561862,0.17039106145251395,0.9527116655187367
18,90,1958,115,0.05873340143003064,0.15272244355909695,0.9523265748048146
90,18,1958,115,0.05873340143003064,0.3662420382165605,0.9523265748048146
72,16,2512,98,0.03901273885350318,0.2149122807017544,0.9521334199696774
16,72,2512,98,0.03901273885350318,0.1728395061728395,0.9521334199696773
49,96,1123,54,0.04808548530721282,0.17880794701986755,0.9516650450393899
96,49,1123,54,0.04808548530721282,0.2559241706161137,0.9516650450393899
60,34,1617,92,0.05689548546691404,0.15889464594127806,0.9516023795816542
34,60,1617,92,0.05689548546691404,0.34074074074074073,0.9516023795816541
45,91,464,31,0.0668103448275862,0.15979381443298968,0.9505683320116309
91,45,464,31,0.0668103448275862,0.3974358974358974,0.9505683320116309
11,19,1542,57,0.03696498054474708,0.21923076923076923,0.9495894554883318
19,11,1542,57,0.03696498054474708,0.1601123595505618,0.9495894554883318
20,41,2206,116,0.05258386219401632,0.4142857142857143,0.949028334075063
41,20,2206,116,0.05258386219401632,0.12045690550363447,0.9490283340750629
54,55,1867,21,0.011247991430101767,0.08366533864541832,0.9466859833393697
55,54,1867,21,0.011247991430101767,0.12727272727272726,0.9466859833393697
17,35,2220,25,0.01126126126126126,0.22935779816513763,0.946420654138672
35,17,2220,25,0.01126126126126126,0.046468401486988845,0.9464206541386719
6,60,1856,77,0.041487068965517244,0.32217573221757323,0.9461363275250252
60,6,1856,77,0.041487068965517244,0.12183544303797468,0.9461363275250252
36,45,464,85,0.18318965517241378,0.3953488372093023,0.9455766003356509
45,36,464,85,0.18318965517241378,0.4381443298969072,0.9455766003356509
23,98,1886,55,0.02916224814422057,0.24017467248908297,0.9436863173216886
98,23,1886,55,0.02916224814422057,0.11458333333333333,0.9436863173216885
6,41,2200,98,0.04454545454545455,0.41350210970464135,0.9436770138487666
41,6,2200,98,0.04454545454545455,0.1016597510373444,0.9436770138487666
36,54,1867,97,0.05195500803427959,0.12679738562091503,0.943150274718121
54,36,1867,97,0.05195500803427959,0.38645418326693226,0.943150274718121
31,58,1722,101,0.0586527293844367,0.29190751445086704,0.9430858159181859
58,31,1722,101,0.0586527293844367,0.1894934333958724,0.9430858159181859
48,60,455,79,0.17362637362637362,0.3542600896860987,0.9426218760653503
60,48,455,79,0.17362637362637362,0.4619883040935672,0.9426218760653502
22,98,1821,49,0.026908292147171883,0.24623115577889448,0.9419893585574933
98,22,1821,49,0.026908292147171883,0.10294117647058823,0.9419893585574933
5,41,2209,152,0.06880941602535083,0.41192411924119243,0.941967266463555
41,5,2209,152,0.06880941602535083,0.15734989648033126,0.941967266463555
12,45,464,24,0.05172413793103448,0.39344262295081966,0.9410174074700017
45,12,464,24,0.05172413793103448,0.12371134020618557,0.9410174074700017
83,56,2112,111,0.052556818181818184,0.33636363636363636,0.9409271523178808
56,83,2112,111,0.052556818181818184,0.14701986754966886,0.9409271523178807
23,80,1947,64,0.03287108371854135,0.27350427350427353,0.9408353719307784
80,23,1947,64,0.03287108371854135,0.11307420494699646,0.9408353719307783
94,11,2092,51,0.024378585086042064,0.16721311475409836,0.9403490216816499
11,94,2092,51,0.024378585086042064,0.13709677419354838,0.9403490216816498
35,6,2218,54,0.024346257889990983,0.10037174721189591,0.9393440308691356
6,35,2218,54,0.024346257889990983,0.22784810126582278,0.9393440308691355
29,60,1616,60,0.03712871287128713,0.33707865168539325,0.9391708640061992
60,29,1616,60,0.03712871287128713,0.10344827586206896,0.9391708640061991
11,48,556,36,0.06474820143884892,0.45569620253164556,0.9383966244725739
48,11,556,36,0.06474820143884892,0.13333333333333333,0.9383966244725738
44,38,2229,52,0.02332884701659937,0.13756613756613756,0.9377214698315616
38,44,2229,52,0.02332884701659937,0.15902140672782875,0.9377214698315615
5,16,2619,103,0.039327987781596026,0.21149897330595482,0.9356685998113103
16,5,2619,103,0.039327987781596026,0.17398648648648649,0.9356685998113103
21,41,2209,63,0.028519692168401993,0.4090909090909091,0.9354884246188595
41,21,2209,63,0.028519692168401993,0.06521739130434782,0.9354884246188593
44,82,2229,79,0.0354419021982952,0.20899470899470898,0.9354401733919806
82,44,2229,79,0.0354419021982952,0.15863453815261044,0.9354401733919806
30,80,1876,49,0.026119402985074626,0.28,0.9346619217081852
80,30,1876,49,0.026119402985074626,0.08718861209964412,0.934661921708185
29,54,1867,26,0.013926084627745045,0.12560386473429952,0.9342725715495507
54,29,1867,26,0.013926084627745045,0.10358565737051793,0.9342725715495507
3,35,2220,38,0.017117117117117116,0.2261904761904762,0.9333510355815189
35,3,2220,38,0.017117117117117116,0.07063197026022305,0.9333510355815189
52,92,2610,87,0.03333333333333333,0.13551401869158877,0.9332231894064557
92,52,2610,87,0.03333333333333333,0.22955145118733508,0.9332231894064557
50,82,636,29,0.04559748427672956,0.1686046511627907,0.9324570273003033
82,50,636,29,0.04559748427672956,0.25217391304347825,0.9324570273003033
98,49,1392,57,0.040948275862068964,0.23170731707317074,0.9321866629070916
49,98,1392,57,0.040948275862068964,0.16473988439306358,0.9321866629070915
54,82,1867,53,0.028387787895018748,0.21115537848605578,0.9319789400318349
82,54,1867,53,0.028387787895018748,0.12529550827423167,0.9319789400318348
98,19,1233,70,0.05677210056772101,0.2222222222222222,0.9319727891156463
19,98,1233,70,0.05677210056772101,0.23809523809523808,0.9319727891156462
35,54,1867,58,0.031065881092662024,0.12526997840172785,0.9317890425339678
54,35,1867,58,0.031065881092662024,0.23107569721115537,0.9317890425339678
42,60,2049,153,0.0746705710102489,0.30784708249496984,0.9317262511553814
60,42,2049,153,0.0746705710102489,0.2259970457902511,0.9317262511553812
96,45,349,43,0.12320916905444126,0.4215686274509804,0.931186398610077
45,96,349,43,0.12320916905444126,0.2721518987341772,0.9311863986100769
93,82,2452,94,0.03833605220228385,0.24102564102564103,0.9307005855037351
82,93,2452,94,0.03833605220228385,0.14803149606299212,0.930700585503735
19,30,1542,35,0.022697795071335927,0.09831460674157304,0.9300682429172125
30,19,1542,35,0.022697795071335927,0.2147239263803681,0.9300682429172124
38,80,2356,98,0.04159592529711375,0.22685185185185186,0.9295008051529791
80,38,2356,98,0.04159592529711375,0.17043478260869566,0.9295008051529791
11,49,1510,49,0.03245033112582781,0.22897196261682243,0.9294292030951663
49,11,1510,49,0.03245033112582781,0.13172043010752688,0.9294292030951662
31,98,2059,101,0.04905293831957261,0.2229580573951435,0.929292793879758
98,31,2059,101,0.04905293831957261,0.20445344129554655,0.9292927938797579
9,45,464,31,0.0668103448275862,0.3875,0.9268041237113402
45,9,464,31,0.0668103448275862,0.15979381443298968,0.92680412371134
83,42,2418,72,0.02977667493796526,0.2033898305084746,0.9261706406205115
42,83,2418,72,0.02977667493796526,0.13559322033898305,0.9261706406205114
54,94,1407,31,0.02203269367448472,0.17032967032967034,0.9253044253044254
94,54,1407,31,0.02203269367448472,0.11969111969111969,0.9253044253044254
32,80,2084,86,0.04126679462571977,0.2529411764705882,0.9247884416924664
80,32,2084,86,0.04126679462571977,0.15087719298245614,0.9247884416924664
50,24,636,22,0.03459119496855346,0.12790697674418605,0.9244186046511629
24,50,636,22,0.03459119496855346,0.25,0.9244186046511628
41,71,2200,215,0.09772727272727273,0.2232606438213915,0.9232583015170325
71,41,2200,215,0.09772727272727273,0.4041353383458647,0.9232583015170325
36,85,2219,113,0.05092383956737269,0.12597547380156077,0.9225728592926182
85,36,2219,113,0.05092383956737269,0.37293729372937295,0.9225728592926182
34,45,464,27,0.05818965517241379,0.38571428571428573,0.9225331369661267
45,34,464,27,0.05818965517241379,0.13917525773195877,0.9225331369661267
96,19,1056,56,0.05303030303030303,0.21132075471698114,0.9221269296740996
19,96,1056,56,0.05303030303030303,0.23140495867768596,0.9221269296740994
19,38,1542,43,0.027885862516212712,0.12078651685393259,0.9220436088552675
38,19,1542,43,0.027885862516212712,0.21287128712871287,0.9220436088552675
31,60,1849,137,0.07409410492157924,0.3120728929384966,0.921761627864665
60,31,1849,137,0.07409410492157924,0.21884984025559107,0.9217616278646649
92,36,2219,136,0.06128886885984678,0.3726027397260274,0.9217452390769842
36,92,2219,136,0.06128886885984678,0.1516164994425864,0.9217452390769841
41,45,450,88,0.19555555555555557,0.39111111111111113,0.9214659685863874
45,41,450,88,0.19555555555555557,0.4607329842931937,0.9214659685863874
87,45,464,77,0.16594827586206898,0.385,0.9208247422680413
45,87,464,77,0.16594827586206898,0.39690721649484534,0.9208247422680412
18,95,1958,46,0.02349336057201226,0.06108897742363878,0.9200939830421904
95,18,1958,46,0.02349336057201226,0.35384615384615387,0.9200939830421903
31,12,2464,86,0.0349025974025974,0.14878892733564014,0.9188368845990409
12,31,2464,86,0.0349025974025974,0.21553884711779447,0.9188368845990408
5,85,2511,68,0.027080844285145362,0.145610278372591,0.9186618316421508
85,5,2511,68,0.027080844285145362,0.1708542713567839,0.9186618316421508
45,83,427,34,0.07962529274004684,0.19767441860465115,0.9174671385237614
83,45,427,34,0.07962529274004684,0.3695652173913043,0.9174671385237613
44,93,1981,43,0.02170620898536093,0.1634980988593156,0.9149427509613114
93,44,1981,43,0.02170620898536093,0.12146892655367232,0.9149427509613113
49,54,1337,37,0.027673896783844427,0.11349693251533742,0.9141289082711213
54,49,1337,37,0.027673896783844427,0.22289156626506024,0.9141289082711213
29,94,1614,32,0.01982651796778191,0.17204301075268819,0.9134125636672328
94,29,1614,32,0.01982651796778191,0.10526315789473684,0.9134125636672326
41,98,1808,179,0.09900442477876106,0.2352168199737188,0.9126008809280765
98,41,1808,179,0.09900442477876106,0.38412017167381973,0.9126008809280763
5,60,2014,115,0.057100297914597815,0.3026315789473684,0.9124251497005988
60,5,2014,115,0.057100297914597815,0.1721556886227545,0.9124251497005987
48,72,556,31,0.05575539568345324,0.11481481481481481,0.911957671957672
72,48,556,31,0.05575539568345324,0.44285714285714284,0.911957671957672
60,14,2080,47,0.022596153846153846,0.06881405563689605,0.9116766606671579
14,60,2080,47,0.022596153846153846,0.29936305732484075,0.9116766606671578
32,94,1821,49,0.026908292147171883,0.1526479750778816,0.9113834839895817
94,32,1821,49,0.026908292147171883,0.16065573770491803,0.9113834839895817
16,45,464,48,0.10344827586206896,0.38095238095238093,0.9111438389788905
45,16,464,48,0.10344827586206896,0.24742268041237114,0.9111438389788905
98,11,2294,79,0.03443766346992153,0.158,0.9084010025062657
11,98,2294,79,0.03443766346992153,0.19799498746867167,0.9084010025062655
25,83,2398,58,0.02418682235195997,0.13551401869158877,0.907716806766564
83,25,2398,58,0.02418682235195997,0.16201117318435754,0.907716806766564
19,56,1537,114,0.0741704619388419,0.3202247191011236,0.9064187721149668
56,19,1537,114,0.0741704619388419,0.20994475138121546,0.9064187721149668
14,98,2295,30,0.013071895424836602,0.19736842105263158,0.905921052631579
98,14,2295,30,0.013071895424836602,0.06,0.905921052631579
23,60,1686,86,0.051008303677342826,0.31970260223048325,0.9059135922026803
60,23,1686,86,0.051008303677342826,0.14453781512605043,0.9059135922026803
12,93,2428,67,0.02759472817133443,0.14533622559652928,0.9048111685855721
93,12,2428,67,0.02759472817133443,0.1717948717948718,0.9048111685855721
30,83,1969,26,0.013204672422549517,0.14285714285714285,0.904455672944419
83,30,1969,26,0.013204672422549517,0.08360128617363344,0.9044556729444189
35,38,2220,71,0.03198198198198198,0.13197026022304834,0.9042406718986645
38,35,2220,71,0.03198198198198198,0.2191358024691358,0.9042406718986645
94,85,1908,45,0.02358490566037736,0.14754098360655737,0.9022698612862547
85,94,1908,45,0.02358490566037736,0.14423076923076922,0.9022698612862546
49,90,1510,32,0.02119205298013245,0.08602150537634409,0.9020310633213859
90,49,1510,32,0.02119205298013245,0.2222222222222222,0.9020310633213858
5,38,2619,76,0.029018709431080564,0.15605749486652978,0.9002523767741002
38,5,2619,76,0.029018709431080564,0.16740088105726872,0.9002523767741002
7,19,1542,54,0.03501945525291829,0.2076923076923077,0.8996110630942091
19,7,1542,54,0.03501945525291829,0.15168539325842698,0.8996110630942091
55,85,2221,26,0.01170643854119766,0.12264150943396226,0.8989663117255122
85,55,2221,26,0.01170643854119766,0.0858085808580858,0.8989663117255121
52,80,2266,127,0.056045895851721095,0.22800718132854578,0.8985465615486692
80,52,2266,127,0.056045895851721095,0.22086956521739132,0.8985465615486692
82,90,2700,93,0.034444444444444444,0.13943028485757122,0.8984767759318433
90,82,2700,93,0.034444444444444444,0.22195704057279236,0.8984767759318432
93,10,2452,58,0.02365415986949429,0.14871794871794872,0.8981684981684982
10,93,2452,58,0.02365415986949429,0.14285714285714285,0.8981684981684981
97,19,1471,49,0.03331067301155676,0.2094017094017094,0.8980463980463981
19,97,1471,49,0.03331067301155676,0.14285714285714285,0.898046398046398
25,80,2305,97,0.0420824295010846,0.22401847575057737,0.8980218897479667
80,25,2305,97,0.0420824295010846,0.16869565217391305,0.8980218897479667
31,54,1867,49,0.026245313336904125,0.1206896551724138,0.8977194669597474
54,31,1867,49,0.026245313336904125,0.1952191235059761,0.8977194669597471
31,42,2463,111,0.04506699147381242,0.19204152249134948,0.897529923901696
42,31,2463,111,0.04506699147381242,0.21062618595825428,0.897529923901696
35,48,556,64,0.11510791366906475,0.43537414965986393,0.8965482489292013
48,35,556,64,0.11510791366906475,0.23703703703703705,0.8965482489292013
30,18,1667,72,0.04319136172765447,0.3302752293577982,0.8952338330722758
18,30,1667,72,0.04319136172765447,0.11707317073170732,0.8952338330722757
72,80,2168,83,0.038284132841328415,0.23646723646723647,0.8946962803856346
80,72,2168,83,0.038284132841328415,0.14485165794066318,0.8946962803856346
18,85,1855,103,0.055525606469002696,0.14756446991404013,0.8945493192501451
85,18,1855,103,0.055525606469002696,0.3366013071895425,0.8945493192501451
29,80,1877,54,0.02876931273308471,0.26732673267326734,0.8928332335012861
80,29,1877,54,0.02876931273308471,0.09608540925266904,0.892833233501286
18,81,1958,58,0.0296220633299285,0.07702523240371846,0.8923988464288802
81,18,1958,58,0.0296220633299285,0.3431952662721893,0.89239884642888
38,45,464,35,0.07543103448275862,0.3723404255319149,0.8905461724062295
45,38,464,35,0.07543103448275862,0.18041237113402062,0.8905461724062295
36,52,2219,176,0.07931500675980171,0.19620958751393533,0.8903662059170194
52,36,2219,176,0.07931500675980171,0.35991820040899797,0.8903662059170194
45,80,423,60,0.14184397163120568,0.3409090909090909,0.8901515151515151
80,45,423,60,0.14184397163120568,0.37037037037037035,0.8901515151515151
96,3,1960,52,0.026530612244897958,0.1271393643031785,0.8899755501222495
3,96,1960,52,0.026530612244897958,0.18571428571428572,0.8899755501222494
49,80,1409,67,0.047551454932576294,0.19197707736389685,0.8897884934399034
80,49,1409,67,0.047551454932576294,0.22039473684210525,0.8897884934399034
83,3,2449,36,0.014699877501020826,0.1005586592178771,0.8890547163342275
3,83,2449,36,0.014699877501020826,0.1299638989169675,0.8890547163342274
54,41,1851,96,0.05186385737439222,0.38866396761133604,0.8870739877294489
41,54,1851,96,0.05186385737439222,0.11837237977805179,0.8870739877294488
80,42,2325,113,0.048602150537634406,0.19652173913043477,0.8854903943377149
42,80,2325,113,0.048602150537634406,0.2189922480620155,0.8854903943377148
6,58,1720,45,0.02616279069767442,0.27439024390243905,0.8854619503043062
58,6,1720,45,0.02616279069767442,0.08442776735459662,0.885461950304306
27,94,1631,47,0.028816676885346414,0.1649122807017544,0.8847760849492152
94,27,1631,47,0.028816676885346414,0.15460526315789475,0.8847760849492151
31,80,2120,111,0.05235849056603774,0.23870967741935484,0.8847281750507557
80,31,2120,111,0.05235849056603774,0.19405594405594406,0.8847281750507557
36,50,636,61,0.0959119496855346,0.23921568627450981,0.8845417236662108
50,36,636,61,0.0959119496855346,0.3546511627906977,0.8845417236662106
19,41,1523,136,0.08929743926460933,0.384180790960452,0.883847952617475
41,19,1523,136,0.08929743926460933,0.2054380664652568,0.8838479526174748
60,11,2079,114,0.05483405483405483,0.16691068814055637,0.8829702815374472
11,60,2079,114,0.05483405483405483,0.2900763358778626,0.8829702815374469
52,90,2610,91,0.03486590038314176,0.14174454828660435,0.8829433676086811
90,52,2610,91,0.03486590038314176,0.2171837708830549,0.8829433676086811
29,48,556,30,0.0539568345323741,0.42857142857142855,0.8825396825396825
48,29,556,30,0.0539568345323741,0.1111111111111111,0.8825396825396825
6,80,2128,59,0.027725563909774435,0.236,0.8810666666666667
80,6,2128,59,0.027725563909774435,0.10350877192982456,0.8810666666666667
32,19,1541,47,0.030499675535366644,0.20346320346320346,0.8807213385865071
19,32,1541,47,0.030499675535366644,0.13202247191011235,0.880721338586507
12,97,2594,52,0.020046260601387818,0.10569105691056911,0.8787262872628727
97,12,2594,52,0.020046260601387818,0.16666666666666666,0.8787262872628726
5,35,2220,80,0.036036036036036036,0.2127659574468085,0.8779561812860872
35,5,2220,80,0.036036036036036036,0.14869888475836432,0.8779561812860872
38,92,2700,58,0.02148148148148148,0.12314225053078556,0.8772666924356756
92,38,2700,58,0.02148148148148148,0.15303430079155672,0.8772666924356755
38,95,2700,26,0.00962962962962963,0.055201698513800426,0.8767328587485951
95,38,2700,26,0.00962962962962963,0.15294117647058825,0.876732858748595
72,60,1895,110,0.05804749340369393,0.2925531914893617,0.8758108971127022
60,72,1895,110,0.05804749340369393,0.17377567140600317,0.8758108971127021
10,60,2080,113,0.05432692307692308,0.2875318066157761,0.8756459118020707
60,10,2080,113,0.05432692307692308,0.16544655929721816,0.8756459118020707
19,85,1542,38,0.02464332036316472,0.10674157303370786,0.8708756911004102
85,19,1542,38,0.02464332036316472,0.20105820105820105,0.8708756911004101
35,44,2220,79,0.03558558558558558,0.14684014869888476,0.8669817290200111
44,35,2220,79,0.03558558558558558,0.21010638297872342,0.8669817290200111
45,93,427,38,0.08899297423887588,0.22093023255813954,0.8654789844250054
93,45,427,38,0.08899297423887588,0.3486238532110092,0.8654789844250054
19,71,1542,76,0.04928664072632944,0.21348314606741572,0.8640184021941077
71,19,1542,76,0.04928664072632944,0.1994750656167979,0.8640184021941077
58,94,1357,62,0.045689019896831246,0.15158924205378974,0.8606970772677518
94,58,1357,62,0.045689019896831246,0.2594142259414226,0.8606970772677517
48,80,556,61,0.10971223021582734,0.22592592592592592,0.8603754439370879
80,48,556,61,0.10971223021582734,0.4178082191780822,0.8603754439370879
94,38,2093,48,0.022933588150979456,0.15737704918032788,0.860026537687797
38,94,2093,48,0.022933588150979456,0.12532637075718014,0.8600265376877968
97,52,2528,65,0.025712025316455698,0.20833333333333334,0.859162588363241
52,97,2528,65,0.025712025316455698,0.10603588907014681,0.8591625883632408
87,80,2318,203,0.08757549611734254,0.21256544502617802,0.8584088877537991
80,87,2318,203,0.08757549611734254,0.35365853658536583,0.858408887753799
3,19,1542,21,0.013618677042801557,0.19811320754716982,0.8581195675217299
19,3,1542,21,0.013618677042801557,0.05898876404494382,0.8581195675217298
32,60,1823,100,0.05485463521667581,0.2932551319648094,0.858112529007781
60,32,1823,100,0.05485463521667581,0.16051364365971107,0.8581125290077809
35,45,464,44,0.09482758620689655,0.35772357723577236,0.8555862878216411
45,35,464,44,0.09482758620689655,0.2268041237113402,0.8555862878216411
3,16,2700,61,0.02259259259259259,0.1882716049382716,0.8543417366946778
16,3,2700,61,0.02259259259259259,0.10252100840336134,0.8543417366946778
12,90,2676,67,0.025037369207772796,0.13373253493013973,0.8541008674774557
90,12,2676,67,0.025037369207772796,0.15990453460620524,0.8541008674774555
1,49,1510,58,0.038410596026490065,0.21014492753623187,0.8530076359669627
49,1,1510,58,0.038410596026490065,0.15591397849462366,0.8530076359669627
1,80,2356,100,0.042444821731748725,0.2079002079002079,0.8518485040224171
80,1,2356,100,0.042444821731748725,0.17391304347826086,0.851848504022417
38,97,2618,47,0.017952635599694424,0.10151187904967603,0.8517887799745251
97,38,2618,47,0.017952635599694424,0.15064102564102563,0.8517887799745251
52,98,2205,105,0.047619047619047616,0.19301470588235295,0.8511948529411765
98,52,2205,105,0.047619047619047616,0.21,0.8511948529411765
36,44,2219,129,0.058134294727354666,0.14381270903010032,0.8509877369007803
44,36,2219,129,0.058134294727354666,0.344,0.8509877369007803
12,41,2209,113,0.05115436849253056,0.3717105263157895,0.8500088536558789
41,12,2209,113,0.05115436849253056,0.11697722567287784,0.8500088536558789
72,35,2220,69,0.031081081081081083,0.20597014925373133,0.8499139987793375
35,72,2220,69,0.031081081081081083,0.12825278810408922,0.8499139987793374
12,91,2676,45,0.016816143497757848,0.08982035928143713,0.8493260828166987
91,12,2676,45,0.016816143497757848,0.15901060070671377,0.8493260828166986
12,98,2271,85,0.03742844561867019,0.18681318681318682,0.8485054945054945
98,12,2271,85,0.03742844561867019,0.17,0.8485054945054945
98,29,1816,45,0.02477973568281938,0.09473684210526316,0.8474980554835365
29,98,1816,45,0.02477973568281938,0.22167487684729065,0.8474980554835364
50,52,636,30,0.04716981132075472,0.1744186046511628,0.8467956683827446
52,50,636,30,0.04716981132075472,0.22900763358778625,0.8467956683827446
12,81,2676,39,0.014573991031390135,0.07784431137724551,0.8467942164451585
81,12,2676,39,0.014573991031390135,0.15853658536585366,0.8467942164451584
31,16,2464,111,0.045048701298701296,0.19204152249134948,0.8464942959189359
16,31,2464,111,0.045048701298701296,0.19856887298747763,0.8464942959189358
14,80,2356,32,0.013582342954159592,0.2064516129032258,0.8459130434782609
80,14,2356,32,0.013582342954159592,0.05565217391304348,0.8459130434782609
24,38,2221,51,0.02296262944619541,0.12318840579710146,0.8444489175165504
38,24,2221,51,0.02296262944619541,0.1574074074074074,0.8444489175165504
10,83,2449,50,0.02041649652919559,0.12315270935960591,0.8424608525745109
83,10,2449,50,0.02041649652919559,0.13966480446927373,0.8424608525745108
10,19,1542,41,0.026588845654993514,0.19339622641509435,0.837688149247403
19,10,1542,41,0.026588845654993514,0.1151685393258427,0.837688149247403
41,52,2208,181,0.08197463768115942,0.1873706004140787,0.8374783111625218
52,41,2208,181,0.08197463768115942,0.36639676113360325,0.8374783111625217
7,94,2093,50,0.023889154323936932,0.12195121951219512,0.8368652538984406
94,7,2093,50,0.023889154323936932,0.16393442622950818,0.8368652538984406
18,49,1154,87,0.07538994800693241,0.20665083135391923,0.8367545943242906
49,18,1154,87,0.07538994800693241,0.30526315789473685,0.8367545943242906
94,22,1619,27,0.016676961087090797,0.08881578947368421,0.8360044369645043
22,94,1619,27,0.016676961087090797,0.1569767441860465,0.8360044369645042
28,91,2571,25,0.009723842862699339,0.08928571428571429,0.8347402597402598
91,28,2571,25,0.009723842862699339,0.09090909090909091,0.8347402597402598
72,98,2107,70,0.03322259136212625,0.19607843137254902,0.8312620822977078
98,72,2107,70,0.03322259136212625,0.14084507042253522,0.8312620822977078
12,83,2425,56,0.02309278350515464,0.12147505422993492,0.8274635014258207
83,12,2425,56,0.02309278350515464,0.15730337078651685,0.8274635014258207
74,35,2220,30,0.013513513513513514,0.2,0.825278810408922
35,74,2220,30,0.013513513513513514,0.055762081784386616,0.8252788104089219
98,32,2023,67,0.033119130004943154,0.13535353535353536,0.8247596446391628
32,98,2023,67,0.033119130004943154,0.20180722891566266,0.8247596446391627
9,60,2020,148,0.07326732673267326,0.27106227106227104,0.8246171499183547
60,9,2020,148,0.07326732673267326,0.22289156626506024,0.8246171499183547
38,48,556,30,0.0539568345323741,0.4,0.8237037037037038
48,38,556,30,0.0539568345323741,0.1111111111111111,0.8237037037037037
52,96,1870,88,0.047058823529411764,0.17564870259481039,0.82321572394059
96,52,1870,88,0.047058823529411764,0.22055137844611528,0.8232157239405898
92,49,1510,31,0.02052980132450331,0.20261437908496732,0.8224400871459695
49,92,1510,31,0.02052980132450331,0.08333333333333333,0.8224400871459694
80,7,2356,91,0.03862478777589134,0.1582608695652174,0.8212832790653133
7,80,2356,91,0.03862478777589134,0.20044052863436124,0.8212832790653132
26,94,1746,33,0.018900343642611683,0.14285714285714285,0.8204887218045113
94,26,1746,33,0.018900343642611683,0.10855263157894737,0.8204887218045113
60,74,2072,64,0.03088803088803089,0.093841642228739,0.8204214459828997
74,60,2072,64,0.03088803088803089,0.270042194092827,0.8204214459828996
31,48,556,43,0.07733812949640288,0.39814814814814814,0.8198902606310013
48,31,556,43,0.07733812949640288,0.15925925925925927,0.8198902606310013
19,22,1542,34,0.02204928664072633,0.09550561797752809,0.8181647940074906
22,19,1542,34,0.02204928664072633,0.18888888888888888,0.8181647940074905
16,55,2327,45,0.019338203695745595,0.08256880733944955,0.8176068709740387
55,16,2327,45,0.019338203695745595,0.19148936170212766,0.8176068709740386
9,98,2235,96,0.042953020134228186,0.18250950570342206,0.8158174904942966
98,9,2235,96,0.042953020134228186,0.192,0.8158174904942966
72,94,1905,44,0.023097112860892388,0.1301775147928994,0.8157505450015572
94,72,1905,44,0.023097112860892388,0.14473684210526316,0.8157505450015572
42,94,2062,56,0.027158098933074686,0.12017167381974249,0.812439316119046
94,42,2062,56,0.027158098933074686,0.18360655737704917,0.8124393161190459
45,98,386,34,0.08808290155440414,0.2125,0.8121287128712872
98,45,386,34,0.08808290155440414,0.33663366336633666,0.8121287128712872
82,98,2295,106,0.04618736383442266,0.175787728026534,0.806865671641791
98,82,2295,106,0.04618736383442266,0.212,0.806865671641791
49,83,1501,41,0.02731512325116589,0.11081081081081082,0.795823095823096
83,49,1501,41,0.02731512325116589,0.19617224880382775,0.7958230958230958
9,80,2296,107,0.04660278745644599,0.19925512104283055,0.7956343615901547
80,9,2296,107,0.04660278745644599,0.18608695652173912,0.7956343615901547
19,6,1540,31,0.02012987012987013,0.08707865168539326,0.7934977727544712
6,19,1540,31,0.02012987012987013,0.1834319526627219,0.7934977727544711
49,94,1299,32,0.024634334103156273,0.10191082802547771,0.792707578473626
94,49,1299,32,0.024634334103156273,0.19161676646706588,0.792707578473626
82,92,2700,74,0.027407407407407408,0.11094452773613193,0.7903699865107024
92,82,2700,74,0.027407407407407408,0.19525065963060687,0.7903699865107024
80,82,2356,119,0.05050933786078098,0.20695652173913043,0.7902586146148968
82,80,2356,119,0.05050933786078098,0.19286871961102106,0.7902586146148968
87,98,2257,160,0.07089056269384138,0.17448200654307525,0.7876117775354416
98,87,2257,160,0.07089056269384138,0.32,0.7876117775354416
22,45,464,21,0.04525862068965517,0.328125,0.7847938144329898
45,22,464,21,0.04525862068965517,0.10824742268041238,0.7847938144329897
17,98,2291,21,0.009166302924487123,0.17073170731707318,0.7822926829268294
98,17,2291,21,0.009166302924487123,0.042,0.7822926829268293
17,80,2352,25,0.010629251700680272,0.19083969465648856,0.7819772854217093
80,17,2352,25,0.010629251700680272,0.04355400696864112,0.7819772854217092
94,82,2093,65,0.031055900621118012,0.21311475409836064,0.7811719445321696
82,94,2093,65,0.031055900621118012,0.1138353765323993,0.7811719445321695
44,83,1978,32,0.016177957532861477,0.12213740458015267,0.7768096021207138
83,44,1978,32,0.016177957532861477,0.10289389067524116,0.7768096021207137
94,6,1865,29,0.015549597855227882,0.09570957095709572,0.7727201291557727
6,94,1865,29,0.015549597855227882,0.12554112554112554,0.7727201291557726
50,87,636,34,0.05345911949685535,0.19767441860465115,0.7712940505064916
87,50,636,34,0.05345911949685535,0.2085889570552147,0.7712940505064916
30,96,1480,36,0.024324324324324326,0.18556701030927836,0.7650116302443788
96,30,1480,36,0.024324324324324326,0.10027855153203342,0.7650116302443788
19,92,1542,52,0.03372243839169909,0.14606741573033707,0.7558253525375159
92,19,1542,52,0.03372243839169909,0.174496644295302,0.7558253525375159
98,20,2021,52,0.025729836714497772,0.1078838174273859,0.7544401211790551
20,98,2021,52,0.025729836714497772,0.17993079584775087,0.754440121179055
49,93,1502,39,0.02596537949400799,0.10540540540540541,0.7538996138996139
93,49,1502,39,0.02596537949400799,0.18571428571428572,0.7538996138996139
19,80,1272,69,0.054245283018867926,0.22258064516129034,0.7490015360983103
80,19,1272,69,0.054245283018867926,0.18253968253968253,0.7490015360983102
83,19,1336,40,0.029940119760479042,0.1702127659574468,0.748040313549832
19,83,1336,40,0.029940119760479042,0.13157894736842105,0.7480403135498319
94,87,2055,96,0.04671532846715328,0.31475409836065577,0.7417656790494812
87,94,2055,96,0.04671532846715328,0.11009174311926606,0.7417656790494811
27,98,1833,58,0.031642116748499725,0.19141914191419143,0.738676393955185
98,27,1833,58,0.031642116748499725,0.12210526315789473,0.7386763939551849
98,3,2295,44,0.01917211328976035,0.088,0.7370802919708029
3,98,2295,44,0.01917211328976035,0.16058394160583941,0.7370802919708028
19,81,1542,32,0.020752269779507133,0.0898876404494382,0.7333690030319244
81,19,1542,32,0.020752269779507133,0.1693121693121693,0.7333690030319243
52,81,2610,44,0.01685823754789272,0.06853582554517133,0.7271483929792568
81,52,2610,44,0.01685823754789272,0.17886178861788618,0.7271483929792568
10,98,2295,61,0.026579520697167756,0.15443037974683543,0.7088354430379746
98,10,2295,61,0.026579520697167756,0.122,0.7088354430379746
82,91,2700,50,0.018518518518518517,0.07496251874062969,0.7076881139849656
91,82,2700,50,0.018518518518518517,0.17482517482517482,0.7076881139849656
9,94,2033,52,0.02557796360059026,0.10483870967741936,0.6988101533580117
94,9,2033,52,0.02557796360059026,0.17049180327868851,0.6988101533580116
50,19,474,27,0.056962025316455694,0.20610687022900764,0.6928699041741109
19,50,474,27,0.056962025316455694,0.19148936170212766,0.6928699041741108
19,93,1337,38,0.028421839940164548,0.125,0.6849385245901639
93,19,1337,38,0.028421839940164548,0.1557377049180328,0.6849385245901639
38,81,2700,29,0.01074074074074074,0.06157112526539278,0.67578064315675
81,38,2700,29,0.01074074074074074,0.11788617886178862,0.67578064315675
52,94,2003,53,0.026460309535696454,0.1017274472168906,0.6680658254932194
94,52,2003,53,0.026460309535696454,0.1737704918032787,0.6680658254932191
12,80,2332,75,0.03216123499142367,0.16411378555798686,0.6655884311673484
80,12,2332,75,0.03216123499142367,0.13043478260869565,0.6655884311673484
52,83,2359,56,0.02373887240356083,0.099644128113879,0.6602822983725859
83,52,2359,56,0.02373887240356083,0.15730337078651685,0.6602822983725858
74,98,2287,33,0.014429383471797114,0.14042553191489363,0.6423063829787234
98,74,2287,33,0.014429383471797114,0.066,0.6423063829787234
19,94,1105,34,0.03076923076923077,0.12318840579710146,0.6420905113480996
94,19,1105,34,0.03076923076923077,0.16037735849056603,0.6420905113480995
80,10,2356,61,0.025891341256366725,0.10608695652173913,0.6359818564000443
10,80,2356,61,0.025891341256366725,0.15521628498727735,0.6359818564000442
52,93,2362,58,0.024555461473327687,0.10320284697508897,0.625038780910667
93,52,2362,58,0.024555461473327687,0.14871794871794872,0.625038780910667
20,80,2082,49,0.023535062439961577,0.16838487972508592,0.6204908311285467
80,20,2082,49,0.023535062439961577,0.08672566371681416,0.6204908311285466
12,94,2069,37,0.017883035282745288,0.08788598574821853,0.5961839492231612
94,12,2069,37,0.017883035282745288,0.12131147540983607,0.5961839492231611
82,97,2618,46,0.01757066462948816,0.0705521472392638,0.592004876514079
97,82,2618,46,0.01757066462948816,0.14743589743589744,0.592004876514079
80,3,2356,39,0.016553480475382003,0.06782608695652174,0.5874936061381075
3,80,2356,39,0.016553480475382003,0.14338235294117646,0.5874936061381074
94,74,2085,20,0.009592326139088728,0.06557377049180328,0.5867867445296561
74,94,2085,20,0.009592326139088728,0.08583690987124463,0.586786744529656
74,80,2348,33,0.014054514480408859,0.13924050632911392,0.5685855806274078
80,74,2348,33,0.014054514480408859,0.057391304347826085,0.5685855806274078
20,94,1819,25,0.013743815283122594,0.0946969696969697,0.5666243022328549
94,20,1819,25,0.013743815283122594,0.08223684210526316,0.5666243022328549
10,94,2093,31,0.014811275680840898,0.08031088082901554,0.5511169625414083
94,10,2093,31,0.014811275680840898,0.10163934426229508,0.5511169625414083
