Store,Dept,Target_Date,Prediction,Origin_Date,Horizon_Weeks,Method
1,1,2012-11-02,35911.688663937515,2012-10-26,1,Core gradient boosting
1,2,2012-11-02,46138.0970123574,2012-10-26,1,Core gradient boosting
1,3,2012-11-02,9644.016700207898,2012-10-26,1,Core gradient boosting
1,4,2012-11-02,37786.84341735212,2012-10-26,1,Core gradient boosting
1,5,2012-11-02,29307.977110902408,2012-10-26,1,Core gradient boosting
1,6,2012-11-02,3801.8507504317636,2012-10-26,1,Core gradient boosting
1,7,2012-11-02,23571.326148109194,2012-10-26,1,Core gradient boosting
1,8,2012-11-02,39398.75833902387,2012-10-26,1,Core gradient boosting
1,9,2012-11-02,44595.39792037367,2012-10-26,1,Core gradient boosting
1,10,2012-11-02,28904.991527939823,2012-10-26,1,Core gradient boosting
1,11,2012-11-02,23891.144863440913,2012-10-26,1,Core gradient boosting
1,12,2012-11-02,8861.240010893882,2012-10-26,1,Core gradient boosting
1,13,2012-11-02,40940.86710100269,2012-10-26,1,Core gradient boosting
1,14,2012-11-02,12198.606055054084,2012-10-26,1,Core gradient boosting
1,16,2012-11-02,9646.879323332078,2012-10-26,1,Core gradient boosting
1,17,2012-11-02,7861.113534855604,2012-10-26,1,Core gradient boosting
1,18,2012-11-02,15363.598663329356,2012-10-26,1,Core gradient boosting
1,19,2012-11-02,1493.4839940748411,2012-10-26,1,Core gradient boosting
1,20,2012-11-02,3338.6321461018792,2012-10-26,1,Core gradient boosting
1,21,2012-11-02,8355.602409394693,2012-10-26,1,Core gradient boosting
1,22,2012-11-02,8417.762036433809,2012-10-26,1,Core gradient boosting
1,23,2012-11-02,22321.72169051298,2012-10-26,1,Core gradient boosting
1,24,2012-11-02,6675.773401883465,2012-10-26,1,Core gradient boosting
1,25,2012-11-02,11085.23217688825,2012-10-26,1,Core gradient boosting
1,26,2012-11-02,7274.294848216436,2012-10-26,1,Core gradient boosting
1,27,2012-11-02,1696.3971195902702,2012-10-26,1,Core gradient boosting
1,28,2012-11-02,657.4956809234861,2012-10-26,1,Core gradient boosting
1,29,2012-11-02,4071.1164082015134,2012-10-26,1,Core gradient boosting
1,30,2012-11-02,2822.202195221574,2012-10-26,1,Core gradient boosting
1,31,2012-11-02,1606.8801207873182,2012-10-26,1,Core gradient boosting
1,32,2012-11-02,6497.628675354801,2012-10-26,1,Core gradient boosting
1,33,2012-11-02,6003.459257605768,2012-10-26,1,Core gradient boosting
1,34,2012-11-02,10613.244024586993,2012-10-26,1,Core gradient boosting
1,35,2012-11-02,1552.6188812282014,2012-10-26,1,Core gradient boosting
1,36,2012-11-02,959.5637568824982,2012-10-26,1,Core gradient boosting
1,37,2012-11-02,2692.0473987213413,2012-10-26,1,Core gradient boosting
1,38,2012-11-02,78828.39034032295,2012-10-26,1,Core gradient boosting
1,40,2012-11-02,60508.8343795923,2012-10-26,1,Core gradient boosting
1,41,2012-11-02,1625.999502271561,2012-10-26,1,Core gradient boosting
1,42,2012-11-02,6925.114704087889,2012-10-26,1,Core gradient boosting
1,44,2012-11-02,6273.437785463071,2012-10-26,1,Core gradient boosting
1,45,2012-11-02,248.32215364943002,2012-10-26,1,Core gradient boosting
1,46,2012-11-02,18675.13232243342,2012-10-26,1,Core gradient boosting
1,48,2012-11-02,2073.5049473338318,2012-10-26,1,Core gradient boosting
1,49,2012-11-02,9024.250508372314,2012-10-26,1,Core gradient boosting
1,52,2012-11-02,2291.6885592078916,2012-10-26,1,Core gradient boosting
1,54,2012-11-02,248.32215364943002,2012-10-26,1,Core gradient boosting
1,55,2012-11-02,11024.980772773348,2012-10-26,1,Core gradient boosting
1,56,2012-11-02,1240.2366803081325,2012-10-26,1,Core gradient boosting
1,58,2012-11-02,5073.939282437154,2012-10-26,1,Core gradient boosting
1,59,2012-11-02,288.14662513239773,2012-10-26,1,Core gradient boosting
1,60,2012-11-02,1064.5292715162743,2012-10-26,1,Core gradient boosting
1,67,2012-11-02,7034.712344574802,2012-10-26,1,Core gradient boosting
1,71,2012-11-02,1796.5560095676917,2012-10-26,1,Core gradient boosting
1,72,2012-11-02,47702.83184167428,2012-10-26,1,Core gradient boosting
1,74,2012-11-02,8431.041775378,2012-10-26,1,Core gradient boosting
1,79,2012-11-02,34667.946799279074,2012-10-26,1,Core gradient boosting
1,80,2012-11-02,18570.806369662343,2012-10-26,1,Core gradient boosting
1,81,2012-11-02,29689.910742753807,2012-10-26,1,Core gradient boosting
1,82,2012-11-02,20429.11329356878,2012-10-26,1,Core gradient boosting
1,83,2012-11-02,5659.817096089183,2012-10-26,1,Core gradient boosting
1,85,2012-11-02,3456.9883373536186,2012-10-26,1,Core gradient boosting
1,87,2012-11-02,57807.6897352092,2012-10-26,1,Core gradient boosting
1,90,2012-11-02,94532.51848403973,2012-10-26,1,Core gradient boosting
1,91,2012-11-02,62335.46257574831,2012-10-26,1,Core gradient boosting
1,92,2012-11-02,151351.42812209303,2012-10-26,1,Core gradient boosting
1,93,2012-11-02,79300.13908766693,2012-10-26,1,Core gradient boosting
1,94,2012-11-02,62058.38325304073,2012-10-26,1,Core gradient boosting
1,95,2012-11-02,116844.08326135328,2012-10-26,1,Core gradient boosting
1,96,2012-11-02,36244.40974316717,2012-10-26,1,Core gradient boosting
1,97,2012-11-02,35849.39124710828,2012-10-26,1,Core gradient boosting
1,98,2012-11-02,12678.660423064746,2012-10-26,1,Core gradient boosting
2,1,2012-11-02,49438.60508344221,2012-10-26,1,Core gradient boosting
2,2,2012-11-02,65896.46789053574,2012-10-26,1,Core gradient boosting
2,3,2012-11-02,11038.74648772995,2012-10-26,1,Core gradient boosting
2,4,2012-11-02,46622.553323885244,2012-10-26,1,Core gradient boosting
2,5,2012-11-02,34161.24997117837,2012-10-26,1,Core gradient boosting
2,6,2012-11-02,5168.451043119631,2012-10-26,1,Core gradient boosting
2,7,2012-11-02,47503.78834615967,2012-10-26,1,Core gradient boosting
2,8,2012-11-02,62672.44924265672,2012-10-26,1,Core gradient boosting
2,9,2012-11-02,37174.856254163475,2012-10-26,1,Core gradient boosting
2,10,2012-11-02,35856.69483559982,2012-10-26,1,Core gradient boosting
2,11,2012-11-02,22446.284107871244,2012-10-26,1,Core gradient boosting
2,12,2012-11-02,8049.9307938808915,2012-10-26,1,Core gradient boosting
2,13,2012-11-02,47835.27113450074,2012-10-26,1,Core gradient boosting
2,14,2012-11-02,19316.46316740465,2012-10-26,1,Core gradient boosting
2,16,2012-11-02,7230.1111781560985,2012-10-26,1,Core gradient boosting
2,17,2012-11-02,12472.64511835123,2012-10-26,1,Core gradient boosting
2,18,2012-11-02,25843.59500645775,2012-10-26,1,Core gradient boosting
2,19,2012-11-02,3682.204197462981,2012-10-26,1,Core gradient boosting
2,20,2012-11-02,4263.327301858663,2012-10-26,1,Core gradient boosting
2,21,2012-11-02,8566.444092513855,2012-10-26,1,Core gradient boosting
2,22,2012-11-02,13000.985488564442,2012-10-26,1,Core gradient boosting
2,23,2012-11-02,28429.79140118396,2012-10-26,1,Core gradient boosting
2,24,2012-11-02,8235.510965281703,2012-10-26,1,Core gradient boosting
2,25,2012-11-02,13795.016634818854,2012-10-26,1,Core gradient boosting
2,26,2012-11-02,10097.839415759865,2012-10-26,1,Core gradient boosting
2,27,2012-11-02,2026.5401717289246,2012-10-26,1,Core gradient boosting
2,28,2012-11-02,802.2272394784228,2012-10-26,1,Core gradient boosting
2,29,2012-11-02,5949.037294732223,2012-10-26,1,Core gradient boosting
2,30,2012-11-02,3978.5547197060578,2012-10-26,1,Core gradient boosting
2,31,2012-11-02,3355.081230058871,2012-10-26,1,Core gradient boosting
2,32,2012-11-02,8169.638127149392,2012-10-26,1,Core gradient boosting
2,33,2012-11-02,6678.737176444924,2012-10-26,1,Core gradient boosting
2,34,2012-11-02,16261.97251888514,2012-10-26,1,Core gradient boosting
2,35,2012-11-02,2480.445012650697,2012-10-26,1,Core gradient boosting
2,36,2012-11-02,1131.3235924290514,2012-10-26,1,Core gradient boosting
2,37,2012-11-02,4366.494406176739,2012-10-26,1,Core gradient boosting
2,38,2012-11-02,75217.98269781315,2012-10-26,1,Core gradient boosting
2,40,2012-11-02,78302.30939156367,2012-10-26,1,Core gradient boosting
2,41,2012-11-02,2782.8182429323338,2012-10-26,1,Core gradient boosting
2,42,2012-11-02,8728.15362110175,2012-10-26,1,Core gradient boosting
2,44,2012-11-02,10407.35585194628,2012-10-26,1,Core gradient boosting
2,46,2012-11-02,28150.694181044113,2012-10-26,1,Core gradient boosting
2,48,2012-11-02,2653.1821846394046,2012-10-26,1,Core gradient boosting
2,49,2012-11-02,13206.021745030632,2012-10-26,1,Core gradient boosting
2,52,2012-11-02,3802.0003919461606,2012-10-26,1,Core gradient boosting
2,54,2012-11-02,248.32215364943002,2012-10-26,1,Core gradient boosting
2,55,2012-11-02,12144.858274908813,2012-10-26,1,Core gradient boosting
2,56,2012-11-02,1384.600276561204,2012-10-26,1,Core gradient boosting
2,58,2012-11-02,24682.2670435484,2012-10-26,1,Core gradient boosting
2,59,2012-11-02,476.42082313217765,2012-10-26,1,Core gradient boosting
2,60,2012-11-02,344.4971926943783,2012-10-26,1,Core gradient boosting
2,67,2012-11-02,10199.680819718114,2012-10-26,1,Core gradient boosting
2,71,2012-11-02,4000.9077205795434,2012-10-26,1,Core gradient boosting
2,72,2012-11-02,82087.70026900824,2012-10-26,1,Core gradient boosting
2,74,2012-11-02,14895.060899262733,2012-10-26,1,Core gradient boosting
2,79,2012-11-02,32656.169700379152,2012-10-26,1,Core gradient boosting
2,80,2012-11-02,25874.966947778794,2012-10-26,1,Core gradient boosting
2,81,2012-11-02,29365.427203325416,2012-10-26,1,Core gradient boosting
2,82,2012-11-02,26598.830904345323,2012-10-26,1,Core gradient boosting
2,83,2012-11-02,5331.525864022703,2012-10-26,1,Core gradient boosting
2,85,2012-11-02,3125.261607170846,2012-10-26,1,Core gradient boosting
2,87,2012-11-02,24902.533966159357,2012-10-26,1,Core gradient boosting
2,90,2012-11-02,105481.07932731,2012-10-26,1,Core gradient boosting
2,91,2012-11-02,79906.17734974273,2012-10-26,1,Core gradient boosting
2,92,2012-11-02,172335.52690955647,2012-10-26,1,Core gradient boosting
2,93,2012-11-02,78273.68826323045,2012-10-26,1,Core gradient boosting
2,94,2012-11-02,71371.26084600166,2012-10-26,1,Core gradient boosting
2,95,2012-11-02,148582.2237371154,2012-10-26,1,Core gradient boosting
2,96,2012-11-02,37624.3333932129,2012-10-26,1,Core gradient boosting
2,97,2012-11-02,41137.55334122791,2012-10-26,1,Core gradient boosting
2,98,2012-11-02,14405.131975786057,2012-10-26,1,Core gradient boosting
3,1,2012-11-02,13051.142289489064,2012-10-26,1,Core gradient boosting
3,2,2012-11-02,19047.91772689552,2012-10-26,1,Core gradient boosting
3,3,2012-11-02,5380.792559217937,2012-10-26,1,Core gradient boosting
3,4,2012-11-02,8749.823848921838,2012-10-26,1,Core gradient boosting
3,5,2012-11-02,15260.843597424178,2012-10-26,1,Core gradient boosting
3,6,2012-11-02,1562.3620206094038,2012-10-26,1,Core gradient boosting
3,7,2012-11-02,9248.1167864054,2012-10-26,1,Core gradient boosting
3,8,2012-11-02,9052.878307644061,2012-10-26,1,Core gradient boosting
3,9,2012-11-02,10107.189552364784,2012-10-26,1,Core gradient boosting
3,10,2012-11-02,13706.701572176178,2012-10-26,1,Core gradient boosting
3,11,2012-11-02,9747.815999572551,2012-10-26,1,Core gradient boosting
3,12,2012-11-02,2389.4076961482315,2012-10-26,1,Core gradient boosting
3,13,2012-11-02,12452.850466513833,2012-10-26,1,Core gradient boosting
3,14,2012-11-02,4939.889144867665,2012-10-26,1,Core gradient boosting
3,16,2012-11-02,3846.89648301202,2012-10-26,1,Core gradient boosting
3,17,2012-11-02,2886.6273086929564,2012-10-26,1,Core gradient boosting
3,18,2012-11-02,4289.089653939695,2012-10-26,1,Core gradient boosting
3,19,2012-11-02,624.6232658908079,2012-10-26,1,Core gradient boosting
3,20,2012-11-02,1802.7777151027437,2012-10-26,1,Core gradient boosting
3,21,2012-11-02,1222.5126942258532,2012-10-26,1,Core gradient boosting
3,22,2012-11-02,4313.8697976931135,2012-10-26,1,Core gradient boosting
3,23,2012-11-02,16128.565270512598,2012-10-26,1,Core gradient boosting
3,24,2012-11-02,2827.581259667126,2012-10-26,1,Core gradient boosting
3,25,2012-11-02,4900.878385780863,2012-10-26,1,Core gradient boosting
3,26,2012-11-02,2849.5868978703115,2012-10-26,1,Core gradient boosting
3,27,2012-11-02,445.72770861885016,2012-10-26,1,Core gradient boosting
3,28,2012-11-02,157.28483714696424,2012-10-26,1,Core gradient boosting
3,29,2012-11-02,1351.7068718594091,2012-10-26,1,Core gradient boosting
3,30,2012-11-02,1145.73912062809,2012-10-26,1,Core gradient boosting
3,31,2012-11-02,781.1217848984426,2012-10-26,1,Core gradient boosting
3,32,2012-11-02,4037.2586521757034,2012-10-26,1,Core gradient boosting
3,33,2012-11-02,3310.563129880956,2012-10-26,1,Core gradient boosting
3,34,2012-11-02,4232.027526906443,2012-10-26,1,Core gradient boosting
3,35,2012-11-02,574.0875265765789,2012-10-26,1,Core gradient boosting
3,36,2012-11-02,291.66625323393976,2012-10-26,1,Core gradient boosting
3,38,2012-11-02,98186.28532953508,2012-10-26,1,Core gradient boosting
3,40,2012-11-02,20101.992208469306,2012-10-26,1,Core gradient boosting
3,41,2012-11-02,624.6232658908079,2012-10-26,1,Core gradient boosting
3,42,2012-11-02,5118.61471711561,2012-10-26,1,Core gradient boosting
3,44,2012-11-02,2777.684095043659,2012-10-26,1,Core gradient boosting
3,46,2012-11-02,6082.576816615037,2012-10-26,1,Core gradient boosting
3,49,2012-11-02,157.28483714696424,2012-10-26,1,Core gradient boosting
3,52,2012-11-02,1145.73912062809,2012-10-26,1,Core gradient boosting
3,54,2012-11-02,157.28483714696424,2012-10-26,1,Core gradient boosting
3,55,2012-11-02,6872.264405891529,2012-10-26,1,Core gradient boosting
3,56,2012-11-02,408.4205417136128,2012-10-26,1,Core gradient boosting
3,59,2012-11-02,177.8171473167751,2012-10-26,1,Core gradient boosting
3,60,2012-11-02,157.28483714696424,2012-10-26,1,Core gradient boosting
3,67,2012-11-02,1935.5028552264594,2012-10-26,1,Core gradient boosting
3,71,2012-11-02,1014.3773941708478,2012-10-26,1,Core gradient boosting
3,72,2012-11-02,30460.128758885945,2012-10-26,1,Core gradient boosting
3,74,2012-11-02,3322.3736120976014,2012-10-26,1,Core gradient boosting
3,79,2012-11-02,7196.079963278156,2012-10-26,1,Core gradient boosting
3,81,2012-11-02,1919.182310675874,2012-10-26,1,Core gradient boosting
3,82,2012-11-02,8548.34583022923,2012-10-26,1,Core gradient boosting
3,85,2012-11-02,445.72770861885016,2012-10-26,1,Core gradient boosting
3,87,2012-11-02,1372.583689546963,2012-10-26,1,Core gradient boosting
3,90,2012-11-02,2119.677374819696,2012-10-26,1,Core gradient boosting
3,91,2012-11-02,454.68550975628125,2012-10-26,1,Core gradient boosting
3,92,2012-11-02,11567.212090189458,2012-10-26,1,Core gradient boosting
3,94,2012-11-02,277.2898997572057,2012-10-26,1,Core gradient boosting
3,95,2012-11-02,17334.46075940267,2012-10-26,1,Core gradient boosting
3,96,2012-11-02,4372.310723974543,2012-10-26,1,Core gradient boosting
3,97,2012-11-02,560.7393072946609,2012-10-26,1,Core gradient boosting
4,1,2012-11-02,71920.0977579629,2012-10-26,1,Core gradient boosting
4,2,2012-11-02,98861.29615890175,2012-10-26,1,Core gradient boosting
4,3,2012-11-02,13240.294789582165,2012-10-26,1,Core gradient boosting
4,4,2012-11-02,61487.269262157715,2012-10-26,1,Core gradient boosting
4,5,2012-11-02,48342.61060590118,2012-10-26,1,Core gradient boosting
4,6,2012-11-02,7238.196078398118,2012-10-26,1,Core gradient boosting
4,7,2012-11-02,55221.10780048469,2012-10-26,1,Core gradient boosting
4,8,2012-11-02,63453.61004215497,2012-10-26,1,Core gradient boosting
4,9,2012-11-02,38541.30436404447,2012-10-26,1,Core gradient boosting
4,10,2012-11-02,40073.45449306245,2012-10-26,1,Core gradient boosting
4,11,2012-11-02,26878.56595791626,2012-10-26,1,Core gradient boosting
4,12,2012-11-02,8424.971809738714,2012-10-26,1,Core gradient boosting
4,13,2012-11-02,77384.00618644133,2012-10-26,1,Core gradient boosting
4,14,2012-11-02,31209.00035848448,2012-10-26,1,Core gradient boosting
4,16,2012-11-02,6640.173272794631,2012-10-26,1,Core gradient boosting
4,17,2012-11-02,15338.731515079431,2012-10-26,1,Core gradient boosting
4,18,2012-11-02,32399.751300293945,2012-10-26,1,Core gradient boosting
4,19,2012-11-02,2928.143186754793,2012-10-26,1,Core gradient boosting
4,20,2012-11-02,8612.717284369664,2012-10-26,1,Core gradient boosting
4,21,2012-11-02,7649.11001070815,2012-10-26,1,Core gradient boosting
4,22,2012-11-02,19496.18248224759,2012-10-26,1,Core gradient boosting
4,23,2012-11-02,52865.76362262915,2012-10-26,1,Core gradient boosting
4,24,2012-11-02,12153.037958134692,2012-10-26,1,Core gradient boosting
4,25,2012-11-02,15719.473983776961,2012-10-26,1,Core gradient boosting
4,26,2012-11-02,23787.489331430803,2012-10-26,1,Core gradient boosting
4,27,2012-11-02,3090.5519949768204,2012-10-26,1,Core gradient boosting
4,28,2012-11-02,1159.178249804111,2012-10-26,1,Core gradient boosting
4,29,2012-11-02,10246.5729713823,2012-10-26,1,Core gradient boosting
4,30,2012-11-02,5798.4353008103135,2012-10-26,1,Core gradient boosting
4,31,2012-11-02,3466.51294793882,2012-10-26,1,Core gradient boosting
4,32,2012-11-02,11877.023124245381,2012-10-26,1,Core gradient boosting
4,33,2012-11-02,13590.311409080896,2012-10-26,1,Core gradient boosting
4,34,2012-11-02,28208.19562967658,2012-10-26,1,Core gradient boosting
4,35,2012-11-02,3696.609911019732,2012-10-26,1,Core gradient boosting
4,36,2012-11-02,2574.303563565893,2012-10-26,1,Core gradient boosting
4,37,2012-11-02,3134.786217756048,2012-10-26,1,Core gradient boosting
4,38,2012-11-02,79462.08494107786,2012-10-26,1,Core gradient boosting
4,40,2012-11-02,83056.306949022,2012-10-26,1,Core gradient boosting
4,41,2012-11-02,2245.61535983342,2012-10-26,1,Core gradient boosting
4,42,2012-11-02,10679.319517124442,2012-10-26,1,Core gradient boosting
4,44,2012-11-02,7415.287900308759,2012-10-26,1,Core gradient boosting
4,45,2012-11-02,372.0773614470436,2012-10-26,1,Core gradient boosting
4,46,2012-11-02,36039.71256049154,2012-10-26,1,Core gradient boosting
4,48,2012-11-02,3666.976654648637,2012-10-26,1,Core gradient boosting
4,49,2012-11-02,6487.025753775182,2012-10-26,1,Core gradient boosting
4,52,2012-11-02,3466.51294793882,2012-10-26,1,Core gradient boosting
4,54,2012-11-02,304.36598055918284,2012-10-26,1,Core gradient boosting
4,55,2012-11-02,16393.56609613811,2012-10-26,1,Core gradient boosting
4,56,2012-11-02,936.8984055779966,2012-10-26,1,Core gradient boosting
4,58,2012-11-02,4081.3756896541768,2012-10-26,1,Core gradient boosting
4,59,2012-11-02,570.6965204903089,2012-10-26,1,Core gradient boosting
4,60,2012-11-02,450.50848296683915,2012-10-26,1,Core gradient boosting
4,67,2012-11-02,11471.303472395459,2012-10-26,1,Core gradient boosting
4,71,2012-11-02,6598.639206325486,2012-10-26,1,Core gradient boosting
4,72,2012-11-02,115661.81114951371,2012-10-26,1,Core gradient boosting
4,74,2012-11-02,18666.79569788944,2012-10-26,1,Core gradient boosting
4,79,2012-11-02,54661.26218908064,2012-10-26,1,Core gradient boosting
4,80,2012-11-02,19727.898146918735,2012-10-26,1,Core gradient boosting
4,81,2012-11-02,32347.090939312602,2012-10-26,1,Core gradient boosting
4,82,2012-11-02,34223.80844725166,2012-10-26,1,Core gradient boosting
4,83,2012-11-02,8584.671164952348,2012-10-26,1,Core gradient boosting
4,85,2012-11-02,1996.3780748395134,2012-10-26,1,Core gradient boosting
4,87,2012-11-02,16421.877089441135,2012-10-26,1,Core gradient boosting
4,90,2012-11-02,102155.00993176355,2012-10-26,1,Core gradient boosting
4,91,2012-11-02,69484.46430586276,2012-10-26,1,Core gradient boosting
4,92,2012-11-02,176032.37503838685,2012-10-26,1,Core gradient boosting
4,93,2012-11-02,78692.79169608357,2012-10-26,1,Core gradient boosting
4,94,2012-11-02,73086.34022790492,2012-10-26,1,Core gradient boosting
4,95,2012-11-02,149612.1746301151,2012-10-26,1,Core gradient boosting
4,96,2012-11-02,46184.23163230441,2012-10-26,1,Core gradient boosting
4,97,2012-11-02,42220.25455942355,2012-10-26,1,Core gradient boosting
4,98,2012-11-02,18372.93727475344,2012-10-26,1,Core gradient boosting
5,1,2012-11-02,13127.803543369086,2012-10-26,1,Core gradient boosting
5,2,2012-11-02,11919.054098634804,2012-10-26,1,Core gradient boosting
5,3,2012-11-02,3776.7272412146062,2012-10-26,1,Core gradient boosting
5,4,2012-11-02,10274.398214136116,2012-10-26,1,Core gradient boosting
5,5,2012-11-02,6579.990059825966,2012-10-26,1,Core gradient boosting
5,6,2012-11-02,546.6860282486484,2012-10-26,1,Core gradient boosting
5,7,2012-11-02,5854.062188917392,2012-10-26,1,Core gradient boosting
5,8,2012-11-02,14628.662916068124,2012-10-26,1,Core gradient boosting
5,9,2012-11-02,10022.921634236398,2012-10-26,1,Core gradient boosting
5,10,2012-11-02,9050.263663580981,2012-10-26,1,Core gradient boosting
5,11,2012-11-02,7061.966769491757,2012-10-26,1,Core gradient boosting
5,12,2012-11-02,2781.062043342575,2012-10-26,1,Core gradient boosting
5,13,2012-11-02,11390.404178364113,2012-10-26,1,Core gradient boosting
5,14,2012-11-02,3303.328833447506,2012-10-26,1,Core gradient boosting
5,16,2012-11-02,4904.730106998922,2012-10-26,1,Core gradient boosting
5,17,2012-11-02,2597.4086682753805,2012-10-26,1,Core gradient boosting
5,18,2012-11-02,2553.3464083412528,2012-10-26,1,Core gradient boosting
5,19,2012-11-02,219.04874936702618,2012-10-26,1,Core gradient boosting
5,20,2012-11-02,1104.853681471051,2012-10-26,1,Core gradient boosting
5,21,2012-11-02,1269.4787022767161,2012-10-26,1,Core gradient boosting
5,22,2012-11-02,2601.0100822188756,2012-10-26,1,Core gradient boosting
5,23,2012-11-02,6341.956820484556,2012-10-26,1,Core gradient boosting
5,24,2012-11-02,1351.7068718594091,2012-10-26,1,Core gradient boosting
5,25,2012-11-02,2854.172329544682,2012-10-26,1,Core gradient boosting
5,26,2012-11-02,1536.3751144546636,2012-10-26,1,Core gradient boosting
5,27,2012-11-02,460.7191230676296,2012-10-26,1,Core gradient boosting
5,28,2012-11-02,197.30175863886262,2012-10-26,1,Core gradient boosting
5,29,2012-11-02,1040.2862759265859,2012-10-26,1,Core gradient boosting
5,30,2012-11-02,624.6232658908079,2012-10-26,1,Core gradient boosting
5,31,2012-11-02,624.6232658908079,2012-10-26,1,Core gradient boosting
5,32,2012-11-02,2465.1816842139515,2012-10-26,1,Core gradient boosting
5,33,2012-11-02,1484.2223800561287,2012-10-26,1,Core gradient boosting
5,34,2012-11-02,3187.4062070009745,2012-10-26,1,Core gradient boosting
5,35,2012-11-02,399.2084922942991,2012-10-26,1,Core gradient boosting
5,36,2012-11-02,255.42965973261556,2012-10-26,1,Core gradient boosting
5,38,2012-11-02,64121.4090958129,2012-10-26,1,Core gradient boosting
5,40,2012-11-02,19951.60128491847,2012-10-26,1,Core gradient boosting
5,41,2012-11-02,1437.7031637315777,2012-10-26,1,Core gradient boosting
5,42,2012-11-02,2781.062043342575,2012-10-26,1,Core gradient boosting
5,44,2012-11-02,1562.3620206094038,2012-10-26,1,Core gradient boosting
5,46,2012-11-02,4340.735674819193,2012-10-26,1,Core gradient boosting
5,52,2012-11-02,341.65921000299954,2012-10-26,1,Core gradient boosting
5,55,2012-11-02,3488.647151820768,2012-10-26,1,Core gradient boosting
5,56,2012-11-02,612.590136257577,2012-10-26,1,Core gradient boosting
5,58,2012-11-02,2201.1252130380235,2012-10-26,1,Core gradient boosting
5,60,2012-11-02,188.1856832293228,2012-10-26,1,Core gradient boosting
5,67,2012-11-02,2777.684095043659,2012-10-26,1,Core gradient boosting
5,71,2012-11-02,356.650624451779,2012-10-26,1,Core gradient boosting
5,72,2012-11-02,12976.760683910052,2012-10-26,1,Core gradient boosting
5,74,2012-11-02,3092.5450509341276,2012-10-26,1,Core gradient boosting
5,79,2012-11-02,5283.541485322198,2012-10-26,1,Core gradient boosting
5,81,2012-11-02,3056.7101036321224,2012-10-26,1,Core gradient boosting
5,82,2012-11-02,4582.319033918809,2012-10-26,1,Core gradient boosting
5,85,2012-11-02,546.6860282486484,2012-10-26,1,Core gradient boosting
5,87,2012-11-02,10413.857085060103,2012-10-26,1,Core gradient boosting
5,90,2012-11-02,3751.232580280831,2012-10-26,1,Core gradient boosting
5,91,2012-11-02,1530.1191289160463,2012-10-26,1,Core gradient boosting
5,92,2012-11-02,10923.862526808482,2012-10-26,1,Core gradient boosting
5,94,2012-11-02,296.58206107036256,2012-10-26,1,Core gradient boosting
5,95,2012-11-02,19909.081645724866,2012-10-26,1,Core gradient boosting
5,96,2012-11-02,8122.96852140969,2012-10-26,1,Core gradient boosting
5,97,2012-11-02,685.1957612613714,2012-10-26,1,Core gradient boosting
6,1,2012-11-02,37598.27124641743,2012-10-26,1,Core gradient boosting
6,2,2012-11-02,49383.12867626039,2012-10-26,1,Core gradient boosting
6,3,2012-11-02,11338.086010939467,2012-10-26,1,Core gradient boosting
6,4,2012-11-02,33261.79827276754,2012-10-26,1,Core gradient boosting
6,5,2012-11-02,32005.807031696237,2012-10-26,1,Core gradient boosting
6,6,2012-11-02,5084.145905661778,2012-10-26,1,Core gradient boosting
6,7,2012-11-02,29020.46486191496,2012-10-26,1,Core gradient boosting
6,8,2012-11-02,49292.08930156782,2012-10-26,1,Core gradient boosting
6,9,2012-11-02,53508.834351036625,2012-10-26,1,Core gradient boosting
6,10,2012-11-02,44353.68740649451,2012-10-26,1,Core gradient boosting
6,11,2012-11-02,19490.03874472586,2012-10-26,1,Core gradient boosting
6,12,2012-11-02,6028.9096035314415,2012-10-26,1,Core gradient boosting
6,13,2012-11-02,37062.822561333254,2012-10-26,1,Core gradient boosting
6,14,2012-11-02,22297.537026530415,2012-10-26,1,Core gradient boosting
6,16,2012-11-02,8890.257551004275,2012-10-26,1,Core gradient boosting
6,17,2012-11-02,13417.162540698564,2012-10-26,1,Core gradient boosting
6,18,2012-11-02,25370.83720522766,2012-10-26,1,Core gradient boosting
6,19,2012-11-02,2889.3609530404324,2012-10-26,1,Core gradient boosting
6,20,2012-11-02,6620.530645681312,2012-10-26,1,Core gradient boosting
6,21,2012-11-02,7411.138198587098,2012-10-26,1,Core gradient boosting
6,22,2012-11-02,17075.746919708985,2012-10-26,1,Core gradient boosting
6,23,2012-11-02,29627.471551317594,2012-10-26,1,Core gradient boosting
6,24,2012-11-02,5397.574310261437,2012-10-26,1,Core gradient boosting
6,25,2012-11-02,11371.96793681251,2012-10-26,1,Core gradient boosting
6,26,2012-11-02,10134.777671934207,2012-10-26,1,Core gradient boosting
6,27,2012-11-02,1710.4447639623986,2012-10-26,1,Core gradient boosting
6,28,2012-11-02,668.4413088295476,2012-10-26,1,Core gradient boosting
6,29,2012-11-02,5793.160620962462,2012-10-26,1,Core gradient boosting
6,30,2012-11-02,4395.5776375134155,2012-10-26,1,Core gradient boosting
6,31,2012-11-02,3019.5157495406643,2012-10-26,1,Core gradient boosting
6,32,2012-11-02,6573.408112407771,2012-10-26,1,Core gradient boosting
6,33,2012-11-02,6903.968542595419,2012-10-26,1,Core gradient boosting
6,34,2012-11-02,16165.679465850142,2012-10-26,1,Core gradient boosting
6,35,2012-11-02,2471.1155359685326,2012-10-26,1,Core gradient boosting
6,36,2012-11-02,1245.811721794515,2012-10-26,1,Core gradient boosting
6,37,2012-11-02,3744.67837090607,2012-10-26,1,Core gradient boosting
6,38,2012-11-02,73277.35233953809,2012-10-26,1,Core gradient boosting
6,40,2012-11-02,65009.251065211574,2012-10-26,1,Core gradient boosting
6,41,2012-11-02,4516.587364830798,2012-10-26,1,Core gradient boosting
6,42,2012-11-02,8675.983204757487,2012-10-26,1,Core gradient boosting
6,44,2012-11-02,9129.685148704144,2012-10-26,1,Core gradient boosting
6,46,2012-11-02,21572.989727520468,2012-10-26,1,Core gradient boosting
6,48,2012-11-02,4226.537590988383,2012-10-26,1,Core gradient boosting
6,49,2012-11-02,11452.33161704061,2012-10-26,1,Core gradient boosting
6,52,2012-11-02,4159.00048386803,2012-10-26,1,Core gradient boosting
6,54,2012-11-02,238.9926769672654,2012-10-26,1,Core gradient boosting
6,55,2012-11-02,12422.414515180295,2012-10-26,1,Core gradient boosting
6,56,2012-11-02,2101.681968216905,2012-10-26,1,Core gradient boosting
6,58,2012-11-02,3509.354630543413,2012-10-26,1,Core gradient boosting
6,59,2012-11-02,316.4127393741751,2012-10-26,1,Core gradient boosting
6,60,2012-11-02,385.1351793749219,2012-10-26,1,Core gradient boosting
6,67,2012-11-02,9871.46909116258,2012-10-26,1,Core gradient boosting
6,71,2012-11-02,4564.579909188724,2012-10-26,1,Core gradient boosting
6,72,2012-11-02,82821.09994841153,2012-10-26,1,Core gradient boosting
6,74,2012-11-02,20142.814562877134,2012-10-26,1,Core gradient boosting
6,77,2012-11-02,327.23636802493706,2012-10-26,1,Core gradient boosting
6,79,2012-11-02,23184.61796721606,2012-10-26,1,Core gradient boosting
6,80,2012-11-02,13533.107785179653,2012-10-26,1,Core gradient boosting
6,81,2012-11-02,14037.960017433601,2012-10-26,1,Core gradient boosting
6,82,2012-11-02,18886.94674954403,2012-10-26,1,Core gradient boosting
6,83,2012-11-02,3628.7887790085924,2012-10-26,1,Core gradient boosting
6,85,2012-11-02,1644.0698604297047,2012-10-26,1,Core gradient boosting
6,87,2012-11-02,47193.32665379485,2012-10-26,1,Core gradient boosting
6,90,2012-11-02,55484.18313107004,2012-10-26,1,Core gradient boosting
6,91,2012-11-02,43955.22803009742,2012-10-26,1,Core gradient boosting
6,92,2012-11-02,107064.95397777809,2012-10-26,1,Core gradient boosting
6,93,2012-11-02,42751.04568424618,2012-10-26,1,Core gradient boosting
6,94,2012-11-02,40712.496940373756,2012-10-26,1,Core gradient boosting
6,95,2012-11-02,88216.97739306791,2012-10-26,1,Core gradient boosting
6,96,2012-11-02,28898.904132222026,2012-10-26,1,Core gradient boosting
6,97,2012-11-02,20009.87935665161,2012-10-26,1,Core gradient boosting
6,98,2012-11-02,10639.220457675705,2012-10-26,1,Core gradient boosting
7,1,2012-11-02,12456.94214875562,2012-10-26,1,Core gradient boosting
7,2,2012-11-02,20503.055806303502,2012-10-26,1,Core gradient boosting
7,3,2012-11-02,6990.589866525891,2012-10-26,1,Core gradient boosting
7,4,2012-11-02,13169.78987653344,2012-10-26,1,Core gradient boosting
7,5,2012-11-02,12630.500284722517,2012-10-26,1,Core gradient boosting
7,6,2012-11-02,3475.344319505568,2012-10-26,1,Core gradient boosting
7,7,2012-11-02,6565.14854939148,2012-10-26,1,Core gradient boosting
7,8,2012-11-02,14220.100209154552,2012-10-26,1,Core gradient boosting
7,9,2012-11-02,24167.466654272554,2012-10-26,1,Core gradient boosting
7,10,2012-11-02,25091.752995695348,2012-10-26,1,Core gradient boosting
7,11,2012-11-02,14651.50470097738,2012-10-26,1,Core gradient boosting
7,12,2012-11-02,4312.230768506564,2012-10-26,1,Core gradient boosting
7,13,2012-11-02,14320.594717526365,2012-10-26,1,Core gradient boosting
7,14,2012-11-02,9493.591558605534,2012-10-26,1,Core gradient boosting
7,16,2012-11-02,6137.140058977501,2012-10-26,1,Core gradient boosting
7,17,2012-11-02,5962.897102453655,2012-10-26,1,Core gradient boosting
7,18,2012-11-02,6522.128486483303,2012-10-26,1,Core gradient boosting
7,20,2012-11-02,3363.1119349957035,2012-10-26,1,Core gradient boosting
7,21,2012-11-02,1587.4505915360357,2012-10-26,1,Core gradient boosting
7,22,2012-11-02,7337.50545546429,2012-10-26,1,Core gradient boosting
7,23,2012-11-02,15394.725898378392,2012-10-26,1,Core gradient boosting
7,24,2012-11-02,2428.4007326115807,2012-10-26,1,Core gradient boosting
7,25,2012-11-02,4891.846152713938,2012-10-26,1,Core gradient boosting
7,26,2012-11-02,2203.9287231989815,2012-10-26,1,Core gradient boosting
7,27,2012-11-02,722.2179592967312,2012-10-26,1,Core gradient boosting
7,28,2012-11-02,259.98592048943686,2012-10-26,1,Core gradient boosting
7,29,2012-11-02,1500.0413709782988,2012-10-26,1,Core gradient boosting
7,30,2012-11-02,832.1972619798148,2012-10-26,1,Core gradient boosting
7,31,2012-11-02,1664.1773034037428,2012-10-26,1,Core gradient boosting
7,32,2012-11-02,3486.4006262412236,2012-10-26,1,Core gradient boosting
7,33,2012-11-02,2617.1571860543863,2012-10-26,1,Core gradient boosting
7,34,2012-11-02,3584.4682390607354,2012-10-26,1,Core gradient boosting
7,35,2012-11-02,208.36031422833662,2012-10-26,1,Core gradient boosting
7,36,2012-11-02,1299.5750774619655,2012-10-26,1,Core gradient boosting
7,38,2012-11-02,28942.858504727705,2012-10-26,1,Core gradient boosting
7,40,2012-11-02,25654.830965378736,2012-10-26,1,Core gradient boosting
7,41,2012-11-02,2271.7016400141183,2012-10-26,1,Core gradient boosting
7,42,2012-11-02,6418.3708627259875,2012-10-26,1,Core gradient boosting
7,44,2012-11-02,3644.9504388304576,2012-10-26,1,Core gradient boosting
7,46,2012-11-02,11391.21545383998,2012-10-26,1,Core gradient boosting
7,48,2012-11-02,2378.439873983093,2012-10-26,1,Core gradient boosting
7,49,2012-11-02,208.36031422833662,2012-10-26,1,Core gradient boosting
7,52,2012-11-02,1065.45287125222,2012-10-26,1,Core gradient boosting
7,55,2012-11-02,4715.35422990144,2012-10-26,1,Core gradient boosting
7,56,2012-11-02,819.647560194606,2012-10-26,1,Core gradient boosting
7,58,2012-11-02,1300.0218691882774,2012-10-26,1,Core gradient boosting
7,59,2012-11-02,228.89262439814746,2012-10-26,1,Core gradient boosting
7,60,2012-11-02,208.36031422833662,2012-10-26,1,Core gradient boosting
7,67,2012-11-02,3701.2182175452863,2012-10-26,1,Core gradient boosting
7,71,2012-11-02,1877.2303132384088,2012-10-26,1,Core gradient boosting
7,72,2012-11-02,42431.11824810725,2012-10-26,1,Core gradient boosting
7,74,2012-11-02,9227.730365855205,2012-10-26,1,Core gradient boosting
7,79,2012-11-02,5465.704492171756,2012-10-26,1,Core gradient boosting
7,80,2012-11-02,524.2177449234592,2012-10-26,1,Core gradient boosting
7,81,2012-11-02,6241.578970380231,2012-10-26,1,Core gradient boosting
7,82,2012-11-02,8690.494661141873,2012-10-26,1,Core gradient boosting
7,83,2012-11-02,529.9971099529249,2012-10-26,1,Core gradient boosting
7,85,2012-11-02,1710.6965197282939,2012-10-26,1,Core gradient boosting
7,87,2012-11-02,13135.54455905814,2012-10-26,1,Core gradient boosting
7,90,2012-11-02,13992.089693247839,2012-10-26,1,Core gradient boosting
7,91,2012-11-02,9494.98784498525,2012-10-26,1,Core gradient boosting
7,92,2012-11-02,28309.364470299362,2012-10-26,1,Core gradient boosting
7,93,2012-11-02,1745.2477994058117,2012-10-26,1,Core gradient boosting
7,94,2012-11-02,1493.2391853997399,2012-10-26,1,Core gradient boosting
7,95,2012-11-02,29564.017303651268,2012-10-26,1,Core gradient boosting
7,96,2012-11-02,897.1283955734763,2012-10-26,1,Core gradient boosting
7,97,2012-11-02,3999.1653756555284,2012-10-26,1,Core gradient boosting
7,98,2012-11-02,248.1847857113043,2012-10-26,1,Core gradient boosting
8,1,2012-11-02,29103.915593043122,2012-10-26,1,Core gradient boosting
8,2,2012-11-02,35601.2592799311,2012-10-26,1,Core gradient boosting
8,3,2012-11-02,7434.750121915564,2012-10-26,1,Core gradient boosting
8,4,2012-11-02,21881.042428424633,2012-10-26,1,Core gradient boosting
8,5,2012-11-02,22806.31361658426,2012-10-26,1,Core gradient boosting
8,6,2012-11-02,2041.4085792701997,2012-10-26,1,Core gradient boosting
8,7,2012-11-02,18753.786956948064,2012-10-26,1,Core gradient boosting
8,8,2012-11-02,28713.182827616703,2012-10-26,1,Core gradient boosting
8,9,2012-11-02,10097.552064080473,2012-10-26,1,Core gradient boosting
8,10,2012-11-02,21022.858957498152,2012-10-26,1,Core gradient boosting
8,11,2012-11-02,19922.028779171687,2012-10-26,1,Core gradient boosting
8,12,2012-11-02,7943.6532703004605,2012-10-26,1,Core gradient boosting
8,13,2012-11-02,26198.01377771579,2012-10-26,1,Core gradient boosting
8,14,2012-11-02,9772.231167557666,2012-10-26,1,Core gradient boosting
8,16,2012-11-02,5780.499261395744,2012-10-26,1,Core gradient boosting
8,17,2012-11-02,6638.8961347870045,2012-10-26,1,Core gradient boosting
8,18,2012-11-02,14816.224761861446,2012-10-26,1,Core gradient boosting
8,19,2012-11-02,682.5364455766226,2012-10-26,1,Core gradient boosting
8,20,2012-11-02,3272.059928618753,2012-10-26,1,Core gradient boosting
8,21,2012-11-02,3908.838260912046,2012-10-26,1,Core gradient boosting
8,22,2012-11-02,6692.369360884084,2012-10-26,1,Core gradient boosting
8,23,2012-11-02,17715.474247198228,2012-10-26,1,Core gradient boosting
8,24,2012-11-02,3785.5446076400253,2012-10-26,1,Core gradient boosting
8,25,2012-11-02,6456.360721556729,2012-10-26,1,Core gradient boosting
8,26,2012-11-02,6396.592016622392,2012-10-26,1,Core gradient boosting
8,27,2012-11-02,1222.0170616600285,2012-10-26,1,Core gradient boosting
8,28,2012-11-02,311.37305587772715,2012-10-26,1,Core gradient boosting
8,29,2012-11-02,2623.9948886588286,2012-10-26,1,Core gradient boosting
8,30,2012-11-02,1860.6908947885581,2012-10-26,1,Core gradient boosting
8,31,2012-11-02,1592.8753654549098,2012-10-26,1,Core gradient boosting
8,32,2012-11-02,4214.601527474246,2012-10-26,1,Core gradient boosting
8,33,2012-11-02,5736.067716878524,2012-10-26,1,Core gradient boosting
8,34,2012-11-02,7256.253285046837,2012-10-26,1,Core gradient boosting
8,35,2012-11-02,1460.35985725819,2012-10-26,1,Core gradient boosting
8,36,2012-11-02,836.2326535551356,2012-10-26,1,Core gradient boosting
8,37,2012-11-02,2142.692235600977,2012-10-26,1,Core gradient boosting
8,38,2012-11-02,66085.59961269042,2012-10-26,1,Core gradient boosting
8,40,2012-11-02,39787.39148015033,2012-10-26,1,Core gradient boosting
8,41,2012-11-02,1763.4318727510406,2012-10-26,1,Core gradient boosting
8,42,2012-11-02,5442.368937252126,2012-10-26,1,Core gradient boosting
8,44,2012-11-02,4731.133758450551,2012-10-26,1,Core gradient boosting
8,46,2012-11-02,16782.805704037535,2012-10-26,1,Core gradient boosting
8,49,2012-11-02,1913.6002412137802,2012-10-26,1,Core gradient boosting
8,52,2012-11-02,1363.1008352206725,2012-10-26,1,Core gradient boosting
8,54,2012-11-02,276.9619290528409,2012-10-26,1,Core gradient boosting
8,55,2012-11-02,5991.964911323002,2012-10-26,1,Core gradient boosting
8,56,2012-11-02,1607.44358102185,2012-10-26,1,Core gradient boosting
8,58,2012-11-02,1416.2874729327345,2012-10-26,1,Core gradient boosting
8,59,2012-11-02,255.0224883157466,2012-10-26,1,Core gradient boosting
8,60,2012-11-02,266.8236230938791,2012-10-26,1,Core gradient boosting
8,67,2012-11-02,5189.4216628348295,2012-10-26,1,Core gradient boosting
8,71,2012-11-02,1429.6632733348124,2012-10-26,1,Core gradient boosting
8,72,2012-11-02,40545.90371585485,2012-10-26,1,Core gradient boosting
8,74,2012-11-02,9069.355511206464,2012-10-26,1,Core gradient boosting
8,79,2012-11-02,21125.193504713963,2012-10-26,1,Core gradient boosting
8,80,2012-11-02,9575.745402629862,2012-10-26,1,Core gradient boosting
8,81,2012-11-02,12407.234832422273,2012-10-26,1,Core gradient boosting
8,82,2012-11-02,14671.933096014905,2012-10-26,1,Core gradient boosting
8,83,2012-11-02,2647.10216883154,2012-10-26,1,Core gradient boosting
8,85,2012-11-02,1717.5342223327361,2012-10-26,1,Core gradient boosting
8,87,2012-11-02,22902.234259622797,2012-10-26,1,Core gradient boosting
8,90,2012-11-02,42471.541339341966,2012-10-26,1,Core gradient boosting
8,91,2012-11-02,30799.92342658974,2012-10-26,1,Core gradient boosting
8,92,2012-11-02,69637.50086063745,2012-10-26,1,Core gradient boosting
8,93,2012-11-02,29294.026856089236,2012-10-26,1,Core gradient boosting
8,94,2012-11-02,24572.662048376682,2012-10-26,1,Core gradient boosting
8,95,2012-11-02,61882.77896334573,2012-10-26,1,Core gradient boosting
8,97,2012-11-02,17118.78675017046,2012-10-26,1,Core gradient boosting
8,98,2012-11-02,7964.185580470271,2012-10-26,1,Core gradient boosting
8,99,2012-11-02,316.7864005358086,2012-10-26,1,Core gradient boosting
9,1,2012-11-02,21977.31157790434,2012-10-26,1,Core gradient boosting
9,2,2012-11-02,26530.65249980145,2012-10-26,1,Core gradient boosting
9,3,2012-11-02,6523.309807888498,2012-10-26,1,Core gradient boosting
9,4,2012-11-02,19044.237898433857,2012-10-26,1,Core gradient boosting
9,5,2012-11-02,21220.250222031253,2012-10-26,1,Core gradient boosting
9,6,2012-11-02,1964.7926731921582,2012-10-26,1,Core gradient boosting
9,7,2012-11-02,14020.03622489556,2012-10-26,1,Core gradient boosting
9,8,2012-11-02,24122.27662657281,2012-10-26,1,Core gradient boosting
9,9,2012-11-02,13696.03721348379,2012-10-26,1,Core gradient boosting
9,10,2012-11-02,13602.143432761282,2012-10-26,1,Core gradient boosting
9,11,2012-11-02,14624.52982369499,2012-10-26,1,Core gradient boosting
9,12,2012-11-02,7231.258522007751,2012-10-26,1,Core gradient boosting
9,13,2012-11-02,23301.91223346155,2012-10-26,1,Core gradient boosting
9,14,2012-11-02,7334.895953182517,2012-10-26,1,Core gradient boosting
9,16,2012-11-02,4448.108936880126,2012-10-26,1,Core gradient boosting
9,17,2012-11-02,5526.717290221817,2012-10-26,1,Core gradient boosting
9,18,2012-11-02,6070.736653215872,2012-10-26,1,Core gradient boosting
9,19,2012-11-02,1564.2520037347942,2012-10-26,1,Core gradient boosting
9,20,2012-11-02,2967.097727686062,2012-10-26,1,Core gradient boosting
9,21,2012-11-02,3479.9212001302963,2012-10-26,1,Core gradient boosting
9,22,2012-11-02,6216.9703807669475,2012-10-26,1,Core gradient boosting
9,23,2012-11-02,15309.218604320096,2012-10-26,1,Core gradient boosting
9,24,2012-11-02,3298.8333961442836,2012-10-26,1,Core gradient boosting
9,25,2012-11-02,4465.688046862118,2012-10-26,1,Core gradient boosting
9,26,2012-11-02,4439.701140707378,2012-10-26,1,Core gradient boosting
9,27,2012-11-02,766.7238526779809,2012-10-26,1,Core gradient boosting
9,28,2012-11-02,238.2002613737632,2012-10-26,1,Core gradient boosting
9,29,2012-11-02,1964.7926731921582,2012-10-26,1,Core gradient boosting
9,30,2012-11-02,1466.9929816972765,2012-10-26,1,Core gradient boosting
9,31,2012-11-02,1146.874483615362,2012-10-26,1,Core gradient boosting
9,32,2012-11-02,3726.1075532736495,2012-10-26,1,Core gradient boosting
9,33,2012-11-02,3063.5141086340795,2012-10-26,1,Core gradient boosting
9,34,2012-11-02,5679.103414781988,2012-10-26,1,Core gradient boosting
9,35,2012-11-02,1002.781772979508,2012-10-26,1,Core gradient boosting
9,36,2012-11-02,575.9758462143471,2012-10-26,1,Core gradient boosting
9,38,2012-11-02,70667.56393072501,2012-10-26,1,Core gradient boosting
9,40,2012-11-02,30994.717563488455,2012-10-26,1,Core gradient boosting
9,41,2012-11-02,1545.1326222505515,2012-10-26,1,Core gradient boosting
9,42,2012-11-02,3409.2233234195805,2012-10-26,1,Core gradient boosting
9,44,2012-11-02,4389.678831983362,2012-10-26,1,Core gradient boosting
9,46,2012-11-02,6995.6539846789565,2012-10-26,1,Core gradient boosting
9,48,2012-11-02,851.5349713946244,2012-10-26,1,Core gradient boosting
9,49,2012-11-02,186.57465511266298,2012-10-26,1,Core gradient boosting
9,52,2012-11-02,1855.4446541227355,2012-10-26,1,Core gradient boosting
9,55,2012-11-02,8234.898474022148,2012-10-26,1,Core gradient boosting
9,56,2012-11-02,891.2337029128987,2012-10-26,1,Core gradient boosting
9,59,2012-11-02,207.10696528247382,2012-10-26,1,Core gradient boosting
9,60,2012-11-02,186.57465511266298,2012-10-26,1,Core gradient boosting
9,67,2012-11-02,3726.685595107829,2012-10-26,1,Core gradient boosting
9,71,2012-11-02,1175.0289385937888,2012-10-26,1,Core gradient boosting
9,72,2012-11-02,36037.20268957133,2012-10-26,1,Core gradient boosting
9,74,2012-11-02,6738.194325085347,2012-10-26,1,Core gradient boosting
9,79,2012-11-02,13023.7855146164,2012-10-26,1,Core gradient boosting
9,81,2012-11-02,2749.2020940963343,2012-10-26,1,Core gradient boosting
9,82,2012-11-02,10871.63168589685,2012-10-26,1,Core gradient boosting
9,85,2012-11-02,700.4323001810577,2012-10-26,1,Core gradient boosting
9,87,2012-11-02,14345.83837620567,2012-10-26,1,Core gradient boosting
9,90,2012-11-02,3648.9372571394174,2012-10-26,1,Core gradient boosting
9,91,2012-11-02,1100.5355125046378,2012-10-26,1,Core gradient boosting
9,92,2012-11-02,19633.01096021616,2012-10-26,1,Core gradient boosting
9,94,2012-11-02,270.58239731601134,2012-10-26,1,Core gradient boosting
9,95,2012-11-02,33168.391134036945,2012-10-26,1,Core gradient boosting
9,96,2012-11-02,4435.701494714442,2012-10-26,1,Core gradient boosting
10,1,2012-11-02,74975.2937574775,2012-10-26,1,Core gradient boosting
10,2,2012-11-02,106003.330141587,2012-10-26,1,Core gradient boosting
10,3,2012-11-02,20490.67336819808,2012-10-26,1,Core gradient boosting
10,4,2012-11-02,48697.07115860929,2012-10-26,1,Core gradient boosting
10,5,2012-11-02,55749.75393919497,2012-10-26,1,Core gradient boosting
10,6,2012-11-02,9215.326714197729,2012-10-26,1,Core gradient boosting
10,7,2012-11-02,63496.64570929487,2012-10-26,1,Core gradient boosting
10,8,2012-11-02,87645.60886313774,2012-10-26,1,Core gradient boosting
10,9,2012-11-02,58773.005784633904,2012-10-26,1,Core gradient boosting
10,10,2012-11-02,45739.334585786215,2012-10-26,1,Core gradient boosting
10,11,2012-11-02,27258.24325763171,2012-10-26,1,Core gradient boosting
10,12,2012-11-02,9090.022617679286,2012-10-26,1,Core gradient boosting
10,13,2012-11-02,64610.13378746935,2012-10-26,1,Core gradient boosting
10,14,2012-11-02,36891.58099021664,2012-10-26,1,Core gradient boosting
10,16,2012-11-02,11994.926040602984,2012-10-26,1,Core gradient boosting
10,17,2012-11-02,25628.988557026983,2012-10-26,1,Core gradient boosting
10,18,2012-11-02,26626.65867314838,2012-10-26,1,Core gradient boosting
10,19,2012-11-02,3134.786217756048,2012-10-26,1,Core gradient boosting
10,20,2012-11-02,14417.838081273354,2012-10-26,1,Core gradient boosting
10,21,2012-11-02,8500.285642181172,2012-10-26,1,Core gradient boosting
10,22,2012-11-02,22381.183145588395,2012-10-26,1,Core gradient boosting
10,23,2012-11-02,58734.49527060167,2012-10-26,1,Core gradient boosting
10,24,2012-11-02,13774.251114738367,2012-10-26,1,Core gradient boosting
10,25,2012-11-02,19565.823372268656,2012-10-26,1,Core gradient boosting
10,26,2012-11-02,20232.235163960864,2012-10-26,1,Core gradient boosting
10,27,2012-11-02,4194.084410308519,2012-10-26,1,Core gradient boosting
10,28,2012-11-02,1361.9248310993994,2012-10-26,1,Core gradient boosting
10,29,2012-11-02,14311.240160530251,2012-10-26,1,Core gradient boosting
10,30,2012-11-02,9146.205097517326,2012-10-26,1,Core gradient boosting
10,31,2012-11-02,4194.522923645914,2012-10-26,1,Core gradient boosting
10,32,2012-11-02,17976.254963526673,2012-10-26,1,Core gradient boosting
10,33,2012-11-02,13622.439681931963,2012-10-26,1,Core gradient boosting
10,34,2012-11-02,38839.17608057071,2012-10-26,1,Core gradient boosting
10,35,2012-11-02,6598.639206325486,2012-10-26,1,Core gradient boosting
10,36,2012-11-02,1311.1850253864327,2012-10-26,1,Core gradient boosting
10,37,2012-11-02,3977.4739144686387,2012-10-26,1,Core gradient boosting
10,38,2012-11-02,83414.20458445339,2012-10-26,1,Core gradient boosting
10,40,2012-11-02,95248.94844273441,2012-10-26,1,Core gradient boosting
10,41,2012-11-02,16754.276784924485,2012-10-26,1,Core gradient boosting
10,42,2012-11-02,12179.682858087917,2012-10-26,1,Core gradient boosting
10,44,2012-11-02,10430.17002764177,2012-10-26,1,Core gradient boosting
10,46,2012-11-02,49378.71401578618,2012-10-26,1,Core gradient boosting
10,48,2012-11-02,4341.846543593525,2012-10-26,1,Core gradient boosting
10,49,2012-11-02,19914.66479739771,2012-10-26,1,Core gradient boosting
10,50,2012-11-02,4367.160788977048,2012-10-26,1,Core gradient boosting
10,52,2012-11-02,4508.94348546326,2012-10-26,1,Core gradient boosting
10,54,2012-11-02,304.36598055918284,2012-10-26,1,Core gradient boosting
10,55,2012-11-02,17230.6268319265,2012-10-26,1,Core gradient boosting
10,56,2012-11-02,1003.1899580749198,2012-10-26,1,Core gradient boosting
10,58,2012-11-02,4291.4668209523625,2012-10-26,1,Core gradient boosting
10,59,2012-11-02,437.9477538953742,2012-10-26,1,Core gradient boosting
10,60,2012-11-02,647.2479553363156,2012-10-26,1,Core gradient boosting
10,67,2012-11-02,12155.967462666567,2012-10-26,1,Core gradient boosting
10,71,2012-11-02,12270.644407069569,2012-10-26,1,Core gradient boosting
10,72,2012-11-02,139751.35028553795,2012-10-26,1,Core gradient boosting
10,74,2012-11-02,36012.37459583895,2012-10-26,1,Core gradient boosting
10,79,2012-11-02,34883.39173497442,2012-10-26,1,Core gradient boosting
10,80,2012-11-02,459.72053238615285,2012-10-26,1,Core gradient boosting
10,81,2012-11-02,10331.894200886449,2012-10-26,1,Core gradient boosting
10,82,2012-11-02,23494.931810455695,2012-10-26,1,Core gradient boosting
10,83,2012-11-02,335.2668266415414,2012-10-26,1,Core gradient boosting
10,85,2012-11-02,2794.610441955644,2012-10-26,1,Core gradient boosting
10,87,2012-11-02,28180.11673646418,2012-10-26,1,Core gradient boosting
10,90,2012-11-02,16291.85093366727,2012-10-26,1,Core gradient boosting
10,91,2012-11-02,12107.997039946049,2012-10-26,1,Core gradient boosting
10,92,2012-11-02,57949.02245397585,2012-10-26,1,Core gradient boosting
10,93,2012-11-02,1616.1683437935042,2012-10-26,1,Core gradient boosting
10,94,2012-11-02,1050.4234642302072,2012-10-26,1,Core gradient boosting
10,95,2012-11-02,69439.45216980031,2012-10-26,1,Core gradient boosting
10,96,2012-11-02,14053.787603292354,2012-10-26,1,Core gradient boosting
10,97,2012-11-02,5046.257349206599,2012-10-26,1,Core gradient boosting
10,98,2012-11-02,741.700980158608,2012-10-26,1,Core gradient boosting
11,1,2012-11-02,33364.156076257226,2012-10-26,1,Core gradient boosting
11,2,2012-11-02,55095.66184112429,2012-10-26,1,Core gradient boosting
11,3,2012-11-02,10560.059049084583,2012-10-26,1,Core gradient boosting
11,4,2012-11-02,28222.807448465155,2012-10-26,1,Core gradient boosting
11,5,2012-11-02,42320.44580351194,2012-10-26,1,Core gradient boosting
11,6,2012-11-02,3675.5828015693864,2012-10-26,1,Core gradient boosting
11,7,2012-11-02,36201.682764576064,2012-10-26,1,Core gradient boosting
11,8,2012-11-02,35382.460960195654,2012-10-26,1,Core gradient boosting
11,9,2012-11-02,14362.024812529047,2012-10-26,1,Core gradient boosting
11,10,2012-11-02,22419.273676678255,2012-10-26,1,Core gradient boosting
11,11,2012-11-02,14733.124821368494,2012-10-26,1,Core gradient boosting
11,12,2012-11-02,4017.217787381819,2012-10-26,1,Core gradient boosting
11,13,2012-11-02,41530.24696063702,2012-10-26,1,Core gradient boosting
11,14,2012-11-02,22893.231227930326,2012-10-26,1,Core gradient boosting
11,16,2012-11-02,6422.535921641001,2012-10-26,1,Core gradient boosting
11,17,2012-11-02,11508.48935814395,2012-10-26,1,Core gradient boosting
11,18,2012-11-02,29015.219589794488,2012-10-26,1,Core gradient boosting
11,19,2012-11-02,2041.445995065381,2012-10-26,1,Core gradient boosting
11,20,2012-11-02,7253.61607209445,2012-10-26,1,Core gradient boosting
11,21,2012-11-02,6395.586696673868,2012-10-26,1,Core gradient boosting
11,22,2012-11-02,14331.231444850764,2012-10-26,1,Core gradient boosting
11,23,2012-11-02,37199.843550845435,2012-10-26,1,Core gradient boosting
11,24,2012-11-02,9121.85245967053,2012-10-26,1,Core gradient boosting
11,25,2012-11-02,10690.262879929473,2012-10-26,1,Core gradient boosting
11,26,2012-11-02,12730.774773313433,2012-10-26,1,Core gradient boosting
11,27,2012-11-02,2328.8782988502776,2012-10-26,1,Core gradient boosting
11,28,2012-11-02,1199.292505469964,2012-10-26,1,Core gradient boosting
11,29,2012-11-02,7523.149388363286,2012-10-26,1,Core gradient boosting
11,30,2012-11-02,5126.3737179750515,2012-10-26,1,Core gradient boosting
11,31,2012-11-02,1937.3949013482666,2012-10-26,1,Core gradient boosting
11,32,2012-11-02,8844.11519637762,2012-10-26,1,Core gradient boosting
11,33,2012-11-02,7808.531590703646,2012-10-26,1,Core gradient boosting
11,34,2012-11-02,19675.493713312917,2012-10-26,1,Core gradient boosting
11,35,2012-11-02,3629.063585244836,2012-10-26,1,Core gradient boosting
11,36,2012-11-02,714.9605251540986,2012-10-26,1,Core gradient boosting
11,37,2012-11-02,3864.108066518796,2012-10-26,1,Core gradient boosting
11,38,2012-11-02,70620.62875048118,2012-10-26,1,Core gradient boosting
11,40,2012-11-02,53637.75318533745,2012-10-26,1,Core gradient boosting
11,41,2012-11-02,1937.3949013482666,2012-10-26,1,Core gradient boosting
11,42,2012-11-02,6022.962134863643,2012-10-26,1,Core gradient boosting
11,44,2012-11-02,8045.190669294407,2012-10-26,1,Core gradient boosting
11,46,2012-11-02,25378.296103952893,2012-10-26,1,Core gradient boosting
11,49,2012-11-02,8669.88417936795,2012-10-26,1,Core gradient boosting
11,52,2012-11-02,3213.8129011946253,2012-10-26,1,Core gradient boosting
11,54,2012-11-02,238.9926769672654,2012-10-26,1,Core gradient boosting
11,55,2012-11-02,10801.362940342893,2012-10-26,1,Core gradient boosting
11,56,2012-11-02,1374.9999142618226,2012-10-26,1,Core gradient boosting
11,58,2012-11-02,2412.513879025959,2012-10-26,1,Core gradient boosting
11,59,2012-11-02,467.0913464500131,2012-10-26,1,Core gradient boosting
11,60,2012-11-02,269.89352304962404,2012-10-26,1,Core gradient boosting
11,67,2012-11-02,9231.368731326967,2012-10-26,1,Core gradient boosting
11,71,2012-11-02,9298.353896537152,2012-10-26,1,Core gradient boosting
11,72,2012-11-02,81007.30487197667,2012-10-26,1,Core gradient boosting
11,74,2012-11-02,18286.27097368963,2012-10-26,1,Core gradient boosting
11,79,2012-11-02,30222.55461262342,2012-10-26,1,Core gradient boosting
11,80,2012-11-02,12838.174544295269,2012-10-26,1,Core gradient boosting
11,81,2012-11-02,12157.088597006079,2012-10-26,1,Core gradient boosting
11,82,2012-11-02,22313.914281357884,2012-10-26,1,Core gradient boosting
11,83,2012-11-02,3153.8786991798574,2012-10-26,1,Core gradient boosting
11,85,2012-11-02,1741.3288824672227,2012-10-26,1,Core gradient boosting
11,87,2012-11-02,17672.434941698375,2012-10-26,1,Core gradient boosting
11,90,2012-11-02,49544.537744422196,2012-10-26,1,Core gradient boosting
11,91,2012-11-02,39610.00372085137,2012-10-26,1,Core gradient boosting
11,92,2012-11-02,85159.48724661929,2012-10-26,1,Core gradient boosting
11,93,2012-11-02,31859.64978220908,2012-10-26,1,Core gradient boosting
11,94,2012-11-02,37152.05485337596,2012-10-26,1,Core gradient boosting
11,95,2012-11-02,74429.22533256763,2012-10-26,1,Core gradient boosting
11,96,2012-11-02,21107.360861988207,2012-10-26,1,Core gradient boosting
11,97,2012-11-02,14857.664196372334,2012-10-26,1,Core gradient boosting
11,98,2012-11-02,9527.623305547433,2012-10-26,1,Core gradient boosting
12,1,2012-11-02,33527.64925687511,2012-10-26,1,Core gradient boosting
12,2,2012-11-02,76362.06405487625,2012-10-26,1,Core gradient boosting
12,3,2012-11-02,10625.641220623726,2012-10-26,1,Core gradient boosting
12,4,2012-11-02,26872.12718754306,2012-10-26,1,Core gradient boosting
12,5,2012-11-02,27122.262017892957,2012-10-26,1,Core gradient boosting
12,6,2012-11-02,3720.467117395298,2012-10-26,1,Core gradient boosting
12,7,2012-11-02,34051.8982189305,2012-10-26,1,Core gradient boosting
12,8,2012-11-02,43684.29615916884,2012-10-26,1,Core gradient boosting
12,9,2012-11-02,16597.987487395043,2012-10-26,1,Core gradient boosting
12,10,2012-11-02,15840.47133234767,2012-10-26,1,Core gradient boosting
12,11,2012-11-02,15297.93444458085,2012-10-26,1,Core gradient boosting
12,12,2012-11-02,4521.962733021903,2012-10-26,1,Core gradient boosting
12,13,2012-11-02,47148.50915802391,2012-10-26,1,Core gradient boosting
12,14,2012-11-02,18478.0505271923,2012-10-26,1,Core gradient boosting
12,16,2012-11-02,4138.861763455432,2012-10-26,1,Core gradient boosting
12,17,2012-11-02,10449.12242953501,2012-10-26,1,Core gradient boosting
12,18,2012-11-02,30925.471740348894,2012-10-26,1,Core gradient boosting
12,19,2012-11-02,2846.165093004969,2012-10-26,1,Core gradient boosting
12,20,2012-11-02,5992.585976843599,2012-10-26,1,Core gradient boosting
12,21,2012-11-02,3868.035586530699,2012-10-26,1,Core gradient boosting
12,22,2012-11-02,8581.34124242576,2012-10-26,1,Core gradient boosting
12,23,2012-11-02,40952.544314281935,2012-10-26,1,Core gradient boosting
12,24,2012-11-02,12165.882878308888,2012-10-26,1,Core gradient boosting
12,25,2012-11-02,19741.061813615677,2012-10-26,1,Core gradient boosting
12,26,2012-11-02,19041.76993142263,2012-10-26,1,Core gradient boosting
12,27,2012-11-02,2608.2150617135458,2012-10-26,1,Core gradient boosting
12,28,2012-11-02,887.1102737178752,2012-10-26,1,Core gradient boosting
12,29,2012-11-02,7537.745219394152,2012-10-26,1,Core gradient boosting
12,30,2012-11-02,5248.26160751672,2012-10-26,1,Core gradient boosting
12,31,2012-11-02,3002.910959382757,2012-10-26,1,Core gradient boosting
12,32,2012-11-02,7316.27310329212,2012-10-26,1,Core gradient boosting
12,33,2012-11-02,11716.862410277085,2012-10-26,1,Core gradient boosting
12,34,2012-11-02,20420.401216199843,2012-10-26,1,Core gradient boosting
12,35,2012-11-02,2265.7542923678197,2012-10-26,1,Core gradient boosting
12,36,2012-11-02,1813.0052732750382,2012-10-26,1,Core gradient boosting
12,38,2012-11-02,54729.245377460575,2012-10-26,1,Core gradient boosting
12,40,2012-11-02,48795.81202184148,2012-10-26,1,Core gradient boosting
12,41,2012-11-02,1678.2048759847642,2012-10-26,1,Core gradient boosting
12,42,2012-11-02,6688.797555744796,2012-10-26,1,Core gradient boosting
12,44,2012-11-02,9235.608459992494,2012-10-26,1,Core gradient boosting
12,46,2012-11-02,32723.073512715742,2012-10-26,1,Core gradient boosting
12,52,2012-11-02,3487.7019585070716,2012-10-26,1,Core gradient boosting
12,54,2012-11-02,222.3878868093581,2012-10-26,1,Core gradient boosting
12,55,2012-11-02,9099.071983175952,2012-10-26,1,Core gradient boosting
12,56,2012-11-02,229.7844670291785,2012-10-26,1,Core gradient boosting
12,58,2012-11-02,2454.5107458106254,2012-10-26,1,Core gradient boosting
12,59,2012-11-02,299.8079492162678,2012-10-26,1,Core gradient boosting
12,60,2012-11-02,368.5303892170145,2012-10-26,1,Core gradient boosting
12,67,2012-11-02,5804.408862293743,2012-10-26,1,Core gradient boosting
12,71,2012-11-02,6418.819027887492,2012-10-26,1,Core gradient boosting
12,72,2012-11-02,54428.09408616459,2012-10-26,1,Core gradient boosting
12,74,2012-11-02,15024.839586066322,2012-10-26,1,Core gradient boosting
12,79,2012-11-02,40469.458444059,2012-10-26,1,Core gradient boosting
12,80,2012-11-02,231.5999362286718,2012-10-26,1,Core gradient boosting
12,81,2012-11-02,6859.853022743234,2012-10-26,1,Core gradient boosting
12,82,2012-11-02,17036.33856966532,2012-10-26,1,Core gradient boosting
12,83,2012-11-02,274.0134930704583,2012-10-26,1,Core gradient boosting
12,85,2012-11-02,1524.2577987929815,2012-10-26,1,Core gradient boosting
12,87,2012-11-02,13161.791397346717,2012-10-26,1,Core gradient boosting
12,90,2012-11-02,12140.127283899781,2012-10-26,1,Core gradient boosting
12,91,2012-11-02,6755.348874698553,2012-10-26,1,Core gradient boosting
12,92,2012-11-02,29366.14697835444,2012-10-26,1,Core gradient boosting
12,93,2012-11-02,884.7116904813066,2012-10-26,1,Core gradient boosting
12,94,2012-11-02,364.39123379173805,2012-10-26,1,Core gradient boosting
12,95,2012-11-02,41089.2065036948,2012-10-26,1,Core gradient boosting
12,96,2012-11-02,399.06981698225417,2012-10-26,1,Core gradient boosting
12,97,2012-11-02,2549.8540740254502,2012-10-26,1,Core gradient boosting
12,98,2012-11-02,521.0804456278278,2012-10-26,1,Core gradient boosting
13,1,2012-11-02,70803.57591946058,2012-10-26,1,Core gradient boosting
13,2,2012-11-02,78638.47856257063,2012-10-26,1,Core gradient boosting
13,3,2012-11-02,17226.071602405034,2012-10-26,1,Core gradient boosting
13,4,2012-11-02,46498.74520719112,2012-10-26,1,Core gradient boosting
13,5,2012-11-02,53464.83392775322,2012-10-26,1,Core gradient boosting
13,6,2012-11-02,4663.257897805836,2012-10-26,1,Core gradient boosting
13,7,2012-11-02,49465.177470083465,2012-10-26,1,Core gradient boosting
13,8,2012-11-02,38841.33597893656,2012-10-26,1,Core gradient boosting
13,9,2012-11-02,28333.014541251978,2012-10-26,1,Core gradient boosting
13,10,2012-11-02,35859.437662619006,2012-10-26,1,Core gradient boosting
13,11,2012-11-02,22052.149740373807,2012-10-26,1,Core gradient boosting
13,12,2012-11-02,7787.732469577433,2012-10-26,1,Core gradient boosting
13,13,2012-11-02,51009.00136722753,2012-10-26,1,Core gradient boosting
13,14,2012-11-02,25428.82541913988,2012-10-26,1,Core gradient boosting
13,16,2012-11-02,7004.1508742149435,2012-10-26,1,Core gradient boosting
13,17,2012-11-02,17553.844839651523,2012-10-26,1,Core gradient boosting
13,18,2012-11-02,54564.126852951216,2012-10-26,1,Core gradient boosting
13,19,2012-11-02,3847.08432825294,2012-10-26,1,Core gradient boosting
13,20,2012-11-02,7195.686903755648,2012-10-26,1,Core gradient boosting
13,21,2012-11-02,8417.593704972243,2012-10-26,1,Core gradient boosting
13,22,2012-11-02,16116.986372824627,2012-10-26,1,Core gradient boosting
13,23,2012-11-02,36478.966124598854,2012-10-26,1,Core gradient boosting
13,24,2012-11-02,15003.07579230631,2012-10-26,1,Core gradient boosting
13,25,2012-11-02,23573.564258865546,2012-10-26,1,Core gradient boosting
13,26,2012-11-02,16884.04871344776,2012-10-26,1,Core gradient boosting
13,27,2012-11-02,3977.5332588066885,2012-10-26,1,Core gradient boosting
13,28,2012-11-02,2248.7951882306797,2012-10-26,1,Core gradient boosting
13,29,2012-11-02,7137.644865787014,2012-10-26,1,Core gradient boosting
13,30,2012-11-02,4508.94348546326,2012-10-26,1,Core gradient boosting
13,31,2012-11-02,6102.416091532284,2012-10-26,1,Core gradient boosting
13,32,2012-11-02,8874.027025699957,2012-10-26,1,Core gradient boosting
13,33,2012-11-02,15088.484888698255,2012-10-26,1,Core gradient boosting
13,34,2012-11-02,20119.927585279045,2012-10-26,1,Core gradient boosting
13,35,2012-11-02,2954.734256632349,2012-10-26,1,Core gradient boosting
13,36,2012-11-02,1563.1828949354856,2012-10-26,1,Core gradient boosting
13,37,2012-11-02,3577.1802154070047,2012-10-26,1,Core gradient boosting
13,38,2012-11-02,88310.82055951687,2012-10-26,1,Core gradient boosting
13,40,2012-11-02,80057.33940043159,2012-10-26,1,Core gradient boosting
13,41,2012-11-02,3427.892399276418,2012-10-26,1,Core gradient boosting
13,42,2012-11-02,7787.732469577433,2012-10-26,1,Core gradient boosting
13,44,2012-11-02,11913.821836031033,2012-10-26,1,Core gradient boosting
13,46,2012-11-02,39774.30497195379,2012-10-26,1,Core gradient boosting
13,48,2012-11-02,1369.5938376380718,2012-10-26,1,Core gradient boosting
13,49,2012-11-02,8397.061394802431,2012-10-26,1,Core gradient boosting
13,50,2012-11-02,1608.6627081379545,2012-10-26,1,Core gradient boosting
13,52,2012-11-02,4508.94348546326,2012-10-26,1,Core gradient boosting
13,54,2012-11-02,304.36598055918284,2012-10-26,1,Core gradient boosting
13,55,2012-11-02,17607.73529967601,2012-10-26,1,Core gradient boosting
13,56,2012-11-02,2355.811725251627,2012-10-26,1,Core gradient boosting
13,58,2012-11-02,10478.943659761366,2012-10-26,1,Core gradient boosting
13,59,2012-11-02,482.49718667922235,2012-10-26,1,Core gradient boosting
13,60,2012-11-02,1015.0855391682562,2012-10-26,1,Core gradient boosting
13,67,2012-11-02,14542.007814219549,2012-10-26,1,Core gradient boosting
13,71,2012-11-02,6844.575434993844,2012-10-26,1,Core gradient boosting
13,72,2012-11-02,81934.72488132532,2012-10-26,1,Core gradient boosting
13,74,2012-11-02,28863.541519384184,2012-10-26,1,Core gradient boosting
13,79,2012-11-02,54015.31013077163,2012-10-26,1,Core gradient boosting
13,80,2012-11-02,18748.166702679846,2012-10-26,1,Core gradient boosting
13,81,2012-11-02,33051.351875156244,2012-10-26,1,Core gradient boosting
13,82,2012-11-02,34223.80844725166,2012-10-26,1,Core gradient boosting
13,83,2012-11-02,4224.373787459948,2012-10-26,1,Core gradient boosting
13,85,2012-11-02,4525.611837973776,2012-10-26,1,Core gradient boosting
13,87,2012-11-02,19521.378942007115,2012-10-26,1,Core gradient boosting
13,90,2012-11-02,124566.096640349,2012-10-26,1,Core gradient boosting
13,91,2012-11-02,79886.49352375463,2012-10-26,1,Core gradient boosting
13,92,2012-11-02,176550.75346944868,2012-10-26,1,Core gradient boosting
13,93,2012-11-02,53251.616516055554,2012-10-26,1,Core gradient boosting
13,94,2012-11-02,73539.63618741687,2012-10-26,1,Core gradient boosting
13,95,2012-11-02,139510.80920522596,2012-10-26,1,Core gradient boosting
13,96,2012-11-02,9113.658895976014,2012-10-26,1,Core gradient boosting
13,97,2012-11-02,27672.95304556687,2012-10-26,1,Core gradient boosting
13,98,2012-11-02,16784.915864450686,2012-10-26,1,Core gradient boosting
14,1,2012-11-02,60972.72191703992,2012-10-26,1,Core gradient boosting
14,2,2012-11-02,67764.05291870135,2012-10-26,1,Core gradient boosting
14,3,2012-11-02,10086.3636423392,2012-10-26,1,Core gradient boosting
14,4,2012-11-02,46353.17420760386,2012-10-26,1,Core gradient boosting
14,5,2012-11-02,34207.94303142666,2012-10-26,1,Core gradient boosting
14,6,2012-11-02,4016.3454284804047,2012-10-26,1,Core gradient boosting
14,7,2012-11-02,59009.50265232856,2012-10-26,1,Core gradient boosting
14,8,2012-11-02,50236.58428167153,2012-10-26,1,Core gradient boosting
14,9,2012-11-02,19892.626895511632,2012-10-26,1,Core gradient boosting
14,10,2012-11-02,18705.610455482234,2012-10-26,1,Core gradient boosting
14,11,2012-11-02,15592.748198325085,2012-10-26,1,Core gradient boosting
14,12,2012-11-02,4557.392740256168,2012-10-26,1,Core gradient boosting
14,13,2012-11-02,54141.54792942332,2012-10-26,1,Core gradient boosting
14,14,2012-11-02,21371.30073793337,2012-10-26,1,Core gradient boosting
14,16,2012-11-02,4534.401580984011,2012-10-26,1,Core gradient boosting
14,17,2012-11-02,19698.789076231908,2012-10-26,1,Core gradient boosting
14,18,2012-11-02,29163.78334124624,2012-10-26,1,Core gradient boosting
14,19,2012-11-02,2059.2944505053333,2012-10-26,1,Core gradient boosting
14,20,2012-11-02,7774.125973764585,2012-10-26,1,Core gradient boosting
14,21,2012-11-02,6948.292368610134,2012-10-26,1,Core gradient boosting
14,22,2012-11-02,14735.541214679504,2012-10-26,1,Core gradient boosting
14,23,2012-11-02,34600.78516639484,2012-10-26,1,Core gradient boosting
14,24,2012-11-02,8993.506812245736,2012-10-26,1,Core gradient boosting
14,25,2012-11-02,13639.922459548266,2012-10-26,1,Core gradient boosting
14,26,2012-11-02,13665.111362931493,2012-10-26,1,Core gradient boosting
14,27,2012-11-02,2735.264500730529,2012-10-26,1,Core gradient boosting
14,28,2012-11-02,1675.6067343814202,2012-10-26,1,Core gradient boosting
14,29,2012-11-02,9435.489201803499,2012-10-26,1,Core gradient boosting
14,30,2012-11-02,4879.52389778872,2012-10-26,1,Core gradient boosting
14,31,2012-11-02,3571.572337779193,2012-10-26,1,Core gradient boosting
14,32,2012-11-02,9170.04749167085,2012-10-26,1,Core gradient boosting
14,33,2012-11-02,9669.534283229636,2012-10-26,1,Core gradient boosting
14,34,2012-11-02,23868.066975633355,2012-10-26,1,Core gradient boosting
14,35,2012-11-02,3635.0909476116376,2012-10-26,1,Core gradient boosting
14,36,2012-11-02,1669.216604280749,2012-10-26,1,Core gradient boosting
14,38,2012-11-02,83207.48356227366,2012-10-26,1,Core gradient boosting
14,40,2012-11-02,67466.67653281856,2012-10-26,1,Core gradient boosting
14,41,2012-11-02,4220.2024061949805,2012-10-26,1,Core gradient boosting
14,42,2012-11-02,6927.7600584403235,2012-10-26,1,Core gradient boosting
14,44,2012-11-02,5337.131812895914,2012-10-26,1,Core gradient boosting
14,46,2012-11-02,26820.394897166654,2012-10-26,1,Core gradient boosting
14,49,2012-11-02,13506.188625210209,2012-10-26,1,Core gradient boosting
14,50,2012-11-02,1700.8370285094732,2012-10-26,1,Core gradient boosting
14,52,2012-11-02,2205.8108354762076,2012-10-26,1,Core gradient boosting
14,55,2012-11-02,17488.485050248644,2012-10-26,1,Core gradient boosting
14,56,2012-11-02,1236.9345659927694,2012-10-26,1,Core gradient boosting
14,58,2012-11-02,12339.609956738685,2012-10-26,1,Core gradient boosting
14,59,2012-11-02,378.60181267025814,2012-10-26,1,Core gradient boosting
14,60,2012-11-02,275.9208854164254,2012-10-26,1,Core gradient boosting
14,67,2012-11-02,11514.854078180853,2012-10-26,1,Core gradient boosting
14,71,2012-11-02,6539.293265100368,2012-10-26,1,Core gradient boosting
14,72,2012-11-02,118609.06336371848,2012-10-26,1,Core gradient boosting
14,74,2012-11-02,19316.87343046811,2012-10-26,1,Core gradient boosting
14,79,2012-11-02,32612.001868334664,2012-10-26,1,Core gradient boosting
14,80,2012-11-02,33043.295206956966,2012-10-26,1,Core gradient boosting
14,81,2012-11-02,35275.878823987456,2012-10-26,1,Core gradient boosting
14,82,2012-11-02,30156.64152191255,2012-10-26,1,Core gradient boosting
14,83,2012-11-02,7925.505841538106,2012-10-26,1,Core gradient boosting
14,85,2012-11-02,1937.0321336143973,2012-10-26,1,Core gradient boosting
14,87,2012-11-02,18398.06401200101,2012-10-26,1,Core gradient boosting
14,90,2012-11-02,100945.85323402865,2012-10-26,1,Core gradient boosting
14,91,2012-11-02,79811.88662141359,2012-10-26,1,Core gradient boosting
14,92,2012-11-02,178935.63215967064,2012-10-26,1,Core gradient boosting
14,93,2012-11-02,54110.71046875917,2012-10-26,1,Core gradient boosting
14,94,2012-11-02,52329.37024369895,2012-10-26,1,Core gradient boosting
14,95,2012-11-02,122704.85048228201,2012-10-26,1,Core gradient boosting
14,97,2012-11-02,23135.643631901865,2012-10-26,1,Core gradient boosting
14,98,2012-11-02,15909.415207921485,2012-10-26,1,Core gradient boosting
15,1,2012-11-02,24922.223688782684,2012-10-26,1,Core gradient boosting
15,2,2012-11-02,24295.315451420473,2012-10-26,1,Core gradient boosting
15,3,2012-11-02,7168.641754967701,2012-10-26,1,Core gradient boosting
15,4,2012-11-02,13110.787719118334,2012-10-26,1,Core gradient boosting
15,5,2012-11-02,16802.771441768204,2012-10-26,1,Core gradient boosting
15,6,2012-11-02,1878.5867493929936,2012-10-26,1,Core gradient boosting
15,7,2012-11-02,20803.310073787605,2012-10-26,1,Core gradient boosting
15,8,2012-11-02,20725.646866791467,2012-10-26,1,Core gradient boosting
15,9,2012-11-02,14192.195610580684,2012-10-26,1,Core gradient boosting
15,10,2012-11-02,10724.648889681743,2012-10-26,1,Core gradient boosting
15,11,2012-11-02,11352.487878612994,2012-10-26,1,Core gradient boosting
15,12,2012-11-02,3572.8262005862875,2012-10-26,1,Core gradient boosting
15,13,2012-11-02,18014.029957974075,2012-10-26,1,Core gradient boosting
15,14,2012-11-02,9732.024234454097,2012-10-26,1,Core gradient boosting
15,16,2012-11-02,4143.948004263518,2012-10-26,1,Core gradient boosting
15,17,2012-11-02,10273.015350189307,2012-10-26,1,Core gradient boosting
15,18,2012-11-02,5824.545268098757,2012-10-26,1,Core gradient boosting
15,19,2012-11-02,1023.0568775677336,2012-10-26,1,Core gradient boosting
15,20,2012-11-02,3729.480478017014,2012-10-26,1,Core gradient boosting
15,21,2012-11-02,2780.987006854618,2012-10-26,1,Core gradient boosting
15,22,2012-11-02,6723.6543731831725,2012-10-26,1,Core gradient boosting
15,23,2012-11-02,20610.46670427814,2012-10-26,1,Core gradient boosting
15,24,2012-11-02,5620.079953383225,2012-10-26,1,Core gradient boosting
15,25,2012-11-02,7770.497639858627,2012-10-26,1,Core gradient boosting
15,26,2012-11-02,4977.645779180766,2012-10-26,1,Core gradient boosting
15,27,2012-11-02,1688.9108606126206,2012-10-26,1,Core gradient boosting
15,28,2012-11-02,830.6867074523673,2012-10-26,1,Core gradient boosting
15,29,2012-11-02,3786.7676568814923,2012-10-26,1,Core gradient boosting
15,30,2012-11-02,2302.825327323667,2012-10-26,1,Core gradient boosting
15,31,2012-11-02,2618.4788071114244,2012-10-26,1,Core gradient boosting
15,32,2012-11-02,4184.028093567109,2012-10-26,1,Core gradient boosting
15,33,2012-11-02,5316.297581810485,2012-10-26,1,Core gradient boosting
15,34,2012-11-02,12039.505221959946,2012-10-26,1,Core gradient boosting
15,35,2012-11-02,2229.941060671125,2012-10-26,1,Core gradient boosting
15,36,2012-11-02,1090.1864284610976,2012-10-26,1,Core gradient boosting
15,38,2012-11-02,48393.1102662777,2012-10-26,1,Core gradient boosting
15,40,2012-11-02,29361.922478102297,2012-10-26,1,Core gradient boosting
15,41,2012-11-02,1884.9768794936647,2012-10-26,1,Core gradient boosting
15,42,2012-11-02,3859.68258902212,2012-10-26,1,Core gradient boosting
15,44,2012-11-02,3678.3393396749348,2012-10-26,1,Core gradient boosting
15,46,2012-11-02,11200.984348070626,2012-10-26,1,Core gradient boosting
15,49,2012-11-02,9847.229263100131,2012-10-26,1,Core gradient boosting
15,50,2012-11-02,2147.3654512548037,2012-10-26,1,Core gradient boosting
15,52,2012-11-02,1564.2520037347942,2012-10-26,1,Core gradient boosting
15,55,2012-11-02,5084.715344133689,2012-10-26,1,Core gradient boosting
15,56,2012-11-02,1584.655289586233,2012-10-26,1,Core gradient boosting
15,58,2012-11-02,810.4116028641413,2012-10-26,1,Core gradient boosting
15,59,2012-11-02,207.10696528247382,2012-10-26,1,Core gradient boosting
15,60,2012-11-02,186.57465511266298,2012-10-26,1,Core gradient boosting
15,67,2012-11-02,5179.576726124725,2012-10-26,1,Core gradient boosting
15,71,2012-11-02,3859.68258902212,2012-10-26,1,Core gradient boosting
15,72,2012-11-02,38256.44294591637,2012-10-26,1,Core gradient boosting
15,74,2012-11-02,11100.17957329766,2012-10-26,1,Core gradient boosting
15,79,2012-11-02,7948.570250821107,2012-10-26,1,Core gradient boosting
15,80,2012-11-02,195.7867045319767,2012-10-26,1,Core gradient boosting
15,81,2012-11-02,4395.5759354405145,2012-10-26,1,Core gradient boosting
15,82,2012-11-02,10666.00730961784,2012-10-26,1,Core gradient boosting
15,83,2012-11-02,217.47550119502154,2012-10-26,1,Core gradient boosting
15,85,2012-11-02,2560.9469297188625,2012-10-26,1,Core gradient boosting
15,87,2012-11-02,9531.73799896086,2012-10-26,1,Core gradient boosting
15,90,2012-11-02,5986.576442543191,2012-10-26,1,Core gradient boosting
15,91,2012-11-02,3406.92235490809,2012-10-26,1,Core gradient boosting
15,92,2012-11-02,20794.332790475248,2012-10-26,1,Core gradient boosting
15,93,2012-11-02,524.4306397319248,2012-10-26,1,Core gradient boosting
15,94,2012-11-02,205.423526654189,2012-10-26,1,Core gradient boosting
15,95,2012-11-02,24813.9722583799,2012-10-26,1,Core gradient boosting
15,96,2012-11-02,3501.76520247521,2012-10-26,1,Core gradient boosting
15,97,2012-11-02,1551.443878061998,2012-10-26,1,Core gradient boosting
15,98,2012-11-02,332.5247075113886,2012-10-26,1,Core gradient boosting
16,1,2012-11-02,14515.485477740827,2012-10-26,1,Core gradient boosting
16,2,2012-11-02,20718.314973812365,2012-10-26,1,Core gradient boosting
16,3,2012-11-02,6477.718488493485,2012-10-26,1,Core gradient boosting
16,4,2012-11-02,13405.901311999347,2012-10-26,1,Core gradient boosting
16,5,2012-11-02,10425.676215073781,2012-10-26,1,Core gradient boosting
16,6,2012-11-02,3273.349842508832,2012-10-26,1,Core gradient boosting
16,7,2012-11-02,7918.607505075114,2012-10-26,1,Core gradient boosting
16,8,2012-11-02,14956.8924283962,2012-10-26,1,Core gradient boosting
16,9,2012-11-02,23129.507898827374,2012-10-26,1,Core gradient boosting
16,10,2012-11-02,16536.028794920552,2012-10-26,1,Core gradient boosting
16,11,2012-11-02,14978.122196498556,2012-10-26,1,Core gradient boosting
16,12,2012-11-02,4146.286065651139,2012-10-26,1,Core gradient boosting
16,13,2012-11-02,14459.260650408552,2012-10-26,1,Core gradient boosting
16,14,2012-11-02,8533.466126179685,2012-10-26,1,Core gradient boosting
16,16,2012-11-02,3729.705063561451,2012-10-26,1,Core gradient boosting
16,17,2012-11-02,8393.224005221402,2012-10-26,1,Core gradient boosting
16,18,2012-11-02,7435.610857014471,2012-10-26,1,Core gradient boosting
16,19,2012-11-02,1783.8811281079684,2012-10-26,1,Core gradient boosting
16,20,2012-11-02,3277.862775199668,2012-10-26,1,Core gradient boosting
16,21,2012-11-02,2635.3612540319486,2012-10-26,1,Core gradient boosting
16,22,2012-11-02,6842.084230133789,2012-10-26,1,Core gradient boosting
16,23,2012-11-02,13452.688251253747,2012-10-26,1,Core gradient boosting
16,24,2012-11-02,2579.9005706162766,2012-10-26,1,Core gradient boosting
16,25,2012-11-02,6073.540560422741,2012-10-26,1,Core gradient boosting
16,26,2012-11-02,2008.3346297168468,2012-10-26,1,Core gradient boosting
16,27,2012-11-02,841.4598628662559,2012-10-26,1,Core gradient boosting
16,28,2012-11-02,353.48279469920703,2012-10-26,1,Core gradient boosting
16,29,2012-11-02,1619.178664731067,2012-10-26,1,Core gradient boosting
16,30,2012-11-02,987.3108166570715,2012-10-26,1,Core gradient boosting
16,31,2012-11-02,1131.4035272929254,2012-10-26,1,Core gradient boosting
16,32,2012-11-02,3614.930767324057,2012-10-26,1,Core gradient boosting
16,33,2012-11-02,2441.0412817969377,2012-10-26,1,Core gradient boosting
16,34,2012-11-02,5204.405227303351,2012-10-26,1,Core gradient boosting
16,35,2012-11-02,171.10369879022653,2012-10-26,1,Core gradient boosting
16,36,2012-11-02,1054.1051375698482,2012-10-26,1,Core gradient boosting
16,38,2012-11-02,38726.81376920504,2012-10-26,1,Core gradient boosting
16,40,2012-11-02,26709.50908573088,2012-10-26,1,Core gradient boosting
16,41,2012-11-02,728.6490940447819,2012-10-26,1,Core gradient boosting
16,42,2012-11-02,4261.202785206318,2012-10-26,1,Core gradient boosting
16,44,2012-11-02,5099.410519158952,2012-10-26,1,Core gradient boosting
16,45,2012-11-02,232.86761101028847,2012-10-26,1,Core gradient boosting
16,46,2012-11-02,10611.453856324757,2012-10-26,1,Core gradient boosting
16,48,2012-11-02,637.7292586513364,2012-10-26,1,Core gradient boosting
16,49,2012-11-02,171.10369879022653,2012-10-26,1,Core gradient boosting
16,52,2012-11-02,1679.8300343908552,2012-10-26,1,Core gradient boosting
16,55,2012-11-02,4980.509935465948,2012-10-26,1,Core gradient boosting
16,56,2012-11-02,1102.5617432365052,2012-10-26,1,Core gradient boosting
16,58,2012-11-02,1579.1756695242098,2012-10-26,1,Core gradient boosting
16,59,2012-11-02,253.39992118009934,2012-10-26,1,Core gradient boosting
16,60,2012-11-02,171.10369879022653,2012-10-26,1,Core gradient boosting
16,67,2012-11-02,3142.899685793639,2012-10-26,1,Core gradient boosting
16,71,2012-11-02,2098.597917558425,2012-10-26,1,Core gradient boosting
16,72,2012-11-02,30008.68085093906,2012-10-26,1,Core gradient boosting
16,74,2012-11-02,9927.729982930814,2012-10-26,1,Core gradient boosting
16,79,2012-11-02,4370.892929698764,2012-10-26,1,Core gradient boosting
16,80,2012-11-02,597.1184376391549,2012-10-26,1,Core gradient boosting
16,81,2012-11-02,3676.257438175611,2012-10-26,1,Core gradient boosting
16,82,2012-11-02,8842.384409720982,2012-10-26,1,Core gradient boosting
16,83,2012-11-02,190.39586010338334,2012-10-26,1,Core gradient boosting
16,85,2012-11-02,1696.817025344477,2012-10-26,1,Core gradient boosting
16,87,2012-11-02,11593.233546953295,2012-10-26,1,Core gradient boosting
16,90,2012-11-02,9350.092452352847,2012-10-26,1,Core gradient boosting
16,91,2012-11-02,6049.708375190896,2012-10-26,1,Core gradient boosting
16,92,2012-11-02,24194.542187340616,2012-10-26,1,Core gradient boosting
16,93,2012-11-02,977.7555868712273,2012-10-26,1,Core gradient boosting
16,94,2012-11-02,957.8822287190851,2012-10-26,1,Core gradient boosting
16,95,2012-11-02,26516.2016905503,2012-10-26,1,Core gradient boosting
16,96,2012-11-02,263.64557784585634,2012-10-26,1,Core gradient boosting
16,97,2012-11-02,2675.4014392327013,2012-10-26,1,Core gradient boosting
16,98,2012-11-02,191.63600896003737,2012-10-26,1,Core gradient boosting
17,1,2012-11-02,38020.60153823056,2012-10-26,1,Core gradient boosting
17,2,2012-11-02,47499.696589550884,2012-10-26,1,Core gradient boosting
17,3,2012-11-02,12965.450128240027,2012-10-26,1,Core gradient boosting
17,4,2012-11-02,25729.02268757645,2012-10-26,1,Core gradient boosting
17,5,2012-11-02,29192.7686873052,2012-10-26,1,Core gradient boosting
17,6,2012-11-02,3245.7797849605568,2012-10-26,1,Core gradient boosting
17,7,2012-11-02,14715.781335008438,2012-10-26,1,Core gradient boosting
17,8,2012-11-02,21318.701223203247,2012-10-26,1,Core gradient boosting
17,9,2012-11-02,20578.739515059802,2012-10-26,1,Core gradient boosting
17,10,2012-11-02,17512.11619919589,2012-10-26,1,Core gradient boosting
17,11,2012-11-02,15116.40272914832,2012-10-26,1,Core gradient boosting
17,12,2012-11-02,7323.093878862015,2012-10-26,1,Core gradient boosting
17,13,2012-11-02,23386.741181309695,2012-10-26,1,Core gradient boosting
17,14,2012-11-02,12143.5718038973,2012-10-26,1,Core gradient boosting
17,16,2012-11-02,2684.173139060689,2012-10-26,1,Core gradient boosting
17,17,2012-11-02,10739.555507454932,2012-10-26,1,Core gradient boosting
17,18,2012-11-02,21514.172366423183,2012-10-26,1,Core gradient boosting
17,19,2012-11-02,4491.005781297682,2012-10-26,1,Core gradient boosting
17,20,2012-11-02,4461.512804371433,2012-10-26,1,Core gradient boosting
17,21,2012-11-02,3973.1527630357964,2012-10-26,1,Core gradient boosting
17,22,2012-11-02,5903.855277335477,2012-10-26,1,Core gradient boosting
17,23,2012-11-02,18039.714463246248,2012-10-26,1,Core gradient boosting
17,24,2012-11-02,5849.311019184582,2012-10-26,1,Core gradient boosting
17,25,2012-11-02,9761.9456431191,2012-10-26,1,Core gradient boosting
17,26,2012-11-02,11466.957359553322,2012-10-26,1,Core gradient boosting
17,27,2012-11-02,2071.3604212320247,2012-10-26,1,Core gradient boosting
17,28,2012-11-02,1553.7556510339339,2012-10-26,1,Core gradient boosting
17,29,2012-11-02,2842.787144706053,2012-10-26,1,Core gradient boosting
17,30,2012-11-02,2666.1131318812695,2012-10-26,1,Core gradient boosting
17,31,2012-11-02,2869.8819944445277,2012-10-26,1,Core gradient boosting
17,32,2012-11-02,6213.764377070513,2012-10-26,1,Core gradient boosting
17,33,2012-11-02,6327.63864601245,2012-10-26,1,Core gradient boosting
17,34,2012-11-02,11359.631386688232,2012-10-26,1,Core gradient boosting
17,35,2012-11-02,1314.0494417692987,2012-10-26,1,Core gradient boosting
17,36,2012-11-02,1229.2069316366076,2012-10-26,1,Core gradient boosting
17,38,2012-11-02,78382.24153662389,2012-10-26,1,Core gradient boosting
17,40,2012-11-02,50690.504131568974,2012-10-26,1,Core gradient boosting
17,41,2012-11-02,222.3878868093581,2012-10-26,1,Core gradient boosting
17,42,2012-11-02,4142.395693710122,2012-10-26,1,Core gradient boosting
17,44,2012-11-02,9796.269032462866,2012-10-26,1,Core gradient boosting
17,45,2012-11-02,222.3878868093581,2012-10-26,1,Core gradient boosting
17,46,2012-11-02,28654.402237088478,2012-10-26,1,Core gradient boosting
17,48,2012-11-02,3189.230026073511,2012-10-26,1,Core gradient boosting
17,49,2012-11-02,222.3878868093581,2012-10-26,1,Core gradient boosting
17,52,2012-11-02,3667.633355047079,2012-10-26,1,Core gradient boosting
17,54,2012-11-02,284.1517990294201,2012-10-26,1,Core gradient boosting
17,55,2012-11-02,11668.13402464317,2012-10-26,1,Core gradient boosting
17,56,2012-11-02,431.6912006846149,2012-10-26,1,Core gradient boosting
17,58,2012-11-02,1182.6877153120565,2012-10-26,1,Core gradient boosting
17,59,2012-11-02,488.9807925974743,2012-10-26,1,Core gradient boosting
17,60,2012-11-02,368.5303892170145,2012-10-26,1,Core gradient boosting
17,67,2012-11-02,8209.542185531793,2012-10-26,1,Core gradient boosting
17,71,2012-11-02,4320.942468879435,2012-10-26,1,Core gradient boosting
17,72,2012-11-02,44338.29026953525,2012-10-26,1,Core gradient boosting
17,74,2012-11-02,11925.444008017104,2012-10-26,1,Core gradient boosting
17,79,2012-11-02,27442.387443109346,2012-10-26,1,Core gradient boosting
17,80,2012-11-02,1088.6924932525549,2012-10-26,1,Core gradient boosting
17,81,2012-11-02,15995.477117222983,2012-10-26,1,Core gradient boosting
17,82,2012-11-02,19077.989271525923,2012-10-26,1,Core gradient boosting
17,83,2012-11-02,565.2698615864912,2012-10-26,1,Core gradient boosting
17,85,2012-11-02,3679.2927141383498,2012-10-26,1,Core gradient boosting
17,87,2012-11-02,15969.600604119467,2012-10-26,1,Core gradient boosting
17,90,2012-11-02,42581.43248217474,2012-10-26,1,Core gradient boosting
17,91,2012-11-02,14798.673701146994,2012-10-26,1,Core gradient boosting
17,92,2012-11-02,76752.13091545756,2012-10-26,1,Core gradient boosting
17,93,2012-11-02,4973.409621423005,2012-10-26,1,Core gradient boosting
17,94,2012-11-02,2568.6389733610727,2012-10-26,1,Core gradient boosting
17,95,2012-11-02,54146.11933557054,2012-10-26,1,Core gradient boosting
17,96,2012-11-02,956.6152122368087,2012-10-26,1,Core gradient boosting
17,97,2012-11-02,8627.774093759912,2012-10-26,1,Core gradient boosting
17,98,2012-11-02,585.8021717563021,2012-10-26,1,Core gradient boosting
18,1,2012-11-02,32089.07175749856,2012-10-26,1,Core gradient boosting
18,2,2012-11-02,59881.01425506646,2012-10-26,1,Core gradient boosting
18,3,2012-11-02,9479.633060023029,2012-10-26,1,Core gradient boosting
18,4,2012-11-02,28417.99033227517,2012-10-26,1,Core gradient boosting
18,5,2012-11-02,23453.04904772086,2012-10-26,1,Core gradient boosting
18,6,2012-11-02,3359.528520745699,2012-10-26,1,Core gradient boosting
18,7,2012-11-02,31598.41590217703,2012-10-26,1,Core gradient boosting
18,8,2012-11-02,32274.880596602932,2012-10-26,1,Core gradient boosting
18,9,2012-11-02,23765.46241077253,2012-10-26,1,Core gradient boosting
18,10,2012-11-02,18626.144826397056,2012-10-26,1,Core gradient boosting
18,11,2012-11-02,22126.335148702416,2012-10-26,1,Core gradient boosting
18,12,2012-11-02,3711.93146909806,2012-10-26,1,Core gradient boosting
18,13,2012-11-02,42430.46939982187,2012-10-26,1,Core gradient boosting
18,14,2012-11-02,19021.44997990456,2012-10-26,1,Core gradient boosting
18,16,2012-11-02,7429.480074729611,2012-10-26,1,Core gradient boosting
18,17,2012-11-02,19120.55659078294,2012-10-26,1,Core gradient boosting
18,18,2012-11-02,18784.207018499346,2012-10-26,1,Core gradient boosting
18,19,2012-11-02,2438.373087012975,2012-10-26,1,Core gradient boosting
18,20,2012-11-02,6764.554512967513,2012-10-26,1,Core gradient boosting
18,21,2012-11-02,4108.174752914146,2012-10-26,1,Core gradient boosting
18,22,2012-11-02,15476.458387226128,2012-10-26,1,Core gradient boosting
18,23,2012-11-02,38915.49011310978,2012-10-26,1,Core gradient boosting
18,24,2012-11-02,8226.39932246021,2012-10-26,1,Core gradient boosting
18,25,2012-11-02,19545.81159255826,2012-10-26,1,Core gradient boosting
18,26,2012-11-02,10827.660677331683,2012-10-26,1,Core gradient boosting
18,27,2012-11-02,3081.285061267583,2012-10-26,1,Core gradient boosting
18,28,2012-11-02,1740.888016776174,2012-10-26,1,Core gradient boosting
18,29,2012-11-02,10503.698905628882,2012-10-26,1,Core gradient boosting
18,30,2012-11-02,5449.7701436414945,2012-10-26,1,Core gradient boosting
18,31,2012-11-02,2438.373087012975,2012-10-26,1,Core gradient boosting
18,32,2012-11-02,7110.665613625497,2012-10-26,1,Core gradient boosting
18,33,2012-11-02,7623.666921688325,2012-10-26,1,Core gradient boosting
18,34,2012-11-02,19240.511213559013,2012-10-26,1,Core gradient boosting
18,35,2012-11-02,3934.5327218813145,2012-10-26,1,Core gradient boosting
18,36,2012-11-02,2055.222762434374,2012-10-26,1,Core gradient boosting
18,38,2012-11-02,57556.58480204649,2012-10-26,1,Core gradient boosting
18,40,2012-11-02,56896.12801095589,2012-10-26,1,Core gradient boosting
18,41,2012-11-02,463.16529760782157,2012-10-26,1,Core gradient boosting
18,42,2012-11-02,7847.4407385316445,2012-10-26,1,Core gradient boosting
18,44,2012-11-02,5766.267887823348,2012-10-26,1,Core gradient boosting
18,46,2012-11-02,21344.643419895307,2012-10-26,1,Core gradient boosting
18,49,2012-11-02,8722.374660715606,2012-10-26,1,Core gradient boosting
18,50,2012-11-02,1042.7324504667777,2012-10-26,1,Core gradient boosting
18,52,2012-11-02,2237.795540497019,2012-10-26,1,Core gradient boosting
18,55,2012-11-02,9021.547914060133,2012-10-26,1,Core gradient boosting
18,56,2012-11-02,1408.8199034204044,2012-10-26,1,Core gradient boosting
18,58,2012-11-02,3050.381733881129,2012-10-26,1,Core gradient boosting
18,59,2012-11-02,283.67029041861696,2012-10-26,1,Core gradient boosting
18,60,2012-11-02,225.54238932486405,2012-10-26,1,Core gradient boosting
18,67,2012-11-02,6499.304866321365,2012-10-26,1,Core gradient boosting
18,71,2012-11-02,5884.7477525709155,2012-10-26,1,Core gradient boosting
18,72,2012-11-02,55816.16469130665,2012-10-26,1,Core gradient boosting
18,74,2012-11-02,19551.654380425698,2012-10-26,1,Core gradient boosting
18,79,2012-11-02,22249.18041819172,2012-10-26,1,Core gradient boosting
18,80,2012-11-02,682.8007061748647,2012-10-26,1,Core gradient boosting
18,81,2012-11-02,13953.758887816297,2012-10-26,1,Core gradient boosting
18,82,2012-11-02,34647.02658574758,2012-10-26,1,Core gradient boosting
18,83,2012-11-02,2080.8351003546836,2012-10-26,1,Core gradient boosting
18,85,2012-11-02,2067.0438555075243,2012-10-26,1,Core gradient boosting
18,87,2012-11-02,20346.889093111815,2012-10-26,1,Core gradient boosting
18,90,2012-11-02,28604.78371313517,2012-10-26,1,Core gradient boosting
18,91,2012-11-02,25409.361991188453,2012-10-26,1,Core gradient boosting
18,92,2012-11-02,78606.82870820069,2012-10-26,1,Core gradient boosting
18,93,2012-11-02,3913.7756339559664,2012-10-26,1,Core gradient boosting
18,94,2012-11-02,8486.639883038186,2012-10-26,1,Core gradient boosting
18,95,2012-11-02,62582.68409117681,2012-10-26,1,Core gradient boosting
18,96,2012-11-02,336.34023226719125,2012-10-26,1,Core gradient boosting
18,97,2012-11-02,8364.33234407359,2012-10-26,1,Core gradient boosting
18,98,2012-11-02,2258.3278506668294,2012-10-26,1,Core gradient boosting
19,1,2012-11-02,41916.34163523255,2012-10-26,1,Core gradient boosting
19,2,2012-11-02,48939.70569417904,2012-10-26,1,Core gradient boosting
19,3,2012-11-02,11815.797850881247,2012-10-26,1,Core gradient boosting
19,4,2012-11-02,30397.051961076424,2012-10-26,1,Core gradient boosting
19,5,2012-11-02,28169.384181955527,2012-10-26,1,Core gradient boosting
19,6,2012-11-02,3858.904515266029,2012-10-26,1,Core gradient boosting
19,7,2012-11-02,29544.393416096456,2012-10-26,1,Core gradient boosting
19,8,2012-11-02,43623.26595195393,2012-10-26,1,Core gradient boosting
19,9,2012-11-02,33310.48122100198,2012-10-26,1,Core gradient boosting
19,10,2012-11-02,30003.0332587843,2012-10-26,1,Core gradient boosting
19,11,2012-11-02,16482.94660235503,2012-10-26,1,Core gradient boosting
19,12,2012-11-02,6319.559949109965,2012-10-26,1,Core gradient boosting
19,13,2012-11-02,33368.235318749,2012-10-26,1,Core gradient boosting
19,14,2012-11-02,16606.035526176725,2012-10-26,1,Core gradient boosting
19,16,2012-11-02,6573.14710727016,2012-10-26,1,Core gradient boosting
19,17,2012-11-02,15815.223642817864,2012-10-26,1,Core gradient boosting
19,18,2012-11-02,25123.924185922955,2012-10-26,1,Core gradient boosting
19,20,2012-11-02,5322.196387340538,2012-10-26,1,Core gradient boosting
19,21,2012-11-02,6277.251582072891,2012-10-26,1,Core gradient boosting
19,22,2012-11-02,10305.279250807693,2012-10-26,1,Core gradient boosting
19,23,2012-11-02,29954.07440059476,2012-10-26,1,Core gradient boosting
19,24,2012-11-02,6174.688061893817,2012-10-26,1,Core gradient boosting
19,25,2012-11-02,11755.915293396956,2012-10-26,1,Core gradient boosting
19,26,2012-11-02,7597.982009774926,2012-10-26,1,Core gradient boosting
19,27,2012-11-02,2909.289099487427,2012-10-26,1,Core gradient boosting
19,28,2012-11-02,1451.290375019017,2012-10-26,1,Core gradient boosting
19,29,2012-11-02,5779.581213542946,2012-10-26,1,Core gradient boosting
19,30,2012-11-02,3969.225243023893,2012-10-26,1,Core gradient boosting
19,31,2012-11-02,3552.9157775332133,2012-10-26,1,Core gradient boosting
19,32,2012-11-02,6101.244812488134,2012-10-26,1,Core gradient boosting
19,33,2012-11-02,6471.541507827308,2012-10-26,1,Core gradient boosting
19,34,2012-11-02,15388.079752810947,2012-10-26,1,Core gradient boosting
19,35,2012-11-02,2889.3609530404324,2012-10-26,1,Core gradient boosting
19,36,2012-11-02,1530.6737337172276,2012-10-26,1,Core gradient boosting
19,37,2012-11-02,3069.412914164131,2012-10-26,1,Core gradient boosting
19,38,2012-11-02,74752.34294329438,2012-10-26,1,Core gradient boosting
19,39,2012-11-02,306.7040578551262,2012-10-26,1,Core gradient boosting
19,40,2012-11-02,53561.44894348212,2012-10-26,1,Core gradient boosting
19,41,2012-11-02,3557.347174901339,2012-10-26,1,Core gradient boosting
19,42,2012-11-02,6915.920676978628,2012-10-26,1,Core gradient boosting
19,44,2012-11-02,6970.179061121797,2012-10-26,1,Core gradient boosting
19,46,2012-11-02,19138.700661890165,2012-10-26,1,Core gradient boosting
19,47,2012-11-02,256.9443840504527,2012-10-26,1,Core gradient boosting
19,49,2012-11-02,4981.51482034473,2012-10-26,1,Core gradient boosting
19,50,2012-11-02,1055.1997948341098,2012-10-26,1,Core gradient boosting
19,52,2012-11-02,1718.1867871969646,2012-10-26,1,Core gradient boosting
19,54,2012-11-02,306.7040578551262,2012-10-26,1,Core gradient boosting
19,55,2012-11-02,11906.635282316567,2012-10-26,1,Core gradient boosting
19,56,2012-11-02,2069.361793574564,2012-10-26,1,Core gradient boosting
19,58,2012-11-02,6711.04297384495,2012-10-26,1,Core gradient boosting
19,59,2012-11-02,372.5744503034568,2012-10-26,1,Core gradient boosting
19,60,2012-11-02,480.9163321146002,2012-10-26,1,Core gradient boosting
19,67,2012-11-02,11219.485897336928,2012-10-26,1,Core gradient boosting
19,71,2012-11-02,4564.579909188724,2012-10-26,1,Core gradient boosting
19,72,2012-11-02,74278.25756228808,2012-10-26,1,Core gradient boosting
19,74,2012-11-02,15205.444589095274,2012-10-26,1,Core gradient boosting
19,79,2012-11-02,18708.304949214726,2012-10-26,1,Core gradient boosting
19,80,2012-11-02,21064.35593763837,2012-10-26,1,Core gradient boosting
19,81,2012-11-02,20801.170780883396,2012-10-26,1,Core gradient boosting
19,82,2012-11-02,21402.53241394675,2012-10-26,1,Core gradient boosting
19,83,2012-11-02,3346.020155294145,2012-10-26,1,Core gradient boosting
19,85,2012-11-02,4460.238534381858,2012-10-26,1,Core gradient boosting
19,87,2012-11-02,20400.610528014047,2012-10-26,1,Core gradient boosting
19,90,2012-11-02,72564.60409661844,2012-10-26,1,Core gradient boosting
19,91,2012-11-02,51499.361753022844,2012-10-26,1,Core gradient boosting
19,92,2012-11-02,123703.25523012684,2012-10-26,1,Core gradient boosting
19,93,2012-11-02,36858.57325362931,2012-10-26,1,Core gradient boosting
19,94,2012-11-02,31368.89388088344,2012-10-26,1,Core gradient boosting
19,95,2012-11-02,91412.52854462541,2012-10-26,1,Core gradient boosting
19,96,2012-11-02,15098.445442212227,2012-10-26,1,Core gradient boosting
19,97,2012-11-02,18358.979347549284,2012-10-26,1,Core gradient boosting
19,98,2012-11-02,13322.22073692187,2012-10-26,1,Core gradient boosting
20,1,2012-11-02,51564.73960255141,2012-10-26,1,Core gradient boosting
20,2,2012-11-02,80233.60753015107,2012-10-26,1,Core gradient boosting
20,3,2012-11-02,11625.763947332638,2012-10-26,1,Core gradient boosting
20,4,2012-11-02,53529.64317152863,2012-10-26,1,Core gradient boosting
20,5,2012-11-02,45896.27556869933,2012-10-26,1,Core gradient boosting
20,6,2012-11-02,6721.149833413673,2012-10-26,1,Core gradient boosting
20,7,2012-11-02,74838.37884820117,2012-10-26,1,Core gradient boosting
20,8,2012-11-02,85056.10876099711,2012-10-26,1,Core gradient boosting
20,9,2012-11-02,40033.23287200261,2012-10-26,1,Core gradient boosting
20,10,2012-11-02,50580.7881272526,2012-10-26,1,Core gradient boosting
20,11,2012-11-02,22501.70893758236,2012-10-26,1,Core gradient boosting
20,12,2012-11-02,8249.309596616773,2012-10-26,1,Core gradient boosting
20,13,2012-11-02,58084.12475434367,2012-10-26,1,Core gradient boosting
20,14,2012-11-02,22557.865212648463,2012-10-26,1,Core gradient boosting
20,16,2012-11-02,6241.078553040317,2012-10-26,1,Core gradient boosting
20,17,2012-11-02,19849.49775293807,2012-10-26,1,Core gradient boosting
20,18,2012-11-02,23606.325080570725,2012-10-26,1,Core gradient boosting
20,19,2012-11-02,304.36598055918284,2012-10-26,1,Core gradient boosting
20,20,2012-11-02,5735.579759528871,2012-10-26,1,Core gradient boosting
20,21,2012-11-02,12412.700887305864,2012-10-26,1,Core gradient boosting
20,22,2012-11-02,12986.08022675942,2012-10-26,1,Core gradient boosting
20,23,2012-11-02,37038.55389431943,2012-10-26,1,Core gradient boosting
20,24,2012-11-02,9462.06004580381,2012-10-26,1,Core gradient boosting
20,25,2012-11-02,18157.762870797316,2012-10-26,1,Core gradient boosting
20,26,2012-11-02,14703.33744987335,2012-10-26,1,Core gradient boosting
20,27,2012-11-02,2713.162852385232,2012-10-26,1,Core gradient boosting
20,28,2012-11-02,1264.6658090618816,2012-10-26,1,Core gradient boosting
20,29,2012-11-02,7576.026923086842,2012-10-26,1,Core gradient boosting
20,30,2012-11-02,4939.092927918623,2012-10-26,1,Core gradient boosting
20,31,2012-11-02,3379.3695728890475,2012-10-26,1,Core gradient boosting
20,32,2012-11-02,11588.46755617444,2012-10-26,1,Core gradient boosting
20,33,2012-11-02,9832.2136835508,2012-10-26,1,Core gradient boosting
20,34,2012-11-02,20034.38437161697,2012-10-26,1,Core gradient boosting
20,35,2012-11-02,5395.621848627261,2012-10-26,1,Core gradient boosting
20,36,2012-11-02,1859.6115324843624,2012-10-26,1,Core gradient boosting
20,37,2012-11-02,4508.94348546326,2012-10-26,1,Core gradient boosting
20,38,2012-11-02,112759.2194369262,2012-10-26,1,Core gradient boosting
20,40,2012-11-02,88134.14674953386,2012-10-26,1,Core gradient boosting
20,41,2012-11-02,5812.67595812742,2012-10-26,1,Core gradient boosting
20,42,2012-11-02,9973.668359793706,2012-10-26,1,Core gradient boosting
20,44,2012-11-02,9878.578468316731,2012-10-26,1,Core gradient boosting
20,46,2012-11-02,31100.709340632926,2012-10-26,1,Core gradient boosting
20,48,2012-11-02,3534.642431646622,2012-10-26,1,Core gradient boosting
20,49,2012-11-02,19120.410699778073,2012-10-26,1,Core gradient boosting
20,50,2012-11-02,2347.7323861176437,2012-10-26,1,Core gradient boosting
20,52,2012-11-02,3231.0730958449244,2012-10-26,1,Core gradient boosting
20,54,2012-11-02,304.36598055918284,2012-10-26,1,Core gradient boosting
20,55,2012-11-02,21600.866673345237,2012-10-26,1,Core gradient boosting
20,56,2012-11-02,1859.4119866385265,2012-10-26,1,Core gradient boosting
20,58,2012-11-02,5133.356646753104,2012-10-26,1,Core gradient boosting
20,59,2012-11-02,842.081841148817,2012-10-26,1,Core gradient boosting
20,60,2012-11-02,647.2479553363156,2012-10-26,1,Core gradient boosting
20,67,2012-11-02,15325.278882712537,2012-10-26,1,Core gradient boosting
20,71,2012-11-02,6598.639206325486,2012-10-26,1,Core gradient boosting
20,72,2012-11-02,117909.54190853245,2012-10-26,1,Core gradient boosting
20,74,2012-11-02,18940.112223720145,2012-10-26,1,Core gradient boosting
20,79,2012-11-02,38815.30438211926,2012-10-26,1,Core gradient boosting
20,80,2012-11-02,40750.78571709009,2012-10-26,1,Core gradient boosting
20,81,2012-11-02,35142.40580551973,2012-10-26,1,Core gradient boosting
20,82,2012-11-02,34963.36923901864,2012-10-26,1,Core gradient boosting
20,83,2012-11-02,4526.7861084625665,2012-10-26,1,Core gradient boosting
20,85,2012-11-02,4525.611837973776,2012-10-26,1,Core gradient boosting
20,87,2012-11-02,54958.61277334231,2012-10-26,1,Core gradient boosting
20,90,2012-11-02,104056.97268987773,2012-10-26,1,Core gradient boosting
20,91,2012-11-02,77285.92024994342,2012-10-26,1,Core gradient boosting
20,92,2012-11-02,176550.03713241077,2012-10-26,1,Core gradient boosting
20,93,2012-11-02,54445.4529734884,2012-10-26,1,Core gradient boosting
20,94,2012-11-02,59846.13492020962,2012-10-26,1,Core gradient boosting
20,95,2012-11-02,149302.47423379825,2012-10-26,1,Core gradient boosting
20,97,2012-11-02,24286.18531431427,2012-10-26,1,Core gradient boosting
20,98,2012-11-02,20762.458183079445,2012-10-26,1,Core gradient boosting
21,1,2012-11-02,22989.56408809935,2012-10-26,1,Core gradient boosting
21,2,2012-11-02,45828.13059103851,2012-10-26,1,Core gradient boosting
21,3,2012-11-02,8966.924098692158,2012-10-26,1,Core gradient boosting
21,4,2012-11-02,17073.995527554078,2012-10-26,1,Core gradient boosting
21,5,2012-11-02,16722.15387676228,2012-10-26,1,Core gradient boosting
21,6,2012-11-02,1885.0850549938177,2012-10-26,1,Core gradient boosting
21,7,2012-11-02,20836.27688212594,2012-10-26,1,Core gradient boosting
21,8,2012-11-02,16449.220634226345,2012-10-26,1,Core gradient boosting
21,9,2012-11-02,14716.913181334829,2012-10-26,1,Core gradient boosting
21,10,2012-11-02,12890.017663109742,2012-10-26,1,Core gradient boosting
21,11,2012-11-02,10706.501097147815,2012-10-26,1,Core gradient boosting
21,12,2012-11-02,2636.7982057853987,2012-10-26,1,Core gradient boosting
21,13,2012-11-02,26425.487727100262,2012-10-26,1,Core gradient boosting
21,14,2012-11-02,12824.267333000003,2012-10-26,1,Core gradient boosting
21,16,2012-11-02,2397.7986019718937,2012-10-26,1,Core gradient boosting
21,17,2012-11-02,5800.218177942099,2012-10-26,1,Core gradient boosting
21,18,2012-11-02,12145.21930593431,2012-10-26,1,Core gradient boosting
21,19,2012-11-02,1735.0958736880582,2012-10-26,1,Core gradient boosting
21,20,2012-11-02,4397.650465617561,2012-10-26,1,Core gradient boosting
21,21,2012-11-02,2994.1283434566967,2012-10-26,1,Core gradient boosting
21,22,2012-11-02,7952.751736716075,2012-10-26,1,Core gradient boosting
21,23,2012-11-02,35383.85889437119,2012-10-26,1,Core gradient boosting
21,24,2012-11-02,9710.95468090134,2012-10-26,1,Core gradient boosting
21,25,2012-11-02,16204.559950658131,2012-10-26,1,Core gradient boosting
21,26,2012-11-02,11857.281926584017,2012-10-26,1,Core gradient boosting
21,27,2012-11-02,1864.1906994289302,2012-10-26,1,Core gradient boosting
21,28,2012-11-02,535.9549354906202,2012-10-26,1,Core gradient boosting
21,29,2012-11-02,4551.9648779601375,2012-10-26,1,Core gradient boosting
21,30,2012-11-02,4093.39680628544,2012-10-26,1,Core gradient boosting
21,31,2012-11-02,3553.293005177023,2012-10-26,1,Core gradient boosting
21,32,2012-11-02,5511.226439175807,2012-10-26,1,Core gradient boosting
21,33,2012-11-02,8681.470500801617,2012-10-26,1,Core gradient boosting
21,34,2012-11-02,17509.29336519133,2012-10-26,1,Core gradient boosting
21,35,2012-11-02,1924.7717624684312,2012-10-26,1,Core gradient boosting
21,36,2012-11-02,1199.892005540737,2012-10-26,1,Core gradient boosting
21,38,2012-11-02,34070.284759694136,2012-10-26,1,Core gradient boosting
21,40,2012-11-02,38861.34238009514,2012-10-26,1,Core gradient boosting
21,41,2012-11-02,3139.38278980783,2012-10-26,1,Core gradient boosting
21,42,2012-11-02,5664.845817086375,2012-10-26,1,Core gradient boosting
21,44,2012-11-02,4985.464728730942,2012-10-26,1,Core gradient boosting
21,46,2012-11-02,17020.441097199484,2012-10-26,1,Core gradient boosting
21,49,2012-11-02,11179.395249349405,2012-10-26,1,Core gradient boosting
21,52,2012-11-02,2555.3506162149865,2012-10-26,1,Core gradient boosting
21,55,2012-11-02,5909.470423662365,2012-10-26,1,Core gradient boosting
21,56,2012-11-02,894.8563514887481,2012-10-26,1,Core gradient boosting
21,58,2012-11-02,942.9885260834087,2012-10-26,1,Core gradient boosting
21,59,2012-11-02,270.49302312039686,2012-10-26,1,Core gradient boosting
21,60,2012-11-02,223.97380679584566,2012-10-26,1,Core gradient boosting
21,67,2012-11-02,4452.693366622322,2012-10-26,1,Core gradient boosting
21,71,2012-11-02,4126.852135476385,2012-10-26,1,Core gradient boosting
21,72,2012-11-02,35777.38959556696,2012-10-26,1,Core gradient boosting
21,74,2012-11-02,9057.992130203043,2012-10-26,1,Core gradient boosting
21,79,2012-11-02,18817.708319581838,2012-10-26,1,Core gradient boosting
21,80,2012-11-02,202.2850101328008,2012-10-26,1,Core gradient boosting
21,81,2012-11-02,6063.219839777794,2012-10-26,1,Core gradient boosting
21,82,2012-11-02,14409.030756049164,2012-10-26,1,Core gradient boosting
21,83,2012-11-02,193.07296071348708,2012-10-26,1,Core gradient boosting
21,85,2012-11-02,773.222158278805,2012-10-26,1,Core gradient boosting
21,87,2012-11-02,6315.479343453776,2012-10-26,1,Core gradient boosting
21,90,2012-11-02,11545.383519509203,2012-10-26,1,Core gradient boosting
21,91,2012-11-02,6299.293254940459,2012-10-26,1,Core gradient boosting
21,92,2012-11-02,27304.260794968268,2012-10-26,1,Core gradient boosting
21,93,2012-11-02,678.7277302779854,2012-10-26,1,Core gradient boosting
21,94,2012-11-02,409.4923354631076,2012-10-26,1,Core gradient boosting
21,95,2012-11-02,37190.99954124529,2012-10-26,1,Core gradient boosting
21,97,2012-11-02,3360.4045324934914,2012-10-26,1,Core gradient boosting
21,98,2012-11-02,213.60527088329792,2012-10-26,1,Core gradient boosting
22,1,2012-11-02,37255.26198661594,2012-10-26,1,Core gradient boosting
22,2,2012-11-02,54259.8760517376,2012-10-26,1,Core gradient boosting
22,3,2012-11-02,8219.23975228139,2012-10-26,1,Core gradient boosting
22,4,2012-11-02,36090.35891528567,2012-10-26,1,Core gradient boosting
22,5,2012-11-02,25063.165184800593,2012-10-26,1,Core gradient boosting
22,6,2012-11-02,2890.779689063979,2012-10-26,1,Core gradient boosting
22,7,2012-11-02,27158.817315655007,2012-10-26,1,Core gradient boosting
22,8,2012-11-02,41746.0261609973,2012-10-26,1,Core gradient boosting
22,9,2012-11-02,24694.744887479592,2012-10-26,1,Core gradient boosting
22,10,2012-11-02,21201.354406677376,2012-10-26,1,Core gradient boosting
22,11,2012-11-02,16649.137604321735,2012-10-26,1,Core gradient boosting
22,12,2012-11-02,3329.146963218799,2012-10-26,1,Core gradient boosting
22,13,2012-11-02,40271.14088759657,2012-10-26,1,Core gradient boosting
22,14,2012-11-02,16488.369423529555,2012-10-26,1,Core gradient boosting
22,16,2012-11-02,5633.899965290449,2012-10-26,1,Core gradient boosting
22,17,2012-11-02,14930.943083996217,2012-10-26,1,Core gradient boosting
22,18,2012-11-02,23054.02553969114,2012-10-26,1,Core gradient boosting
22,19,2012-11-02,1553.7556510339339,2012-10-26,1,Core gradient boosting
22,20,2012-11-02,5647.6541971112465,2012-10-26,1,Core gradient boosting
22,21,2012-11-02,5268.79391768653,2012-10-26,1,Core gradient boosting
22,22,2012-11-02,11400.811067838453,2012-10-26,1,Core gradient boosting
22,23,2012-11-02,34462.173321028815,2012-10-26,1,Core gradient boosting
22,24,2012-11-02,8773.382683651345,2012-10-26,1,Core gradient boosting
22,25,2012-11-02,12771.459213771834,2012-10-26,1,Core gradient boosting
22,26,2012-11-02,10278.903255955982,2012-10-26,1,Core gradient boosting
22,27,2012-11-02,2501.029962135176,2012-10-26,1,Core gradient boosting
22,28,2012-11-02,1182.6877153120565,2012-10-26,1,Core gradient boosting
22,29,2012-11-02,7894.019301619037,2012-10-26,1,Core gradient boosting
22,30,2012-11-02,3952.620452865986,2012-10-26,1,Core gradient boosting
22,31,2012-11-02,3329.146963218799,2012-10-26,1,Core gradient boosting
22,32,2012-11-02,4894.424374117303,2012-10-26,1,Core gradient boosting
22,33,2012-11-02,8237.166783226712,2012-10-26,1,Core gradient boosting
22,34,2012-11-02,21975.69225968124,2012-10-26,1,Core gradient boosting
22,35,2012-11-02,4837.172908734077,2012-10-26,1,Core gradient boosting
22,36,2012-11-02,2000.6059048888528,2012-10-26,1,Core gradient boosting
22,38,2012-11-02,70936.18753763274,2012-10-26,1,Core gradient boosting
22,40,2012-11-02,57763.37269761563,2012-10-26,1,Core gradient boosting
22,41,2012-11-02,846.2248345608364,2012-10-26,1,Core gradient boosting
22,42,2012-11-02,8581.34124242576,2012-10-26,1,Core gradient boosting
22,44,2012-11-02,7558.005362013435,2012-10-26,1,Core gradient boosting
22,46,2012-11-02,20901.7695650953,2012-10-26,1,Core gradient boosting
22,49,2012-11-02,284.1517990294201,2012-10-26,1,Core gradient boosting
22,52,2012-11-02,2454.5107458106254,2012-10-26,1,Core gradient boosting
22,54,2012-11-02,222.3878868093581,2012-10-26,1,Core gradient boosting
22,55,2012-11-02,9532.904054343593,2012-10-26,1,Core gradient boosting
22,56,2012-11-02,1777.4338928887014,2012-10-26,1,Core gradient boosting
22,58,2012-11-02,4011.0920752138522,2012-10-26,1,Core gradient boosting
22,59,2012-11-02,355.96966014554954,2012-10-26,1,Core gradient boosting
22,60,2012-11-02,500.54813545801693,2012-10-26,1,Core gradient boosting
22,67,2012-11-02,11946.579856210286,2012-10-26,1,Core gradient boosting
22,71,2012-11-02,3895.4958207188147,2012-10-26,1,Core gradient boosting
22,72,2012-11-02,66528.23684275494,2012-10-26,1,Core gradient boosting
22,74,2012-11-02,15735.8636205561,2012-10-26,1,Core gradient boosting
22,79,2012-11-02,17241.226180303594,2012-10-26,1,Core gradient boosting
22,80,2012-11-02,1743.2490256066453,2012-10-26,1,Core gradient boosting
22,81,2012-11-02,13537.935806034642,2012-10-26,1,Core gradient boosting
22,82,2012-11-02,25733.45016223695,2012-10-26,1,Core gradient boosting
22,83,2012-11-02,1502.8062133939711,2012-10-26,1,Core gradient boosting
22,85,2012-11-02,2712.63234820582,2012-10-26,1,Core gradient boosting
22,87,2012-11-02,15834.085799565557,2012-10-26,1,Core gradient boosting
22,90,2012-11-02,25886.999691293553,2012-10-26,1,Core gradient boosting
22,91,2012-11-02,22379.760100700445,2012-10-26,1,Core gradient boosting
22,92,2012-11-02,63624.559287114236,2012-10-26,1,Core gradient boosting
22,93,2012-11-02,3130.694073824637,2012-10-26,1,Core gradient boosting
22,94,2012-11-02,266.17370161322583,2012-10-26,1,Core gradient boosting
22,95,2012-11-02,59276.549710742984,2012-10-26,1,Core gradient boosting
22,96,2012-11-02,352.4778910648421,2012-10-26,1,Core gradient boosting
22,97,2012-11-02,5107.771835942015,2012-10-26,1,Core gradient boosting
22,98,2012-11-02,318.3704758453756,2012-10-26,1,Core gradient boosting
23,1,2012-11-02,51925.88469644675,2012-10-26,1,Core gradient boosting
23,2,2012-11-02,70317.91623603774,2012-10-26,1,Core gradient boosting
23,3,2012-11-02,13067.190154436503,2012-10-26,1,Core gradient boosting
23,4,2012-11-02,28456.746249686916,2012-10-26,1,Core gradient boosting
23,5,2012-11-02,38767.71917333281,2012-10-26,1,Core gradient boosting
23,6,2012-11-02,4737.454161166602,2012-10-26,1,Core gradient boosting
23,7,2012-11-02,37407.51406555851,2012-10-26,1,Core gradient boosting
23,8,2012-11-02,40846.822813067316,2012-10-26,1,Core gradient boosting
23,9,2012-11-02,45314.87915378299,2012-10-26,1,Core gradient boosting
23,10,2012-11-02,30300.00706218026,2012-10-26,1,Core gradient boosting
23,11,2012-11-02,27682.181807902223,2012-10-26,1,Core gradient boosting
23,12,2012-11-02,5369.960568961482,2012-10-26,1,Core gradient boosting
23,13,2012-11-02,39197.95310501706,2012-10-26,1,Core gradient boosting
23,14,2012-11-02,35526.77383701099,2012-10-26,1,Core gradient boosting
23,16,2012-11-02,6122.258613225114,2012-10-26,1,Core gradient boosting
23,17,2012-11-02,28079.76575870421,2012-10-26,1,Core gradient boosting
23,18,2012-11-02,24518.575165487095,2012-10-26,1,Core gradient boosting
23,19,2012-11-02,1370.366255853344,2012-10-26,1,Core gradient boosting
23,20,2012-11-02,9728.78943197044,2012-10-26,1,Core gradient boosting
23,21,2012-11-02,9292.45599579488,2012-10-26,1,Core gradient boosting
23,22,2012-11-02,21091.19656261159,2012-10-26,1,Core gradient boosting
23,23,2012-11-02,54280.6214364892,2012-10-26,1,Core gradient boosting
23,24,2012-11-02,11463.319907833233,2012-10-26,1,Core gradient boosting
23,25,2012-11-02,16310.405656965813,2012-10-26,1,Core gradient boosting
23,26,2012-11-02,14863.98390759204,2012-10-26,1,Core gradient boosting
23,27,2012-11-02,4637.596618140057,2012-10-26,1,Core gradient boosting
23,28,2012-11-02,1903.303223284295,2012-10-26,1,Core gradient boosting
23,29,2012-11-02,11960.602738927777,2012-10-26,1,Core gradient boosting
23,30,2012-11-02,6348.132768642595,2012-10-26,1,Core gradient boosting
23,31,2012-11-02,4883.580784438809,2012-10-26,1,Core gradient boosting
23,32,2012-11-02,9004.25270447515,2012-10-26,1,Core gradient boosting
23,33,2012-11-02,10916.101088000734,2012-10-26,1,Core gradient boosting
23,34,2012-11-02,25806.213533281294,2012-10-26,1,Core gradient boosting
23,35,2012-11-02,4913.431648252844,2012-10-26,1,Core gradient boosting
23,36,2012-11-02,2768.949162289865,2012-10-26,1,Core gradient boosting
23,38,2012-11-02,46626.300919684574,2012-10-26,1,Core gradient boosting
23,40,2012-11-02,64409.541814674325,2012-10-26,1,Core gradient boosting
23,41,2012-11-02,1820.727613867974,2012-10-26,1,Core gradient boosting
23,42,2012-11-02,12595.905437203048,2012-10-26,1,Core gradient boosting
23,44,2012-11-02,7982.752459012202,2012-10-26,1,Core gradient boosting
23,46,2012-11-02,33833.17304250859,2012-10-26,1,Core gradient boosting
23,49,2012-11-02,27745.367012058567,2012-10-26,1,Core gradient boosting
23,50,2012-11-02,7318.472062194565,2012-10-26,1,Core gradient boosting
23,52,2012-11-02,2640.982356394902,2012-10-26,1,Core gradient boosting
23,54,2012-11-02,278.70470089340336,2012-10-26,1,Core gradient boosting
23,55,2012-11-02,12987.797455872007,2012-10-26,1,Core gradient boosting
23,56,2012-11-02,2727.493706864517,2012-10-26,1,Core gradient boosting
23,58,2012-11-02,4927.7864888448275,2012-10-26,1,Core gradient boosting
23,59,2012-11-02,602.584523115829,2012-10-26,1,Core gradient boosting
23,60,2012-11-02,278.70470089340336,2012-10-26,1,Core gradient boosting
23,67,2012-11-02,13551.89622195613,2012-10-26,1,Core gradient boosting
23,71,2012-11-02,10070.924646344674,2012-10-26,1,Core gradient boosting
23,72,2012-11-02,68608.446947572,2012-10-26,1,Core gradient boosting
23,74,2012-11-02,36798.803852303514,2012-10-26,1,Core gradient boosting
23,79,2012-11-02,28739.19309869567,2012-10-26,1,Core gradient boosting
23,80,2012-11-02,1776.1887186363977,2012-10-26,1,Core gradient boosting
23,81,2012-11-02,9286.253623225577,2012-10-26,1,Core gradient boosting
23,82,2012-11-02,27150.919184814324,2012-10-26,1,Core gradient boosting
23,83,2012-11-02,1115.1869233484736,2012-10-26,1,Core gradient boosting
23,85,2012-11-02,4645.5303027600485,2012-10-26,1,Core gradient boosting
23,87,2012-11-02,37733.281250600936,2012-10-26,1,Core gradient boosting
23,90,2012-11-02,27588.747865196507,2012-10-26,1,Core gradient boosting
23,91,2012-11-02,25456.60354574671,2012-10-26,1,Core gradient boosting
23,92,2012-11-02,84137.66843968906,2012-10-26,1,Core gradient boosting
23,93,2012-11-02,2573.0893448622155,2012-10-26,1,Core gradient boosting
23,95,2012-11-02,54645.80089323837,2012-10-26,1,Core gradient boosting
23,96,2012-11-02,14776.970226663077,2012-10-26,1,Core gradient boosting
23,97,2012-11-02,7241.956481160856,2012-10-26,1,Core gradient boosting
23,98,2012-11-02,330.13785714557275,2012-10-26,1,Core gradient boosting
24,1,2012-11-02,28777.43592152951,2012-10-26,1,Core gradient boosting
24,2,2012-11-02,40111.62712954175,2012-10-26,1,Core gradient boosting
24,3,2012-11-02,8183.876049210109,2012-10-26,1,Core gradient boosting
24,4,2012-11-02,29127.83485828457,2012-10-26,1,Core gradient boosting
24,5,2012-11-02,26823.165904779573,2012-10-26,1,Core gradient boosting
24,6,2012-11-02,3392.5393716186954,2012-10-26,1,Core gradient boosting
24,7,2012-11-02,27061.38220107962,2012-10-26,1,Core gradient boosting
24,8,2012-11-02,54318.530286950285,2012-10-26,1,Core gradient boosting
24,9,2012-11-02,23089.911409549262,2012-10-26,1,Core gradient boosting
24,10,2012-11-02,34281.15943672198,2012-10-26,1,Core gradient boosting
24,11,2012-11-02,17445.38636954293,2012-10-26,1,Core gradient boosting
24,12,2012-11-02,4214.17504382818,2012-10-26,1,Core gradient boosting
24,13,2012-11-02,29698.893134366732,2012-10-26,1,Core gradient boosting
24,14,2012-11-02,14933.239021536643,2012-10-26,1,Core gradient boosting
24,16,2012-11-02,6874.1985919832505,2012-10-26,1,Core gradient boosting
24,17,2012-11-02,14234.30225637024,2012-10-26,1,Core gradient boosting
24,18,2012-11-02,18586.320214678923,2012-10-26,1,Core gradient boosting
24,19,2012-11-02,238.9926769672654,2012-10-26,1,Core gradient boosting
24,20,2012-11-02,4461.412804870648,2012-10-26,1,Core gradient boosting
24,21,2012-11-02,5464.295261390509,2012-10-26,1,Core gradient boosting
24,22,2012-11-02,9639.545030659812,2012-10-26,1,Core gradient boosting
24,23,2012-11-02,28611.772921370488,2012-10-26,1,Core gradient boosting
24,24,2012-11-02,6152.840013228361,2012-10-26,1,Core gradient boosting
24,25,2012-11-02,13668.36244274761,2012-10-26,1,Core gradient boosting
24,26,2012-11-02,8236.713332969628,2012-10-26,1,Core gradient boosting
24,27,2012-11-02,2328.8782988502776,2012-10-26,1,Core gradient boosting
24,28,2012-11-02,883.1047293069697,2012-10-26,1,Core gradient boosting
24,29,2012-11-02,5259.451599453843,2012-10-26,1,Core gradient boosting
24,30,2012-11-02,3631.236607427815,2012-10-26,1,Core gradient boosting
24,31,2012-11-02,2877.539859967282,2012-10-26,1,Core gradient boosting
24,32,2012-11-02,5664.678985590622,2012-10-26,1,Core gradient boosting
24,33,2012-11-02,6495.522441789469,2012-10-26,1,Core gradient boosting
24,34,2012-11-02,15140.063248721595,2012-10-26,1,Core gradient boosting
24,35,2012-11-02,2600.1423126228565,2012-10-26,1,Core gradient boosting
24,36,2012-11-02,996.2314519008901,2012-10-26,1,Core gradient boosting
24,37,2012-11-02,3393.7442977346323,2012-10-26,1,Core gradient boosting
24,38,2012-11-02,58228.37617466053,2012-10-26,1,Core gradient boosting
24,40,2012-11-02,46584.185694621774,2012-10-26,1,Core gradient boosting
24,41,2012-11-02,1519.4110035518786,2012-10-26,1,Core gradient boosting
24,42,2012-11-02,6603.309844829405,2012-10-26,1,Core gradient boosting
24,44,2012-11-02,5450.716600320754,2012-10-26,1,Core gradient boosting
24,46,2012-11-02,14317.732344644173,2012-10-26,1,Core gradient boosting
24,49,2012-11-02,4598.37017483991,2012-10-26,1,Core gradient boosting
24,50,2012-11-02,883.420683079416,2012-10-26,1,Core gradient boosting
24,52,2012-11-02,1199.292505469964,2012-10-26,1,Core gradient boosting
24,55,2012-11-02,12187.816380208476,2012-10-26,1,Core gradient boosting
24,56,2012-11-02,1275.8859802732197,2012-10-26,1,Core gradient boosting
24,58,2012-11-02,2682.7179220391768,2012-10-26,1,Core gradient boosting
24,59,2012-11-02,316.4127393741751,2012-10-26,1,Core gradient boosting
24,60,2012-11-02,238.9926769672654,2012-10-26,1,Core gradient boosting
24,67,2012-11-02,9925.232761771285,2012-10-26,1,Core gradient boosting
24,71,2012-11-02,4017.217787381819,2012-10-26,1,Core gradient boosting
24,72,2012-11-02,56016.5266905696,2012-10-26,1,Core gradient boosting
24,74,2012-11-02,14089.069775971802,2012-10-26,1,Core gradient boosting
24,79,2012-11-02,20731.65563942636,2012-10-26,1,Core gradient boosting
24,80,2012-11-02,28825.037478585054,2012-10-26,1,Core gradient boosting
24,81,2012-11-02,25220.15643648121,2012-10-26,1,Core gradient boosting
24,82,2012-11-02,22670.774758957145,2012-10-26,1,Core gradient boosting
24,83,2012-11-02,3991.578243897379,2012-10-26,1,Core gradient boosting
24,85,2012-11-02,1741.3288824672227,2012-10-26,1,Core gradient boosting
24,87,2012-11-02,28121.751406246134,2012-10-26,1,Core gradient boosting
24,90,2012-11-02,82771.59822110212,2012-10-26,1,Core gradient boosting
24,91,2012-11-02,52866.55523816468,2012-10-26,1,Core gradient boosting
24,92,2012-11-02,146254.10765826696,2012-10-26,1,Core gradient boosting
24,93,2012-11-02,41324.22414109065,2012-10-26,1,Core gradient boosting
24,94,2012-11-02,47352.44411255614,2012-10-26,1,Core gradient boosting
24,95,2012-11-02,90507.78118827101,2012-10-26,1,Core gradient boosting
24,96,2012-11-02,11920.007057361741,2012-10-26,1,Core gradient boosting
24,97,2012-11-02,18690.44515405323,2012-10-26,1,Core gradient boosting
24,98,2012-11-02,10633.272989007906,2012-10-26,1,Core gradient boosting
25,1,2012-11-02,35179.84934359782,2012-10-26,1,Core gradient boosting
25,2,2012-11-02,35329.2828295545,2012-10-26,1,Core gradient boosting
25,3,2012-11-02,7967.336497434586,2012-10-26,1,Core gradient boosting
25,4,2012-11-02,20450.74072945215,2012-10-26,1,Core gradient boosting
25,5,2012-11-02,12091.146589232734,2012-10-26,1,Core gradient boosting
25,6,2012-11-02,2413.1133790967315,2012-10-26,1,Core gradient boosting
25,7,2012-11-02,15316.388483304683,2012-10-26,1,Core gradient boosting
25,8,2012-11-02,31780.41956057249,2012-10-26,1,Core gradient boosting
25,9,2012-11-02,11376.890045870621,2012-10-26,1,Core gradient boosting
25,10,2012-11-02,24759.086277142615,2012-10-26,1,Core gradient boosting
25,11,2012-11-02,9461.50671894796,2012-10-26,1,Core gradient boosting
25,12,2012-11-02,3119.9006405829214,2012-10-26,1,Core gradient boosting
25,13,2012-11-02,25992.185006171523,2012-10-26,1,Core gradient boosting
25,14,2012-11-02,9173.492038230806,2012-10-26,1,Core gradient boosting
25,16,2012-11-02,5700.83715742452,2012-10-26,1,Core gradient boosting
25,17,2012-11-02,11815.01538111491,2012-10-26,1,Core gradient boosting
25,18,2012-11-02,12260.943678431991,2012-10-26,1,Core gradient boosting
25,20,2012-11-02,3070.0034759594546,2012-10-26,1,Core gradient boosting
25,21,2012-11-02,4720.59509678999,2012-10-26,1,Core gradient boosting
25,22,2012-11-02,5397.843234966918,2012-10-26,1,Core gradient boosting
25,23,2012-11-02,16667.516513499155,2012-10-26,1,Core gradient boosting
25,24,2012-11-02,3116.522692284005,2012-10-26,1,Core gradient boosting
25,25,2012-11-02,6782.06352561669,2012-10-26,1,Core gradient boosting
25,26,2012-11-02,4251.02548476083,2012-10-26,1,Core gradient boosting
25,27,2012-11-02,1331.2537319979792,2012-10-26,1,Core gradient boosting
25,28,2012-11-02,857.7953476220042,2012-10-26,1,Core gradient boosting
25,29,2012-11-02,3684.837645275759,2012-10-26,1,Core gradient boosting
25,30,2012-11-02,1995.526278811602,2012-10-26,1,Core gradient boosting
25,31,2012-11-02,1473.4912872981006,2012-10-26,1,Core gradient boosting
25,32,2012-11-02,3521.010437349841,2012-10-26,1,Core gradient boosting
25,33,2012-11-02,3020.115249611437,2012-10-26,1,Core gradient boosting
25,34,2012-11-02,9797.79570392026,2012-10-26,1,Core gradient boosting
25,35,2012-11-02,1838.5658386692667,2012-10-26,1,Core gradient boosting
25,36,2012-11-02,656.3948664676527,2012-10-26,1,Core gradient boosting
25,37,2012-11-02,3235.7902324803986,2012-10-26,1,Core gradient boosting
25,38,2012-11-02,41584.625955935066,2012-10-26,1,Core gradient boosting
25,40,2012-11-02,42618.468890330194,2012-10-26,1,Core gradient boosting
25,41,2012-11-02,4283.1720471295785,2012-10-26,1,Core gradient boosting
25,42,2012-11-02,5749.42680078356,2012-10-26,1,Core gradient boosting
25,44,2012-11-02,4635.059863370398,2012-10-26,1,Core gradient boosting
25,46,2012-11-02,17209.268766273668,2012-10-26,1,Core gradient boosting
25,49,2012-11-02,10987.283722339638,2012-10-26,1,Core gradient boosting
25,50,2012-11-02,1995.526278811602,2012-10-26,1,Core gradient boosting
25,52,2012-11-02,1551.6309278513756,2012-10-26,1,Core gradient boosting
25,55,2012-11-02,4670.953898657176,2012-10-26,1,Core gradient boosting
25,56,2012-11-02,1626.2039640595974,2012-10-26,1,Core gradient boosting
25,58,2012-11-02,413.6839270708466,2012-10-26,1,Core gradient boosting
25,59,2012-11-02,232.89743219645476,2012-10-26,1,Core gradient boosting
25,60,2012-11-02,223.97380679584566,2012-10-26,1,Core gradient boosting
25,67,2012-11-02,9089.103094713168,2012-10-26,1,Core gradient boosting
25,71,2012-11-02,3119.9006405829214,2012-10-26,1,Core gradient boosting
25,72,2012-11-02,35530.59358321004,2012-10-26,1,Core gradient boosting
25,74,2012-11-02,10369.645143620666,2012-10-26,1,Core gradient boosting
25,79,2012-11-02,7558.9372564175355,2012-10-26,1,Core gradient boosting
25,80,2012-11-02,545.166984909934,2012-10-26,1,Core gradient boosting
25,81,2012-11-02,9185.467352695268,2012-10-26,1,Core gradient boosting
25,82,2012-11-02,11621.452692541212,2012-10-26,1,Core gradient boosting
25,83,2012-11-02,212.3651220266439,2012-10-26,1,Core gradient boosting
25,85,2012-11-02,3282.309448804949,2012-10-26,1,Core gradient boosting
25,87,2012-11-02,6781.239281297975,2012-10-26,1,Core gradient boosting
25,90,2012-11-02,14254.742954327437,2012-10-26,1,Core gradient boosting
25,91,2012-11-02,8732.623223492907,2012-10-26,1,Core gradient boosting
25,92,2012-11-02,46622.743465200656,2012-10-26,1,Core gradient boosting
25,93,2012-11-02,993.8897785099892,2012-10-26,1,Core gradient boosting
25,94,2012-11-02,4759.772258334952,2012-10-26,1,Core gradient boosting
25,95,2012-11-02,43978.34345967196,2012-10-26,1,Core gradient boosting
25,97,2012-11-02,3034.1685286574493,2012-10-26,1,Core gradient boosting
25,98,2012-11-02,1050.0874933383686,2012-10-26,1,Core gradient boosting
26,1,2012-11-02,26453.279835293204,2012-10-26,1,Core gradient boosting
26,2,2012-11-02,27064.811757563875,2012-10-26,1,Core gradient boosting
26,3,2012-11-02,6464.632187833176,2012-10-26,1,Core gradient boosting
26,4,2012-11-02,25543.955530890526,2012-10-26,1,Core gradient boosting
26,5,2012-11-02,16714.11016181507,2012-10-26,1,Core gradient boosting
26,6,2012-11-02,3511.541571493537,2012-10-26,1,Core gradient boosting
26,7,2012-11-02,14632.156462377545,2012-10-26,1,Core gradient boosting
26,8,2012-11-02,29919.281202122784,2012-10-26,1,Core gradient boosting
26,9,2012-11-02,17048.704285876753,2012-10-26,1,Core gradient boosting
26,10,2012-11-02,9063.691352510661,2012-10-26,1,Core gradient boosting
26,11,2012-11-02,14069.50854973184,2012-10-26,1,Core gradient boosting
26,12,2012-11-02,4382.787897773792,2012-10-26,1,Core gradient boosting
26,13,2012-11-02,21591.810157715987,2012-10-26,1,Core gradient boosting
26,14,2012-11-02,10061.63555291725,2012-10-26,1,Core gradient boosting
26,16,2012-11-02,4936.044451597411,2012-10-26,1,Core gradient boosting
26,17,2012-11-02,8698.136940584682,2012-10-26,1,Core gradient boosting
26,18,2012-11-02,6535.079380985154,2012-10-26,1,Core gradient boosting
26,19,2012-11-02,1586.0376628504675,2012-10-26,1,Core gradient boosting
26,20,2012-11-02,3135.067429514079,2012-10-26,1,Core gradient boosting
26,21,2012-11-02,5624.9278995184895,2012-10-26,1,Core gradient boosting
26,22,2012-11-02,6404.791455306469,2012-10-26,1,Core gradient boosting
26,23,2012-11-02,14900.098169835908,2012-10-26,1,Core gradient boosting
26,24,2012-11-02,2487.0023895541544,2012-10-26,1,Core gradient boosting
26,25,2012-11-02,6625.0207896516695,2012-10-26,1,Core gradient boosting
26,26,2012-11-02,4021.363037471395,2012-10-26,1,Core gradient boosting
26,27,2012-11-02,1500.0413709782988,2012-10-26,1,Core gradient boosting
26,28,2012-11-02,551.2422890054696,2012-10-26,1,Core gradient boosting
26,29,2012-11-02,3760.5607716392396,2012-10-26,1,Core gradient boosting
26,30,2012-11-02,2428.6620801564536,2012-10-26,1,Core gradient boosting
26,31,2012-11-02,1488.7786408129498,2012-10-26,1,Core gradient boosting
26,32,2012-11-02,3821.782644915799,2012-10-26,1,Core gradient boosting
26,33,2012-11-02,3181.707210422321,2012-10-26,1,Core gradient boosting
26,34,2012-11-02,8336.311849688613,2012-10-26,1,Core gradient boosting
26,35,2012-11-02,1853.8531921841159,2012-10-26,1,Core gradient boosting
26,36,2012-11-02,878.7164783043659,2012-10-26,1,Core gradient boosting
26,38,2012-11-02,103969.00697576122,2012-10-26,1,Core gradient boosting
26,40,2012-11-02,37673.660887455146,2012-10-26,1,Core gradient boosting
26,41,2012-11-02,603.9178246054064,2012-10-26,1,Core gradient boosting
26,42,2012-11-02,3265.2222260143108,2012-10-26,1,Core gradient boosting
26,44,2012-11-02,4650.347216885248,2012-10-26,1,Core gradient boosting
26,46,2012-11-02,9903.846065290581,2012-10-26,1,Core gradient boosting
26,47,2012-11-02,208.36031422833662,2012-10-26,1,Core gradient boosting
26,48,2012-11-02,624.4501347752173,2012-10-26,1,Core gradient boosting
26,49,2012-11-02,3646.1489606275895,2012-10-26,1,Core gradient boosting
26,52,2012-11-02,1687.5544244580358,2012-10-26,1,Core gradient boosting
26,55,2012-11-02,6890.555516535464,2012-10-26,1,Core gradient boosting
26,56,2012-11-02,1410.9299896370337,2012-10-26,1,Core gradient boosting
26,59,2012-11-02,228.89262439814746,2012-10-26,1,Core gradient boosting
26,60,2012-11-02,227.65247554149343,2012-10-26,1,Core gradient boosting
26,67,2012-11-02,5797.096138668067,2012-10-26,1,Core gradient boosting
26,71,2012-11-02,2428.6620801564536,2012-10-26,1,Core gradient boosting
26,72,2012-11-02,46462.725670372,2012-10-26,1,Core gradient boosting
26,74,2012-11-02,8500.123291797689,2012-10-26,1,Core gradient boosting
26,79,2012-11-02,9920.221618584854,2012-10-26,1,Core gradient boosting
26,80,2012-11-02,18794.757814841916,2012-10-26,1,Core gradient boosting
26,81,2012-11-02,18961.426589111656,2012-10-26,1,Core gradient boosting
26,82,2012-11-02,16085.786086285942,2012-10-26,1,Core gradient boosting
26,83,2012-11-02,2357.9075638132826,2012-10-26,1,Core gradient boosting
26,85,2012-11-02,1710.6965197282939,2012-10-26,1,Core gradient boosting
26,87,2012-11-02,26870.92105052816,2012-10-26,1,Core gradient boosting
26,90,2012-11-02,61041.980123198824,2012-10-26,1,Core gradient boosting
26,91,2012-11-02,38095.62487903036,2012-10-26,1,Core gradient boosting
26,92,2012-11-02,97433.32118975517,2012-10-26,1,Core gradient boosting
26,93,2012-11-02,25501.3629113357,2012-10-26,1,Core gradient boosting
26,94,2012-11-02,38133.100256029276,2012-10-26,1,Core gradient boosting
26,95,2012-11-02,68255.47422977952,2012-10-26,1,Core gradient boosting
26,96,2012-11-02,16747.413919924624,2012-10-26,1,Core gradient boosting
26,97,2012-11-02,13531.647313508103,2012-10-26,1,Core gradient boosting
26,98,2012-11-02,7428.66861022685,2012-10-26,1,Core gradient boosting
27,1,2012-11-02,47794.77206313698,2012-10-26,1,Core gradient boosting
27,2,2012-11-02,76113.58093421497,2012-10-26,1,Core gradient boosting
27,3,2012-11-02,12922.908485527483,2012-10-26,1,Core gradient boosting
27,4,2012-11-02,41982.75141831827,2012-10-26,1,Core gradient boosting
27,5,2012-11-02,25001.406819600987,2012-10-26,1,Core gradient boosting
27,6,2012-11-02,4602.164578683764,2012-10-26,1,Core gradient boosting
27,7,2012-11-02,36010.57179155819,2012-10-26,1,Core gradient boosting
27,8,2012-11-02,43653.48207542059,2012-10-26,1,Core gradient boosting
27,9,2012-11-02,28290.55914831927,2012-10-26,1,Core gradient boosting
27,10,2012-11-02,37546.55714056942,2012-10-26,1,Core gradient boosting
27,11,2012-11-02,21000.009706212146,2012-10-26,1,Core gradient boosting
27,12,2012-11-02,3526.782063002961,2012-10-26,1,Core gradient boosting
27,13,2012-11-02,51584.83587687141,2012-10-26,1,Core gradient boosting
27,14,2012-11-02,25121.821283264544,2012-10-26,1,Core gradient boosting
27,16,2012-11-02,6513.784218431046,2012-10-26,1,Core gradient boosting
27,17,2012-11-02,19564.17034080535,2012-10-26,1,Core gradient boosting
27,18,2012-11-02,23629.645665153264,2012-10-26,1,Core gradient boosting
27,19,2012-11-02,1762.6941637557668,2012-10-26,1,Core gradient boosting
27,20,2012-11-02,9437.615162409813,2012-10-26,1,Core gradient boosting
27,21,2012-11-02,5836.801447062822,2012-10-26,1,Core gradient boosting
27,22,2012-11-02,16592.27970939473,2012-10-26,1,Core gradient boosting
27,23,2012-11-02,38434.225973185865,2012-10-26,1,Core gradient boosting
27,24,2012-11-02,11706.318475219734,2012-10-26,1,Core gradient boosting
27,25,2012-11-02,15249.008960305793,2012-10-26,1,Core gradient boosting
27,26,2012-11-02,13880.520504652193,2012-10-26,1,Core gradient boosting
27,27,2012-11-02,2532.6099034809563,2012-10-26,1,Core gradient boosting
27,28,2012-11-02,1214.267656657837,2012-10-26,1,Core gradient boosting
27,29,2012-11-02,8030.316960876356,2012-10-26,1,Core gradient boosting
27,30,2012-11-02,4220.980432006446,2012-10-26,1,Core gradient boosting
27,31,2012-11-02,3510.6298690957883,2012-10-26,1,Core gradient boosting
27,32,2012-11-02,7026.275792541371,2012-10-26,1,Core gradient boosting
27,33,2012-11-02,11077.31750572478,2012-10-26,1,Core gradient boosting
27,34,2012-11-02,16786.67055851504,2012-10-26,1,Core gradient boosting
27,35,2012-11-02,3646.2117586156883,2012-10-26,1,Core gradient boosting
27,36,2012-11-02,2410.70300867213,2012-10-26,1,Core gradient boosting
27,37,2012-11-02,2474.2695940832555,2012-10-26,1,Core gradient boosting
27,38,2012-11-02,36476.194968537624,2012-10-26,1,Core gradient boosting
27,40,2012-11-02,68180.68510479285,2012-10-26,1,Core gradient boosting
27,41,2012-11-02,2297.3342337136,2012-10-26,1,Core gradient boosting
27,42,2012-11-02,9981.897933200557,2012-10-26,1,Core gradient boosting
27,44,2012-11-02,5125.298498241783,2012-10-26,1,Core gradient boosting
27,46,2012-11-02,36973.95584403602,2012-10-26,1,Core gradient boosting
27,49,2012-11-02,10753.617781806484,2012-10-26,1,Core gradient boosting
27,50,2012-11-02,2904.3361042283054,2012-10-26,1,Core gradient boosting
27,52,2012-11-02,2486.0906871564057,2012-10-26,1,Core gradient boosting
27,54,2012-11-02,253.96782815513845,2012-10-26,1,Core gradient boosting
27,55,2012-11-02,14707.398869889284,2012-10-26,1,Core gradient boosting
27,56,2012-11-02,1579.9218398472863,2012-10-26,1,Core gradient boosting
27,58,2012-11-02,1680.303904564914,2012-10-26,1,Core gradient boosting
27,59,2012-11-02,387.5496014913298,2012-10-26,1,Core gradient boosting
27,60,2012-11-02,253.96782815513845,2012-10-26,1,Core gradient boosting
27,67,2012-11-02,10499.290044648234,2012-10-26,1,Core gradient boosting
27,71,2012-11-02,9326.920228237215,2012-10-26,1,Core gradient boosting
27,72,2012-11-02,56905.8748928019,2012-10-26,1,Core gradient boosting
27,74,2012-11-02,23049.89560501086,2012-10-26,1,Core gradient boosting
27,79,2012-11-02,35199.771829758545,2012-10-26,1,Core gradient boosting
27,80,2012-11-02,24585.780207175954,2012-10-26,1,Core gradient boosting
27,81,2012-11-02,27569.851064049082,2012-10-26,1,Core gradient boosting
27,82,2012-11-02,30759.52381689535,2012-10-26,1,Core gradient boosting
27,83,2012-11-02,7085.366489210225,2012-10-26,1,Core gradient boosting
27,85,2012-11-02,3357.348956265663,2012-10-26,1,Core gradient boosting
27,87,2012-11-02,16647.958100468026,2012-10-26,1,Core gradient boosting
27,90,2012-11-02,97188.28886098607,2012-10-26,1,Core gradient boosting
27,91,2012-11-02,61638.45574287672,2012-10-26,1,Core gradient boosting
27,92,2012-11-02,156230.69306766358,2012-10-26,1,Core gradient boosting
27,93,2012-11-02,51270.786072704075,2012-10-26,1,Core gradient boosting
27,94,2012-11-02,61520.507134392,2012-10-26,1,Core gradient boosting
27,95,2012-11-02,111135.827540168,2012-10-26,1,Core gradient boosting
27,96,2012-11-02,17137.439812964138,2012-10-26,1,Core gradient boosting
27,97,2012-11-02,18909.764998471303,2012-10-26,1,Core gradient boosting
27,98,2012-11-02,12397.89040483235,2012-10-26,1,Core gradient boosting
28,1,2012-11-02,33403.29010024851,2012-10-26,1,Core gradient boosting
28,2,2012-11-02,54771.25195809511,2012-10-26,1,Core gradient boosting
28,3,2012-11-02,8057.519164394661,2012-10-26,1,Core gradient boosting
28,4,2012-11-02,29270.0413550584,2012-10-26,1,Core gradient boosting
28,5,2012-11-02,25429.02555805586,2012-10-26,1,Core gradient boosting
28,6,2012-11-02,3090.5850174607913,2012-10-26,1,Core gradient boosting
28,7,2012-11-02,30812.17728888495,2012-10-26,1,Core gradient boosting
28,8,2012-11-02,34469.327458472246,2012-10-26,1,Core gradient boosting
28,9,2012-11-02,15756.434948509648,2012-10-26,1,Core gradient boosting
28,10,2012-11-02,20883.870876870038,2012-10-26,1,Core gradient boosting
28,11,2012-11-02,11115.29128857959,2012-10-26,1,Core gradient boosting
28,12,2012-11-02,3322.309260614357,2012-10-26,1,Core gradient boosting
28,13,2012-11-02,38718.85599956921,2012-10-26,1,Core gradient boosting
28,14,2012-11-02,14049.953501385684,2012-10-26,1,Core gradient boosting
28,16,2012-11-02,3655.282692478216,2012-10-26,1,Core gradient boosting
28,17,2012-11-02,8856.706678334782,2012-10-26,1,Core gradient boosting
28,18,2012-11-02,19356.16724858892,2012-10-26,1,Core gradient boosting
28,19,2012-11-02,1416.6396403048714,2012-10-26,1,Core gradient boosting
28,20,2012-11-02,4437.970312108298,2012-10-26,1,Core gradient boosting
28,21,2012-11-02,4259.257405593566,2012-10-26,1,Core gradient boosting
28,22,2012-11-02,8918.519880832737,2012-10-26,1,Core gradient boosting
28,23,2012-11-02,34164.82073737368,2012-10-26,1,Core gradient boosting
28,24,2012-11-02,7579.687700678815,2012-10-26,1,Core gradient boosting
28,25,2012-11-02,14808.22410076278,2012-10-26,1,Core gradient boosting
28,26,2012-11-02,12020.962776538587,2012-10-26,1,Core gradient boosting
28,27,2012-11-02,1770.795736130095,2012-10-26,1,Core gradient boosting
28,28,2012-11-02,558.4321589820488,2012-10-26,1,Core gradient boosting
28,29,2012-11-02,4365.939854807695,2012-10-26,1,Core gradient boosting
28,30,2012-11-02,2576.699819860507,2012-10-26,1,Core gradient boosting
28,31,2012-11-02,1884.420183214988,2012-10-26,1,Core gradient boosting
28,32,2012-11-02,6464.856705910286,2012-10-26,1,Core gradient boosting
28,33,2012-11-02,8898.96389679242,2012-10-26,1,Core gradient boosting
28,34,2012-11-02,15573.44439279018,2012-10-26,1,Core gradient boosting
28,35,2012-11-02,1884.420183214988,2012-10-26,1,Core gradient boosting
28,36,2012-11-02,939.7920924060883,2012-10-26,1,Core gradient boosting
28,37,2012-11-02,1694.7442944346149,2012-10-26,1,Core gradient boosting
28,38,2012-11-02,52973.865854301155,2012-10-26,1,Core gradient boosting
28,40,2012-11-02,47649.30506494917,2012-10-26,1,Core gradient boosting
28,41,2012-11-02,1574.108151342804,2012-10-26,1,Core gradient boosting
28,42,2012-11-02,6886.530715548479,2012-10-26,1,Core gradient boosting
28,44,2012-11-02,5353.325268597543,2012-10-26,1,Core gradient boosting
28,46,2012-11-02,18962.73577097441,2012-10-26,1,Core gradient boosting
28,49,2012-11-02,12394.375535598643,2012-10-26,1,Core gradient boosting
28,52,2012-11-02,2113.5121776021847,2012-10-26,1,Core gradient boosting
28,54,2012-11-02,215.55018420491584,2012-10-26,1,Core gradient boosting
28,55,2012-11-02,7283.789490928331,2012-10-26,1,Core gradient boosting
28,56,2012-11-02,234.55544919393796,2012-10-26,1,Core gradient boosting
28,58,2012-11-02,6010.244273027512,2012-10-26,1,Core gradient boosting
28,59,2012-11-02,236.0824943747267,2012-10-26,1,Core gradient boosting
28,60,2012-11-02,537.1869799295041,2012-10-26,1,Core gradient boosting
28,67,2012-11-02,5414.4765440361825,2012-10-26,1,Core gradient boosting
28,71,2012-11-02,5175.718522504806,2012-10-26,1,Core gradient boosting
28,72,2012-11-02,52023.01456577685,2012-10-26,1,Core gradient boosting
28,74,2012-11-02,9618.874856716697,2012-10-26,1,Core gradient boosting
28,79,2012-11-02,41473.822269856464,2012-10-26,1,Core gradient boosting
28,80,2012-11-02,19994.012225044033,2012-10-26,1,Core gradient boosting
28,81,2012-11-02,23448.3956886725,2012-10-26,1,Core gradient boosting
28,82,2012-11-02,18787.645747389004,2012-10-26,1,Core gradient boosting
28,83,2012-11-02,6409.561708962323,2012-10-26,1,Core gradient boosting
28,85,2012-11-02,1119.16195755335,2012-10-26,1,Core gradient boosting
28,87,2012-11-02,14682.102734593236,2012-10-26,1,Core gradient boosting
28,90,2012-11-02,75221.82749177622,2012-10-26,1,Core gradient boosting
28,91,2012-11-02,63851.44125644795,2012-10-26,1,Core gradient boosting
28,92,2012-11-02,126665.53041655551,2012-10-26,1,Core gradient boosting
28,93,2012-11-02,66154.72794197265,2012-10-26,1,Core gradient boosting
28,94,2012-11-02,39277.669813503286,2012-10-26,1,Core gradient boosting
28,95,2012-11-02,100672.696139911,2012-10-26,1,Core gradient boosting
28,96,2012-11-02,32495.85656252233,2012-10-26,1,Core gradient boosting
28,97,2012-11-02,25286.64285578016,2012-10-26,1,Core gradient boosting
28,98,2012-11-02,10466.319669993001,2012-10-26,1,Core gradient boosting
29,1,2012-11-02,26491.88558669043,2012-10-26,1,Core gradient boosting
29,2,2012-11-02,25357.12250324422,2012-10-26,1,Core gradient boosting
29,3,2012-11-02,6691.50825834759,2012-10-26,1,Core gradient boosting
29,4,2012-11-02,16096.300315310009,2012-10-26,1,Core gradient boosting
29,5,2012-11-02,12105.403136177816,2012-10-26,1,Core gradient boosting
29,6,2012-11-02,1252.1837919419938,2012-10-26,1,Core gradient boosting
29,7,2012-11-02,15123.562719849733,2012-10-26,1,Core gradient boosting
29,8,2012-11-02,22917.689017007244,2012-10-26,1,Core gradient boosting
29,9,2012-11-02,12423.462853588662,2012-10-26,1,Core gradient boosting
29,10,2012-11-02,10332.66576722388,2012-10-26,1,Core gradient boosting
29,11,2012-11-02,8290.86509606044,2012-10-26,1,Core gradient boosting
29,12,2012-11-02,1913.2781650321217,2012-10-26,1,Core gradient boosting
29,13,2012-11-02,19048.346228407972,2012-10-26,1,Core gradient boosting
29,14,2012-11-02,9562.600620402043,2012-10-26,1,Core gradient boosting
29,16,2012-11-02,2595.6446697651886,2012-10-26,1,Core gradient boosting
29,17,2012-11-02,9566.005808099744,2012-10-26,1,Core gradient boosting
29,18,2012-11-02,4024.4518386840264,2012-10-26,1,Core gradient boosting
29,19,2012-11-02,181.57936327717755,2012-10-26,1,Core gradient boosting
29,20,2012-11-02,3499.933861211251,2012-10-26,1,Core gradient boosting
29,21,2012-11-02,3594.355603907538,2012-10-26,1,Core gradient boosting
29,22,2012-11-02,5391.224160269385,2012-10-26,1,Core gradient boosting
29,23,2012-11-02,22059.04352944384,2012-10-26,1,Core gradient boosting
29,24,2012-11-02,4824.162228541653,2012-10-26,1,Core gradient boosting
29,25,2012-11-02,7575.567743565111,2012-10-26,1,Core gradient boosting
29,26,2012-11-02,4334.055293836432,2012-10-26,1,Core gradient boosting
29,27,2012-11-02,1629.1530492781528,2012-10-26,1,Core gradient boosting
29,28,2012-11-02,735.4844491061705,2012-10-26,1,Core gradient boosting
29,29,2012-11-02,5153.585954137998,2012-10-26,1,Core gradient boosting
29,30,2012-11-02,2224.9457688356392,2012-10-26,1,Core gradient boosting
29,31,2012-11-02,1729.8132191954396,2012-10-26,1,Core gradient boosting
29,32,2012-11-02,3279.6882787500576,2012-10-26,1,Core gradient boosting
29,33,2012-11-02,4413.19500732629,2012-10-26,1,Core gradient boosting
29,34,2012-11-02,11403.036892487255,2012-10-26,1,Core gradient boosting
29,35,2012-11-02,2142.370159419318,2012-10-26,1,Core gradient boosting
29,36,2012-11-02,1216.5528630828544,2012-10-26,1,Core gradient boosting
29,38,2012-11-02,42486.893891671476,2012-10-26,1,Core gradient boosting
29,40,2012-11-02,29545.97041397344,2012-10-26,1,Core gradient boosting
29,41,2012-11-02,562.1454592054681,2012-10-26,1,Core gradient boosting
29,42,2012-11-02,4062.9715780098045,2012-10-26,1,Core gradient boosting
29,44,2012-11-02,1770.1214925762997,2012-10-26,1,Core gradient boosting
29,46,2012-11-02,11806.22109792813,2012-10-26,1,Core gradient boosting
29,52,2012-11-02,805.416311028656,2012-10-26,1,Core gradient boosting
29,55,2012-11-02,3874.066682323777,2012-10-26,1,Core gradient boosting
29,56,2012-11-02,1098.792105064762,2012-10-26,1,Core gradient boosting
29,59,2012-11-02,202.1116734469884,2012-10-26,1,Core gradient boosting
29,60,2012-11-02,233.20496953827777,2012-10-26,1,Core gradient boosting
29,67,2012-11-02,5505.719448005717,2012-10-26,1,Core gradient boosting
29,71,2012-11-02,2244.9206890629594,2012-10-26,1,Core gradient boosting
29,72,2012-11-02,34427.93238669831,2012-10-26,1,Core gradient boosting
29,74,2012-11-02,7744.208384664876,2012-10-26,1,Core gradient boosting
29,79,2012-11-02,8315.927353245323,2012-10-26,1,Core gradient boosting
29,80,2012-11-02,190.79141269649125,2012-10-26,1,Core gradient boosting
29,81,2012-11-02,5845.001574155166,2012-10-26,1,Core gradient boosting
29,82,2012-11-02,14473.188662142296,2012-10-26,1,Core gradient boosting
29,83,2012-11-02,805.416311028656,2012-10-26,1,Core gradient boosting
29,85,2012-11-02,1216.5528630828544,2012-10-26,1,Core gradient boosting
29,87,2012-11-02,9590.607402396852,2012-10-26,1,Core gradient boosting
29,90,2012-11-02,12749.221315744877,2012-10-26,1,Core gradient boosting
29,91,2012-11-02,4844.310675294061,2012-10-26,1,Core gradient boosting
29,92,2012-11-02,31951.992894067353,2012-10-26,1,Core gradient boosting
29,93,2012-11-02,1601.2140226594859,2012-10-26,1,Core gradient boosting
29,94,2012-11-02,251.34180282183175,2012-10-26,1,Core gradient boosting
29,95,2012-11-02,32672.170286277036,2012-10-26,1,Core gradient boosting
29,97,2012-11-02,2462.4536245758577,2012-10-26,1,Core gradient boosting
29,98,2012-11-02,253.73727970808864,2012-10-26,1,Core gradient boosting
30,1,2012-11-02,16944.1657458767,2012-10-26,1,Core gradient boosting
30,2,2012-11-02,12759.947707134848,2012-10-26,1,Core gradient boosting
30,3,2012-11-02,725.311878644271,2012-10-26,1,Core gradient boosting
30,4,2012-11-02,12884.284742332648,2012-10-26,1,Core gradient boosting
30,5,2012-11-02,642.5531673129701,2012-10-26,1,Core gradient boosting
30,6,2012-11-02,177.8171473167751,2012-10-26,1,Core gradient boosting
30,7,2012-11-02,570.969970901587,2012-10-26,1,Core gradient boosting
30,8,2012-11-02,12697.187882026368,2012-10-26,1,Core gradient boosting
30,9,2012-11-02,362.9086115874136,2012-10-26,1,Core gradient boosting
30,10,2012-11-02,246.62660951075213,2012-10-26,1,Core gradient boosting
30,11,2012-11-02,886.0819275044228,2012-10-26,1,Core gradient boosting
30,12,2012-11-02,157.28483714696424,2012-10-26,1,Core gradient boosting
30,13,2012-11-02,10681.063914303792,2012-10-26,1,Core gradient boosting
30,14,2012-11-02,875.7168502914313,2012-10-26,1,Core gradient boosting
30,16,2012-11-02,1332.228606974356,2012-10-26,1,Core gradient boosting
30,18,2012-11-02,836.3432575786018,2012-10-26,1,Core gradient boosting
30,20,2012-11-02,219.04874936702618,2012-10-26,1,Core gradient boosting
30,21,2012-11-02,1014.299369771846,2012-10-26,1,Core gradient boosting
30,25,2012-11-02,177.8171473167751,2012-10-26,1,Core gradient boosting
30,28,2012-11-02,157.28483714696424,2012-10-26,1,Core gradient boosting
30,31,2012-11-02,157.28483714696424,2012-10-26,1,Core gradient boosting
30,32,2012-11-02,205.12478632335643,2012-10-26,1,Core gradient boosting
30,38,2012-11-02,57248.755322564975,2012-10-26,1,Core gradient boosting
30,40,2012-11-02,23402.84151861284,2012-10-26,1,Core gradient boosting
30,42,2012-11-02,157.28483714696424,2012-10-26,1,Core gradient boosting
30,46,2012-11-02,5261.339969991038,2012-10-26,1,Core gradient boosting
30,52,2012-11-02,157.28483714696424,2012-10-26,1,Core gradient boosting
30,56,2012-11-02,166.49688656627794,2012-10-26,1,Core gradient boosting
30,59,2012-11-02,177.8171473167751,2012-10-26,1,Core gradient boosting
30,60,2012-11-02,500.16681192409743,2012-10-26,1,Core gradient boosting
30,67,2012-11-02,1192.258336952641,2012-10-26,1,Core gradient boosting
30,72,2012-11-02,514.6831582173816,2012-10-26,1,Core gradient boosting
30,74,2012-11-02,157.28483714696424,2012-10-26,1,Core gradient boosting
30,79,2012-11-02,6611.698904120811,2012-10-26,1,Core gradient boosting
30,80,2012-11-02,6579.028265798886,2012-10-26,1,Core gradient boosting
30,81,2012-11-02,10276.113467533223,2012-10-26,1,Core gradient boosting
30,82,2012-11-02,4270.445057917268,2012-10-26,1,Core gradient boosting
30,83,2012-11-02,1201.9803840560423,2012-10-26,1,Core gradient boosting
30,85,2012-11-02,177.8171473167751,2012-10-26,1,Core gradient boosting
30,87,2012-11-02,267.158919680563,2012-10-26,1,Core gradient boosting
30,90,2012-11-02,37010.453065682814,2012-10-26,1,Core gradient boosting
30,91,2012-11-02,29698.276696996618,2012-10-26,1,Core gradient boosting
30,92,2012-11-02,57171.167368728165,2012-10-26,1,Core gradient boosting
30,93,2012-11-02,23103.803520136025,2012-10-26,1,Core gradient boosting
30,94,2012-11-02,25222.58577587202,2012-10-26,1,Core gradient boosting
30,95,2012-11-02,44236.79757522748,2012-10-26,1,Core gradient boosting
30,96,2012-11-02,19191.387548267958,2012-10-26,1,Core gradient boosting
30,97,2012-11-02,12867.747320026685,2012-10-26,1,Core gradient boosting
30,98,2012-11-02,3683.498388403127,2012-10-26,1,Core gradient boosting
31,1,2012-11-02,30416.515769514128,2012-10-26,1,Core gradient boosting
31,2,2012-11-02,59465.56685876166,2012-10-26,1,Core gradient boosting
31,3,2012-11-02,7339.164841907016,2012-10-26,1,Core gradient boosting
31,4,2012-11-02,35298.47510300281,2012-10-26,1,Core gradient boosting
31,5,2012-11-02,16841.717886174963,2012-10-26,1,Core gradient boosting
31,6,2012-11-02,1914.3999810896883,2012-10-26,1,Core gradient boosting
31,7,2012-11-02,19599.49789116395,2012-10-26,1,Core gradient boosting
31,8,2012-11-02,26132.789535006104,2012-10-26,1,Core gradient boosting
31,9,2012-11-02,8845.834783103282,2012-10-26,1,Core gradient boosting
31,10,2012-11-02,18067.518710573095,2012-10-26,1,Core gradient boosting
31,11,2012-11-02,10360.753084517391,2012-10-26,1,Core gradient boosting
31,12,2012-11-02,2796.2679283815023,2012-10-26,1,Core gradient boosting
31,13,2012-11-02,44595.23664012778,2012-10-26,1,Core gradient boosting
31,14,2012-11-02,15124.88548517708,2012-10-26,1,Core gradient boosting
31,16,2012-11-02,3809.2708357810534,2012-10-26,1,Core gradient boosting
31,17,2012-11-02,7595.374841390418,2012-10-26,1,Core gradient boosting
31,18,2012-11-02,13580.168316903739,2012-10-26,1,Core gradient boosting
31,19,2012-11-02,222.3878868093581,2012-10-26,1,Core gradient boosting
31,20,2012-11-02,5852.690565840293,2012-10-26,1,Core gradient boosting
31,21,2012-11-02,3683.1566717976443,2012-10-26,1,Core gradient boosting
31,22,2012-11-02,6986.44518019556,2012-10-26,1,Core gradient boosting
31,23,2012-11-02,21607.561975454646,2012-10-26,1,Core gradient boosting
31,24,2012-11-02,4853.841261244594,2012-10-26,1,Core gradient boosting
31,25,2012-11-02,9534.653978802591,2012-10-26,1,Core gradient boosting
31,26,2012-11-02,8373.11835786534,2012-10-26,1,Core gradient boosting
31,27,2012-11-02,1229.2069316366076,2012-10-26,1,Core gradient boosting
31,28,2012-11-02,631.5614140834142,2012-10-26,1,Core gradient boosting
31,29,2012-11-02,4487.255975900121,2012-10-26,1,Core gradient boosting
31,30,2012-11-02,2666.1131318812695,2012-10-26,1,Core gradient boosting
31,31,2012-11-02,2265.7542923678197,2012-10-26,1,Core gradient boosting
31,32,2012-11-02,4665.9864149396535,2012-10-26,1,Core gradient boosting
31,33,2012-11-02,4595.051171918146,2012-10-26,1,Core gradient boosting
31,34,2012-11-02,13189.165051692444,2012-10-26,1,Core gradient boosting
31,35,2012-11-02,1600.0652354314889,2012-10-26,1,Core gradient boosting
31,36,2012-11-02,678.0806304079653,2012-10-26,1,Core gradient boosting
31,37,2012-11-02,2183.1786829514986,2012-10-26,1,Core gradient boosting
31,38,2012-11-02,77577.02697036533,2012-10-26,1,Core gradient boosting
31,40,2012-11-02,58571.090299417665,2012-10-26,1,Core gradient boosting
31,41,2012-11-02,1764.4107997839287,2012-10-26,1,Core gradient boosting
31,42,2012-11-02,5696.738370530553,2012-10-26,1,Core gradient boosting
31,44,2012-11-02,2501.029962135176,2012-10-26,1,Core gradient boosting
31,46,2012-11-02,23910.08733027856,2012-10-26,1,Core gradient boosting
31,49,2012-11-02,8724.004357893373,2012-10-26,1,Core gradient boosting
31,52,2012-11-02,756.0178680501249,2012-10-26,1,Core gradient boosting
31,54,2012-11-02,284.1517990294201,2012-10-26,1,Core gradient boosting
31,55,2012-11-02,6295.002387612628,2012-10-26,1,Core gradient boosting
31,56,2012-11-02,1158.061150040108,2012-10-26,1,Core gradient boosting
31,58,2012-11-02,3734.557530244332,2012-10-26,1,Core gradient boosting
31,59,2012-11-02,262.2123582923258,2012-10-26,1,Core gradient boosting
31,60,2012-11-02,274.0134930704583,2012-10-26,1,Core gradient boosting
31,67,2012-11-02,5217.439419580334,2012-10-26,1,Core gradient boosting
31,71,2012-11-02,3765.2937097137087,2012-10-26,1,Core gradient boosting
31,72,2012-11-02,47176.11438203043,2012-10-26,1,Core gradient boosting
31,74,2012-11-02,13045.343367838022,2012-10-26,1,Core gradient boosting
31,79,2012-11-02,35923.43382779524,2012-10-26,1,Core gradient boosting
31,80,2012-11-02,18221.476648142412,2012-10-26,1,Core gradient boosting
31,81,2012-11-02,24255.73225557614,2012-10-26,1,Core gradient boosting
31,82,2012-11-02,20637.142332060626,2012-10-26,1,Core gradient boosting
31,83,2012-11-02,7699.806907159808,2012-10-26,1,Core gradient boosting
31,85,2012-11-02,1257.3613866150345,2012-10-26,1,Core gradient boosting
31,87,2012-11-02,12147.22750825996,2012-10-26,1,Core gradient boosting
31,90,2012-11-02,90502.79648618841,2012-10-26,1,Core gradient boosting
31,91,2012-11-02,68559.17157676522,2012-10-26,1,Core gradient boosting
31,92,2012-11-02,140572.78453498648,2012-10-26,1,Core gradient boosting
31,93,2012-11-02,63906.760639041575,2012-10-26,1,Core gradient boosting
31,94,2012-11-02,67500.93359794354,2012-10-26,1,Core gradient boosting
31,95,2012-11-02,102458.46776468835,2012-10-26,1,Core gradient boosting
31,96,2012-11-02,28714.469459007807,2012-10-26,1,Core gradient boosting
31,97,2012-11-02,30178.453161922786,2012-10-26,1,Core gradient boosting
31,98,2012-11-02,10397.900242241129,2012-10-26,1,Core gradient boosting
32,1,2012-11-02,42851.083794700426,2012-10-26,1,Core gradient boosting
32,2,2012-11-02,53401.789940436516,2012-10-26,1,Core gradient boosting
32,3,2012-11-02,12072.20830277551,2012-10-26,1,Core gradient boosting
32,4,2012-11-02,28891.53523260696,2012-10-26,1,Core gradient boosting
32,5,2012-11-02,20921.793264930206,2012-10-26,1,Core gradient boosting
32,6,2012-11-02,3342.37380507779,2012-10-26,1,Core gradient boosting
32,7,2012-11-02,20238.33214906508,2012-10-26,1,Core gradient boosting
32,8,2012-11-02,25030.8324511839,2012-10-26,1,Core gradient boosting
32,9,2012-11-02,20594.71696058322,2012-10-26,1,Core gradient boosting
32,10,2012-11-02,31988.81934441957,2012-10-26,1,Core gradient boosting
32,11,2012-11-02,16531.26155785342,2012-10-26,1,Core gradient boosting
32,12,2012-11-02,3345.7517533767063,2012-10-26,1,Core gradient boosting
32,13,2012-11-02,30439.255828776706,2012-10-26,1,Core gradient boosting
32,14,2012-11-02,15271.113219346316,2012-10-26,1,Core gradient boosting
32,16,2012-11-02,5572.0143282786175,2012-10-26,1,Core gradient boosting
32,17,2012-11-02,11530.846463005175,2012-10-26,1,Core gradient boosting
32,18,2012-11-02,15988.464034701583,2012-10-26,1,Core gradient boosting
32,19,2012-11-02,2041.445995065381,2012-10-26,1,Core gradient boosting
32,20,2012-11-02,4589.149926323393,2012-10-26,1,Core gradient boosting
32,21,2012-11-02,4464.102492041152,2012-10-26,1,Core gradient boosting
32,22,2012-11-02,8947.976876736238,2012-10-26,1,Core gradient boosting
32,23,2012-11-02,23479.995486621447,2012-10-26,1,Core gradient boosting
32,24,2012-11-02,4569.007243552463,2012-10-26,1,Core gradient boosting
32,25,2012-11-02,9539.947093634522,2012-10-26,1,Core gradient boosting
32,26,2012-11-02,6950.562840234229,2012-10-26,1,Core gradient boosting
32,27,2012-11-02,1687.0676429081057,2012-10-26,1,Core gradient boosting
32,28,2012-11-02,903.7150638757826,2012-10-26,1,Core gradient boosting
32,29,2012-11-02,3778.749905887463,2012-10-26,1,Core gradient boosting
32,30,2012-11-02,2053.2670881385316,2012-10-26,1,Core gradient boosting
32,31,2012-11-02,3185.302506061608,2012-10-26,1,Core gradient boosting
32,32,2012-11-02,4852.68248461289,2012-10-26,1,Core gradient boosting
32,33,2012-11-02,4308.686804510657,2012-10-26,1,Core gradient boosting
32,34,2012-11-02,11516.363249415917,2012-10-26,1,Core gradient boosting
32,35,2012-11-02,1718.1867871969646,2012-10-26,1,Core gradient boosting
32,36,2012-11-02,1794.2382288924448,2012-10-26,1,Core gradient boosting
32,37,2012-11-02,3185.302506061608,2012-10-26,1,Core gradient boosting
32,38,2012-11-02,68989.98816871527,2012-10-26,1,Core gradient boosting
32,40,2012-11-02,60769.89738068524,2012-10-26,1,Core gradient boosting
32,41,2012-11-02,4653.628753976699,2012-10-26,1,Core gradient boosting
32,42,2012-11-02,6562.6709116687025,2012-10-26,1,Core gradient boosting
32,44,2012-11-02,5311.3856139991785,2012-10-26,1,Core gradient boosting
32,46,2012-11-02,27170.136761871865,2012-10-26,1,Core gradient boosting
32,49,2012-11-02,5264.8663976746275,2012-10-26,1,Core gradient boosting
32,52,2012-11-02,2601.2703324687645,2012-10-26,1,Core gradient boosting
32,54,2012-11-02,238.9926769672654,2012-10-26,1,Core gradient boosting
32,55,2012-11-02,8287.316495876754,2012-10-26,1,Core gradient boosting
32,56,2012-11-02,1672.1236803133754,2012-10-26,1,Core gradient boosting
32,58,2012-11-02,1694.8096661426716,2012-10-26,1,Core gradient boosting
32,59,2012-11-02,372.8368161604464,2012-10-26,1,Core gradient boosting
32,60,2012-11-02,796.5380722218208,2012-10-26,1,Core gradient boosting
32,67,2012-11-02,8366.792257024748,2012-10-26,1,Core gradient boosting
32,71,2012-11-02,6422.159954864481,2012-10-26,1,Core gradient boosting
32,72,2012-11-02,47864.09547415713,2012-10-26,1,Core gradient boosting
32,74,2012-11-02,14357.938639904381,2012-10-26,1,Core gradient boosting
32,79,2012-11-02,14437.9289363045,2012-10-26,1,Core gradient boosting
32,80,2012-11-02,17957.76689364767,2012-10-26,1,Core gradient boosting
32,81,2012-11-02,16070.090607200944,2012-10-26,1,Core gradient boosting
32,82,2012-11-02,18240.356069173547,2012-10-26,1,Core gradient boosting
32,83,2012-11-02,3461.6413452741826,2012-10-26,1,Core gradient boosting
32,85,2012-11-02,1764.7060035215156,2012-10-26,1,Core gradient boosting
32,87,2012-11-02,8726.73239531181,2012-10-26,1,Core gradient boosting
32,90,2012-11-02,67993.40236730815,2012-10-26,1,Core gradient boosting
32,91,2012-11-02,48118.23438933057,2012-10-26,1,Core gradient boosting
32,92,2012-11-02,108484.01503155439,2012-10-26,1,Core gradient boosting
32,93,2012-11-02,33674.66568865602,2012-10-26,1,Core gradient boosting
32,94,2012-11-02,51101.57696822593,2012-10-26,1,Core gradient boosting
32,95,2012-11-02,82269.40044390607,2012-10-26,1,Core gradient boosting
32,96,2012-11-02,2582.638595479606,2012-10-26,1,Core gradient boosting
32,97,2012-11-02,16778.96467058259,2012-10-26,1,Core gradient boosting
32,98,2012-11-02,9028.472480473512,2012-10-26,1,Core gradient boosting
32,99,2012-11-02,340.5810606702951,2012-10-26,1,Core gradient boosting
33,1,2012-11-02,3606.388167743612,2012-10-26,1,Core gradient boosting
33,2,2012-11-02,9115.396886598315,2012-10-26,1,Core gradient boosting
33,3,2012-11-02,283.51234293896783,2012-10-26,1,Core gradient boosting
33,4,2012-11-02,6514.99313579921,2012-10-26,1,Core gradient boosting
33,5,2012-11-02,318.5899219107679,2012-10-26,1,Core gradient boosting
33,7,2012-11-02,622.0320946440402,2012-10-26,1,Core gradient boosting
33,8,2012-11-02,4842.220173138287,2012-10-26,1,Core gradient boosting
33,9,2012-11-02,292.38778788177314,2012-10-26,1,Core gradient boosting
33,10,2012-11-02,210.3638103845753,2012-10-26,1,Core gradient boosting
33,11,2012-11-02,250.18828186754303,2012-10-26,1,Core gradient boosting
33,12,2012-11-02,151.922884103146,2012-10-26,1,Core gradient boosting
33,13,2012-11-02,7293.497862689494,2012-10-26,1,Core gradient boosting
33,14,2012-11-02,757.4662093867441,2012-10-26,1,Core gradient boosting
33,16,2012-11-02,230.58944180374428,2012-10-26,1,Core gradient boosting
33,17,2012-11-02,229.34294651005564,2012-10-26,1,Core gradient boosting
33,18,2012-11-02,619.7370222679292,2012-10-26,1,Core gradient boosting
33,20,2012-11-02,151.922884103146,2012-10-26,1,Core gradient boosting
33,21,2012-11-02,172.45519427295687,2012-10-26,1,Core gradient boosting
33,26,2012-11-02,172.45519427295687,2012-10-26,1,Core gradient boosting
33,32,2012-11-02,261.5267454996002,2012-10-26,1,Core gradient boosting
33,38,2012-11-02,22927.27469999479,2012-10-26,1,Core gradient boosting
33,40,2012-11-02,8809.38143197243,2012-10-26,1,Core gradient boosting
33,42,2012-11-02,151.922884103146,2012-10-26,1,Core gradient boosting
33,46,2012-11-02,1954.3968489350568,2012-10-26,1,Core gradient boosting
33,49,2012-11-02,213.68679632320794,2012-10-26,1,Core gradient boosting
33,55,2012-11-02,267.2294759595181,2012-10-26,1,Core gradient boosting
33,60,2012-11-02,151.922884103146,2012-10-26,1,Core gradient boosting
33,67,2012-11-02,799.597326829018,2012-10-26,1,Core gradient boosting
33,74,2012-11-02,248.09792314809434,2012-10-26,1,Core gradient boosting
33,79,2012-11-02,12174.842618169301,2012-10-26,1,Core gradient boosting
33,80,2012-11-02,6413.539612728678,2012-10-26,1,Core gradient boosting
33,81,2012-11-02,8778.425520832168,2012-10-26,1,Core gradient boosting
33,82,2012-11-02,3570.935349518181,2012-10-26,1,Core gradient boosting
33,83,2012-11-02,1677.4750186712506,2012-10-26,1,Core gradient boosting
33,87,2012-11-02,369.3483160606642,2012-10-26,1,Core gradient boosting
33,90,2012-11-02,24603.854251271525,2012-10-26,1,Core gradient boosting
33,91,2012-11-02,8720.911224548874,2012-10-26,1,Core gradient boosting
33,92,2012-11-02,31591.20207413234,2012-10-26,1,Core gradient boosting
33,93,2012-11-02,17733.956882760285,2012-10-26,1,Core gradient boosting
33,94,2012-11-02,23960.074587115992,2012-10-26,1,Core gradient boosting
33,95,2012-11-02,26743.883830446364,2012-10-26,1,Core gradient boosting
33,96,2012-11-02,11152.689931054472,2012-10-26,1,Core gradient boosting
33,97,2012-11-02,5380.812564514848,2012-10-26,1,Core gradient boosting
33,98,2012-11-02,6305.1486880245575,2012-10-26,1,Core gradient boosting
34,1,2012-11-02,30991.309683025094,2012-10-26,1,Core gradient boosting
34,2,2012-11-02,34053.13587055978,2012-10-26,1,Core gradient boosting
34,3,2012-11-02,6415.056281954551,2012-10-26,1,Core gradient boosting
34,4,2012-11-02,20635.52338954292,2012-10-26,1,Core gradient boosting
34,5,2012-11-02,20738.25051212375,2012-10-26,1,Core gradient boosting
34,6,2012-11-02,3008.4929519030647,2012-10-26,1,Core gradient boosting
34,7,2012-11-02,15792.646159246984,2012-10-26,1,Core gradient boosting
34,8,2012-11-02,28446.59100797531,2012-10-26,1,Core gradient boosting
34,9,2012-11-02,25377.350813583806,2012-10-26,1,Core gradient boosting
34,10,2012-11-02,16757.00654665949,2012-10-26,1,Core gradient boosting
34,11,2012-11-02,14994.16143037061,2012-10-26,1,Core gradient boosting
34,12,2012-11-02,5040.009470594871,2012-10-26,1,Core gradient boosting
34,13,2012-11-02,23325.218782396074,2012-10-26,1,Core gradient boosting
34,14,2012-11-02,9359.60414368601,2012-10-26,1,Core gradient boosting
34,16,2012-11-02,6012.160003247074,2012-10-26,1,Core gradient boosting
34,17,2012-11-02,7021.550909032065,2012-10-26,1,Core gradient boosting
34,18,2012-11-02,13019.612206521057,2012-10-26,1,Core gradient boosting
34,20,2012-11-02,2576.34765248837,2012-10-26,1,Core gradient boosting
34,21,2012-11-02,4013.955437417143,2012-10-26,1,Core gradient boosting
34,22,2012-11-02,5771.551856902853,2012-10-26,1,Core gradient boosting
34,23,2012-11-02,16091.174156031095,2012-10-26,1,Core gradient boosting
34,24,2012-11-02,3001.384031250417,2012-10-26,1,Core gradient boosting
34,25,2012-11-02,5527.41874902345,2012-10-26,1,Core gradient boosting
34,26,2012-11-02,4655.216459756332,2012-10-26,1,Core gradient boosting
34,27,2012-11-02,926.4396200658471,2012-10-26,1,Core gradient boosting
34,28,2012-11-02,266.8236230938791,2012-10-26,1,Core gradient boosting
34,29,2012-11-02,1993.4160349122737,2012-10-26,1,Core gradient boosting
34,30,2012-11-02,1671.015006008185,2012-10-26,1,Core gradient boosting
34,31,2012-11-02,859.3100691724832,2012-10-26,1,Core gradient boosting
34,32,2012-11-02,3929.6144296553384,2012-10-26,1,Core gradient boosting
34,33,2012-11-02,3651.7881414349,2012-10-26,1,Core gradient boosting
34,34,2012-11-02,6403.017993678711,2012-10-26,1,Core gradient boosting
34,35,2012-11-02,1219.0081245848178,2012-10-26,1,Core gradient boosting
34,36,2012-11-02,604.599207934463,2012-10-26,1,Core gradient boosting
34,37,2012-11-02,2175.9888129749193,2012-10-26,1,Core gradient boosting
34,38,2012-11-02,44535.48205072161,2012-10-26,1,Core gradient boosting
34,40,2012-11-02,39599.39897487469,2012-10-26,1,Core gradient boosting
34,41,2012-11-02,682.5364455766226,2012-10-26,1,Core gradient boosting
34,42,2012-11-02,4238.372928051618,2012-10-26,1,Core gradient boosting
34,44,2012-11-02,3757.128267935956,2012-10-26,1,Core gradient boosting
34,46,2012-11-02,15250.657468272586,2012-10-26,1,Core gradient boosting
34,48,2012-11-02,3832.7096051598587,2012-10-26,1,Core gradient boosting
34,49,2012-11-02,2577.475672334278,2012-10-26,1,Core gradient boosting
34,52,2012-11-02,1259.8935637418567,2012-10-26,1,Core gradient boosting
34,54,2012-11-02,215.1980168327789,2012-10-26,1,Core gradient boosting
34,55,2012-11-02,9706.485226591778,2012-10-26,1,Core gradient boosting
34,56,2012-11-02,649.3956854307414,2012-10-26,1,Core gradient boosting
34,59,2012-11-02,349.0421560259599,2012-10-26,1,Core gradient boosting
34,60,2012-11-02,215.1980168327789,2012-10-26,1,Core gradient boosting
34,65,2012-11-02,43334.21937351768,2012-10-26,1,Core gradient boosting
34,67,2012-11-02,6782.221658624618,2012-10-26,1,Core gradient boosting
34,71,2012-11-02,2258.5644223912404,2012-10-26,1,Core gradient boosting
34,72,2012-11-02,36049.74425954995,2012-10-26,1,Core gradient boosting
34,74,2012-11-02,7181.77143071661,2012-10-26,1,Core gradient boosting
34,79,2012-11-02,14608.622981960381,2012-10-26,1,Core gradient boosting
34,80,2012-11-02,12126.234454261303,2012-10-26,1,Core gradient boosting
34,81,2012-11-02,16314.597463441763,2012-10-26,1,Core gradient boosting
34,82,2012-11-02,17047.92635667659,2012-10-26,1,Core gradient boosting
34,83,2012-11-02,2865.566292905946,2012-10-26,1,Core gradient boosting
34,85,2012-11-02,1620.2752002952182,2012-10-26,1,Core gradient boosting
34,87,2012-11-02,8315.396221684372,2012-10-26,1,Core gradient boosting
34,90,2012-11-02,48493.073337383605,2012-10-26,1,Core gradient boosting
34,91,2012-11-02,35440.85946080253,2012-10-26,1,Core gradient boosting
34,92,2012-11-02,76618.17343425173,2012-10-26,1,Core gradient boosting
34,93,2012-11-02,32723.8194697759,2012-10-26,1,Core gradient boosting
34,94,2012-11-02,37791.059961046,2012-10-26,1,Core gradient boosting
34,95,2012-11-02,70320.1370820106,2012-10-26,1,Core gradient boosting
34,96,2012-11-02,22587.15266976442,2012-10-26,1,Core gradient boosting
34,97,2012-11-02,18735.427605441277,2012-10-26,1,Core gradient boosting
34,98,2012-11-02,9015.439495454895,2012-10-26,1,Core gradient boosting
35,1,2012-11-02,23557.8807528495,2012-10-26,1,Core gradient boosting
35,2,2012-11-02,45464.39254590778,2012-10-26,1,Core gradient boosting
35,3,2012-11-02,7959.879852041719,2012-10-26,1,Core gradient boosting
35,4,2012-11-02,19388.86165069743,2012-10-26,1,Core gradient boosting
35,5,2012-11-02,19319.892788874,2012-10-26,1,Core gradient boosting
35,6,2012-11-02,2829.345632383169,2012-10-26,1,Core gradient boosting
35,7,2012-11-02,24646.575778078302,2012-10-26,1,Core gradient boosting
35,8,2012-11-02,19679.85470651822,2012-10-26,1,Core gradient boosting
35,9,2012-11-02,12193.355376200261,2012-10-26,1,Core gradient boosting
35,10,2012-11-02,14921.830450985148,2012-10-26,1,Core gradient boosting
35,11,2012-11-02,11618.205225866821,2012-10-26,1,Core gradient boosting
35,12,2012-11-02,2079.417102871344,2012-10-26,1,Core gradient boosting
35,13,2012-11-02,32379.334121564178,2012-10-26,1,Core gradient boosting
35,14,2012-11-02,22555.417806886515,2012-10-26,1,Core gradient boosting
35,16,2012-11-02,209.86468162500262,2012-10-26,1,Core gradient boosting
35,17,2012-11-02,15050.758482522258,2012-10-26,1,Core gradient boosting
35,18,2012-11-02,12386.473552358715,2012-10-26,1,Core gradient boosting
35,20,2012-11-02,8249.432504794466,2012-10-26,1,Core gradient boosting
35,21,2012-11-02,2952.9782668463554,2012-10-26,1,Core gradient boosting
35,22,2012-11-02,18263.17288934447,2012-10-26,1,Core gradient boosting
35,23,2012-11-02,37503.612051513344,2012-10-26,1,Core gradient boosting
35,24,2012-11-02,10126.497624979116,2012-10-26,1,Core gradient boosting
35,25,2012-11-02,14287.19238433339,2012-10-26,1,Core gradient boosting
35,26,2012-11-02,13585.680203347856,2012-10-26,1,Core gradient boosting
35,27,2012-11-02,1867.3120994377696,2012-10-26,1,Core gradient boosting
35,28,2012-11-02,1009.0154411270297,2012-10-26,1,Core gradient boosting
35,29,2012-11-02,7849.091436926149,2012-10-26,1,Core gradient boosting
35,30,2012-11-02,4326.350467648602,2012-10-26,1,Core gradient boosting
35,31,2012-11-02,4490.6859596372,2012-10-26,1,Core gradient boosting
35,32,2012-11-02,5177.219516397008,2012-10-26,1,Core gradient boosting
35,33,2012-11-02,11561.232771360066,2012-10-26,1,Core gradient boosting
35,34,2012-11-02,25203.021801129038,2012-10-26,1,Core gradient boosting
35,35,2012-11-02,2775.700090298757,2012-10-26,1,Core gradient boosting
35,36,2012-11-02,2744.64819299403,2012-10-26,1,Core gradient boosting
35,38,2012-11-02,37348.910602355,2012-10-26,1,Core gradient boosting
35,40,2012-11-02,36742.9030881179,2012-10-26,1,Core gradient boosting
35,41,2012-11-02,1456.2196116819177,2012-10-26,1,Core gradient boosting
35,42,2012-11-02,7833.394749609035,2012-10-26,1,Core gradient boosting
35,44,2012-11-02,2000.8954185258121,2012-10-26,1,Core gradient boosting
35,46,2012-11-02,15509.5271940475,2012-10-26,1,Core gradient boosting
35,49,2012-11-02,213.68679632320794,2012-10-26,1,Core gradient boosting
35,52,2012-11-02,1552.9773537795702,2012-10-26,1,Core gradient boosting
35,54,2012-11-02,151.922884103146,2012-10-26,1,Core gradient boosting
35,55,2012-11-02,8116.717133518172,2012-10-26,1,Core gradient boosting
35,56,2012-11-02,192.03577960481826,2012-10-26,1,Core gradient boosting
35,58,2012-11-02,2266.00721154495,2012-10-26,1,Core gradient boosting
35,59,2012-11-02,172.45519427295687,2012-10-26,1,Core gradient boosting
35,60,2012-11-02,151.922884103146,2012-10-26,1,Core gradient boosting
35,67,2012-11-02,5393.969471699559,2012-10-26,1,Core gradient boosting
35,71,2012-11-02,8931.632052555451,2012-10-26,1,Core gradient boosting
35,72,2012-11-02,91208.47292647028,2012-10-26,1,Core gradient boosting
35,74,2012-11-02,18382.62824255188,2012-10-26,1,Core gradient boosting
35,79,2012-11-02,23302.894468749048,2012-10-26,1,Core gradient boosting
35,80,2012-11-02,161.1349335224597,2012-10-26,1,Core gradient boosting
35,81,2012-11-02,6637.130110237104,2012-10-26,1,Core gradient boosting
35,82,2012-11-02,12857.496523847876,2012-10-26,1,Core gradient boosting
35,83,2012-11-02,2026.5077564461221,2012-10-26,1,Core gradient boosting
35,85,2012-11-02,1654.2590896031036,2012-10-26,1,Core gradient boosting
35,87,2012-11-02,14663.063099052373,2012-10-26,1,Core gradient boosting
35,90,2012-11-02,13760.266910066639,2012-10-26,1,Core gradient boosting
35,91,2012-11-02,7068.897159388416,2012-10-26,1,Core gradient boosting
35,92,2012-11-02,38411.82825401059,2012-10-26,1,Core gradient boosting
35,93,2012-11-02,1497.8681348934842,2012-10-26,1,Core gradient boosting
35,94,2012-11-02,186.04431587282363,2012-10-26,1,Core gradient boosting
35,95,2012-11-02,41562.88058226779,2012-10-26,1,Core gradient boosting
35,97,2012-11-02,3837.61076902524,2012-10-26,1,Core gradient boosting
35,98,2012-11-02,172.45519427295687,2012-10-26,1,Core gradient boosting
36,1,2012-11-02,2957.602244854833,2012-10-26,1,Core gradient boosting
36,2,2012-11-02,11861.75790566335,2012-10-26,1,Core gradient boosting
36,3,2012-11-02,494.5351520039439,2012-10-26,1,Core gradient boosting
36,4,2012-11-02,8443.362179486823,2012-10-26,1,Core gradient boosting
36,5,2012-11-02,431.90175093413797,2012-10-26,1,Core gradient boosting
36,7,2012-11-02,622.0320946440402,2012-10-26,1,Core gradient boosting
36,8,2012-11-02,3235.5107255321627,2012-10-26,1,Core gradient boosting
36,9,2012-11-02,292.38778788177314,2012-10-26,1,Core gradient boosting
36,10,2012-11-02,261.98941664567553,2012-10-26,1,Core gradient boosting
36,11,2012-11-02,287.783872791485,2012-10-26,1,Core gradient boosting
36,12,2012-11-02,151.922884103146,2012-10-26,1,Core gradient boosting
36,13,2012-11-02,10508.512620693367,2012-10-26,1,Core gradient boosting
36,14,2012-11-02,1381.7893356028412,2012-10-26,1,Core gradient boosting
36,16,2012-11-02,499.16408896961974,2012-10-26,1,Core gradient boosting
36,17,2012-11-02,229.34294651005564,2012-10-26,1,Core gradient boosting
36,18,2012-11-02,486.9882556729942,2012-10-26,1,Core gradient boosting
36,20,2012-11-02,151.922884103146,2012-10-26,1,Core gradient boosting
36,21,2012-11-02,191.74735558611366,2012-10-26,1,Core gradient boosting
36,25,2012-11-02,172.45519427295687,2012-10-26,1,Core gradient boosting
36,26,2012-11-02,191.74735558611366,2012-10-26,1,Core gradient boosting
36,31,2012-11-02,183.83593250917332,2012-10-26,1,Core gradient boosting
36,38,2012-11-02,19056.956879957568,2012-10-26,1,Core gradient boosting
36,40,2012-11-02,10823.539099386526,2012-10-26,1,Core gradient boosting
36,42,2012-11-02,151.922884103146,2012-10-26,1,Core gradient boosting
36,44,2012-11-02,234.21910649301878,2012-10-26,1,Core gradient boosting
36,46,2012-11-02,2043.1003710728514,2012-10-26,1,Core gradient boosting
36,49,2012-11-02,213.68679632320794,2012-10-26,1,Core gradient boosting
36,60,2012-11-02,151.922884103146,2012-10-26,1,Core gradient boosting
36,67,2012-11-02,518.6423538546728,2012-10-26,1,Core gradient boosting
36,74,2012-11-02,450.8779584775773,2012-10-26,1,Core gradient boosting
36,79,2012-11-02,14760.296548747012,2012-10-26,1,Core gradient boosting
36,80,2012-11-02,14803.521106119153,2012-10-26,1,Core gradient boosting
36,81,2012-11-02,9633.967868848154,2012-10-26,1,Core gradient boosting
36,82,2012-11-02,5027.564264398332,2012-10-26,1,Core gradient boosting
36,83,2012-11-02,1774.7340407087681,2012-10-26,1,Core gradient boosting
36,90,2012-11-02,27600.654019943562,2012-10-26,1,Core gradient boosting
36,91,2012-11-02,7514.2764975787295,2012-10-26,1,Core gradient boosting
36,92,2012-11-02,32552.909089943045,2012-10-26,1,Core gradient boosting
36,93,2012-11-02,14345.072709481983,2012-10-26,1,Core gradient boosting
36,94,2012-11-02,29653.82722957765,2012-10-26,1,Core gradient boosting
36,95,2012-11-02,30697.793386556288,2012-10-26,1,Core gradient boosting
36,96,2012-11-02,14942.141422684577,2012-10-26,1,Core gradient boosting
36,97,2012-11-02,4824.54060548299,2012-10-26,1,Core gradient boosting
36,98,2012-11-02,5101.026013303826,2012-10-26,1,Core gradient boosting
37,1,2012-11-02,22575.895743063356,2012-10-26,1,Core gradient boosting
37,2,2012-11-02,17544.514472428178,2012-10-26,1,Core gradient boosting
37,3,2012-11-02,1311.4925666172824,2012-10-26,1,Core gradient boosting
37,4,2012-11-02,17959.754451307654,2012-10-26,1,Core gradient boosting
37,5,2012-11-02,1164.4446176341664,2012-10-26,1,Core gradient boosting
37,7,2012-11-02,1145.2947842530393,2012-10-26,1,Core gradient boosting
37,8,2012-11-02,17108.040225691857,2012-10-26,1,Core gradient boosting
37,9,2012-11-02,277.05544784652255,2012-10-26,1,Core gradient boosting
37,10,2012-11-02,466.4729883835053,2012-10-26,1,Core gradient boosting
37,11,2012-11-02,1793.4414706586022,2012-10-26,1,Core gradient boosting
37,12,2012-11-02,217.73401321584123,2012-10-26,1,Core gradient boosting
37,13,2012-11-02,17063.58668216721,2012-10-26,1,Core gradient boosting
37,14,2012-11-02,1607.4133514292662,2012-10-26,1,Core gradient boosting
37,16,2012-11-02,1838.6422363500187,2012-10-26,1,Core gradient boosting
37,17,2012-11-02,490.78787192795113,2012-10-26,1,Core gradient boosting
37,18,2012-11-02,1219.3768000974114,2012-10-26,1,Core gradient boosting
37,21,2012-11-02,1832.1335950803316,2012-10-26,1,Core gradient boosting
37,22,2012-11-02,227.87231917480304,2012-10-26,1,Core gradient boosting
37,23,2012-11-02,455.9808553639407,2012-10-26,1,Core gradient boosting
37,25,2012-11-02,186.64071712455194,2012-10-26,1,Core gradient boosting
37,27,2012-11-02,186.64071712455194,2012-10-26,1,Core gradient boosting
37,28,2012-11-02,166.1084069547411,2012-10-26,1,Core gradient boosting
37,31,2012-11-02,197.00925303709965,2012-10-26,1,Core gradient boosting
37,32,2012-11-02,275.71226835119535,2012-10-26,1,Core gradient boosting
37,38,2012-11-02,65387.740322022466,2012-10-26,1,Core gradient boosting
37,40,2012-11-02,28723.977594942062,2012-10-26,1,Core gradient boosting
37,42,2012-11-02,185.4005682678979,2012-10-26,1,Core gradient boosting
37,46,2012-11-02,9223.883184091963,2012-10-26,1,Core gradient boosting
37,49,2012-11-02,227.87231917480304,2012-10-26,1,Core gradient boosting
37,52,2012-11-02,166.1084069547411,2012-10-26,1,Core gradient boosting
37,56,2012-11-02,145.80259348720912,2012-10-26,1,Core gradient boosting
37,59,2012-11-02,186.64071712455194,2012-10-26,1,Core gradient boosting
37,60,2012-11-02,633.4468356985849,2012-10-26,1,Core gradient boosting
37,67,2012-11-02,2820.6086176256363,2012-10-26,1,Core gradient boosting
37,72,2012-11-02,523.5067280251584,2012-10-26,1,Core gradient boosting
37,74,2012-11-02,603.9289728117392,2012-10-26,1,Core gradient boosting
37,79,2012-11-02,7661.222643257309,2012-10-26,1,Core gradient boosting
37,80,2012-11-02,11627.607440919342,2012-10-26,1,Core gradient boosting
37,81,2012-11-02,10647.76867928488,2012-10-26,1,Core gradient boosting
37,82,2012-11-02,7358.583467840936,2012-10-26,1,Core gradient boosting
37,83,2012-11-02,2126.8992030968816,2012-10-26,1,Core gradient boosting
37,85,2012-11-02,186.64071712455194,2012-10-26,1,Core gradient boosting
37,87,2012-11-02,1363.4665989070293,2012-10-26,1,Core gradient boosting
37,90,2012-11-02,47619.994974678935,2012-10-26,1,Core gradient boosting
37,91,2012-11-02,31077.520016431623,2012-10-26,1,Core gradient boosting
37,92,2012-11-02,66566.59900639082,2012-10-26,1,Core gradient boosting
37,93,2012-11-02,23976.297522575762,2012-10-26,1,Core gradient boosting
37,94,2012-11-02,33455.45619857443,2012-10-26,1,Core gradient boosting
37,95,2012-11-02,54015.88526556433,2012-10-26,1,Core gradient boosting
37,96,2012-11-02,21343.675429653045,2012-10-26,1,Core gradient boosting
37,97,2012-11-02,15007.795112121434,2012-10-26,1,Core gradient boosting
37,98,2012-11-02,5788.238294469049,2012-10-26,1,Core gradient boosting
38,1,2012-11-02,11956.644126923065,2012-10-26,1,Core gradient boosting
38,2,2012-11-02,12531.830978811871,2012-10-26,1,Core gradient boosting
38,3,2012-11-02,588.4338154327927,2012-10-26,1,Core gradient boosting
38,4,2012-11-02,11490.897314590868,2012-10-26,1,Core gradient boosting
38,5,2012-11-02,636.3853226719676,2012-10-26,1,Core gradient boosting
38,6,2012-11-02,186.64071712455194,2012-10-26,1,Core gradient boosting
38,7,2012-11-02,613.8944934835642,2012-10-26,1,Core gradient boosting
38,8,2012-11-02,10817.998785268674,2012-10-26,1,Core gradient boosting
38,9,2012-11-02,277.05544784652255,2012-10-26,1,Core gradient boosting
38,10,2012-11-02,370.69183564382644,2012-10-26,1,Core gradient boosting
38,11,2012-11-02,862.7148975894771,2012-10-26,1,Core gradient boosting
38,12,2012-11-02,166.1084069547411,2012-10-26,1,Core gradient boosting
38,13,2012-11-02,10905.811118329088,2012-10-26,1,Core gradient boosting
38,14,2012-11-02,1037.714583453726,2012-10-26,1,Core gradient boosting
38,16,2012-11-02,750.6947536487944,2012-10-26,1,Core gradient boosting
38,17,2012-11-02,490.78787192795113,2012-10-26,1,Core gradient boosting
38,18,2012-11-02,778.8752748894557,2012-10-26,1,Core gradient boosting
38,21,2012-11-02,1002.8478349913971,2012-10-26,1,Core gradient boosting
38,23,2012-11-02,455.9808553639407,2012-10-26,1,Core gradient boosting
38,25,2012-11-02,186.64071712455194,2012-10-26,1,Core gradient boosting
38,27,2012-11-02,186.64071712455194,2012-10-26,1,Core gradient boosting
38,28,2012-11-02,166.1084069547411,2012-10-26,1,Core gradient boosting
38,29,2012-11-02,248.4046293446139,2012-10-26,1,Core gradient boosting
38,31,2012-11-02,166.1084069547411,2012-10-26,1,Core gradient boosting
38,32,2012-11-02,275.71226835119535,2012-10-26,1,Core gradient boosting
38,34,2012-11-02,272.72412385636574,2012-10-26,1,Core gradient boosting
38,38,2012-11-02,69502.69799804653,2012-10-26,1,Core gradient boosting
38,40,2012-11-02,18131.16832487547,2012-10-26,1,Core gradient boosting
38,42,2012-11-02,166.1084069547411,2012-10-26,1,Core gradient boosting
38,44,2012-11-02,248.4046293446139,2012-10-26,1,Core gradient boosting
38,46,2012-11-02,5377.05178986512,2012-10-26,1,Core gradient boosting
38,49,2012-11-02,227.87231917480304,2012-10-26,1,Core gradient boosting
38,52,2012-11-02,166.1084069547411,2012-10-26,1,Core gradient boosting
38,56,2012-11-02,145.80259348720912,2012-10-26,1,Core gradient boosting
38,59,2012-11-02,186.64071712455194,2012-10-26,1,Core gradient boosting
38,60,2012-11-02,365.4741942595558,2012-10-26,1,Core gradient boosting
38,67,2012-11-02,870.5655238049709,2012-10-26,1,Core gradient boosting
38,72,2012-11-02,691.1702112744522,2012-10-26,1,Core gradient boosting
38,74,2012-11-02,232.7655831128437,2012-10-26,1,Core gradient boosting
38,79,2012-11-02,9777.22760466938,2012-10-26,1,Core gradient boosting
38,80,2012-11-02,11155.980713462628,2012-10-26,1,Core gradient boosting
38,81,2012-11-02,10773.791270219586,2012-10-26,1,Core gradient boosting
38,82,2012-11-02,6527.77614092568,2012-10-26,1,Core gradient boosting
38,83,2012-11-02,2252.8268537948156,2012-10-26,1,Core gradient boosting
38,87,2012-11-02,682.9022092629793,2012-10-26,1,Core gradient boosting
38,90,2012-11-02,39890.52256822495,2012-10-26,1,Core gradient boosting
38,91,2012-11-02,27172.839633333333,2012-10-26,1,Core gradient boosting
38,92,2012-11-02,54765.582283614676,2012-10-26,1,Core gradient boosting
38,93,2012-11-02,20518.651212002205,2012-10-26,1,Core gradient boosting
38,94,2012-11-02,22191.04487618442,2012-10-26,1,Core gradient boosting
38,95,2012-11-02,45099.554043530814,2012-10-26,1,Core gradient boosting
38,96,2012-11-02,13090.510634125205,2012-10-26,1,Core gradient boosting
38,97,2012-11-02,10334.239137112609,2012-10-26,1,Core gradient boosting
38,98,2012-11-02,5674.762568707882,2012-10-26,1,Core gradient boosting
39,1,2012-11-02,48814.30726811465,2012-10-26,1,Core gradient boosting
39,2,2012-11-02,74542.98183146636,2012-10-26,1,Core gradient boosting
39,3,2012-11-02,12216.711473857455,2012-10-26,1,Core gradient boosting
39,4,2012-11-02,49104.13166263582,2012-10-26,1,Core gradient boosting
39,5,2012-11-02,26085.74231629709,2012-10-26,1,Core gradient boosting
39,6,2012-11-02,3513.0321642633708,2012-10-26,1,Core gradient boosting
39,7,2012-11-02,44052.24486386171,2012-10-26,1,Core gradient boosting
39,8,2012-11-02,40183.801362952974,2012-10-26,1,Core gradient boosting
39,9,2012-11-02,17942.53881083832,2012-10-26,1,Core gradient boosting
39,10,2012-11-02,16110.313295407752,2012-10-26,1,Core gradient boosting
39,11,2012-11-02,21183.780107103586,2012-10-26,1,Core gradient boosting
39,12,2012-11-02,5395.621848627261,2012-10-26,1,Core gradient boosting
39,13,2012-11-02,62308.56915091937,2012-10-26,1,Core gradient boosting
39,14,2012-11-02,20453.997229675362,2012-10-26,1,Core gradient boosting
39,16,2012-11-02,12403.278963110763,2012-10-26,1,Core gradient boosting
39,17,2012-11-02,12194.899049030715,2012-10-26,1,Core gradient boosting
39,18,2012-11-02,32811.781321941235,2012-10-26,1,Core gradient boosting
39,19,2012-11-02,372.0773614470436,2012-10-26,1,Core gradient boosting
39,20,2012-11-02,8278.57312931978,2012-10-26,1,Core gradient boosting
39,21,2012-11-02,6797.2554283322315,2012-10-26,1,Core gradient boosting
39,22,2012-11-02,13417.995280813608,2012-10-26,1,Core gradient boosting
39,23,2012-11-02,20726.00969787162,2012-10-26,1,Core gradient boosting
39,24,2012-11-02,10238.8535131944,2012-10-26,1,Core gradient boosting
39,25,2012-11-02,8543.957861627012,2012-10-26,1,Core gradient boosting
39,26,2012-11-02,12630.263834310132,2012-10-26,1,Core gradient boosting
39,27,2012-11-02,1859.6115324843624,2012-10-26,1,Core gradient boosting
39,28,2012-11-02,1072.2956389465153,2012-10-26,1,Core gradient boosting
39,29,2012-11-02,5442.141064951812,2012-10-26,1,Core gradient boosting
39,30,2012-11-02,3980.1385011608622,2012-10-26,1,Core gradient boosting
39,31,2012-11-02,2536.4888395604494,2012-10-26,1,Core gradient boosting
39,32,2012-11-02,5774.248428556001,2012-10-26,1,Core gradient boosting
39,33,2012-11-02,8609.590256427991,2012-10-26,1,Core gradient boosting
39,34,2012-11-02,16410.161796058168,2012-10-26,1,Core gradient boosting
39,35,2012-11-02,1662.9239476970713,2012-10-26,1,Core gradient boosting
39,36,2012-11-02,535.2595697397687,2012-10-26,1,Core gradient boosting
39,38,2012-11-02,47839.274147169344,2012-10-26,1,Core gradient boosting
39,40,2012-11-02,69089.38337839115,2012-10-26,1,Core gradient boosting
39,41,2012-11-02,3427.892399276418,2012-10-26,1,Core gradient boosting
39,42,2012-11-02,4137.765650933886,2012-10-26,1,Core gradient boosting
39,44,2012-11-02,5825.23568060493,2012-10-26,1,Core gradient boosting
39,46,2012-11-02,33974.51620479882,2012-10-26,1,Core gradient boosting
39,49,2012-11-02,8014.080004770277,2012-10-26,1,Core gradient boosting
39,52,2012-11-02,2347.7323861176437,2012-10-26,1,Core gradient boosting
39,54,2012-11-02,372.0773614470436,2012-10-26,1,Core gradient boosting
39,55,2012-11-02,10862.527412771798,2012-10-26,1,Core gradient boosting
39,56,2012-11-02,1651.0283666037349,2012-10-26,1,Core gradient boosting
39,58,2012-11-02,3514.1101214768114,2012-10-26,1,Core gradient boosting
39,59,2012-11-02,381.78604296609245,2012-10-26,1,Core gradient boosting
39,60,2012-11-02,503.73176786399716,2012-10-26,1,Core gradient boosting
39,67,2012-11-02,12155.967462666567,2012-10-26,1,Core gradient boosting
39,71,2012-11-02,6487.025753775182,2012-10-26,1,Core gradient boosting
39,72,2012-11-02,62430.869892513416,2012-10-26,1,Core gradient boosting
39,74,2012-11-02,21654.18224691619,2012-10-26,1,Core gradient boosting
39,79,2012-11-02,45258.650721813814,2012-10-26,1,Core gradient boosting
39,80,2012-11-02,13894.48105278435,2012-10-26,1,Core gradient boosting
39,81,2012-11-02,20615.825231437786,2012-10-26,1,Core gradient boosting
39,82,2012-11-02,25343.078801271917,2012-10-26,1,Core gradient boosting
39,83,2012-11-02,6210.479122944696,2012-10-26,1,Core gradient boosting
39,85,2012-11-02,1395.580743792812,2012-10-26,1,Core gradient boosting
39,87,2012-11-02,8598.015571709551,2012-10-26,1,Core gradient boosting
39,90,2012-11-02,91118.28509124735,2012-10-26,1,Core gradient boosting
39,91,2012-11-02,64820.063152538074,2012-10-26,1,Core gradient boosting
39,92,2012-11-02,135901.942789303,2012-10-26,1,Core gradient boosting
39,93,2012-11-02,47730.34474077398,2012-10-26,1,Core gradient boosting
39,94,2012-11-02,67539.2759046926,2012-10-26,1,Core gradient boosting
39,95,2012-11-02,117844.65849654184,2012-10-26,1,Core gradient boosting
39,96,2012-11-02,29580.297639614117,2012-10-26,1,Core gradient boosting
39,97,2012-11-02,27221.99671748392,2012-10-26,1,Core gradient boosting
39,98,2012-11-02,12655.442331314822,2012-10-26,1,Core gradient boosting
40,1,2012-11-02,26185.85016820663,2012-10-26,1,Core gradient boosting
40,2,2012-11-02,26212.533022920645,2012-10-26,1,Core gradient boosting
40,3,2012-11-02,5379.479240340691,2012-10-26,1,Core gradient boosting
40,4,2012-11-02,25308.24892474882,2012-10-26,1,Core gradient boosting
40,5,2012-11-02,15913.732740555639,2012-10-26,1,Core gradient boosting
40,6,2012-11-02,2885.7830625083593,2012-10-26,1,Core gradient boosting
40,7,2012-11-02,17450.361534162017,2012-10-26,1,Core gradient boosting
40,8,2012-11-02,36611.10627384964,2012-10-26,1,Core gradient boosting
40,9,2012-11-02,19057.320124664984,2012-10-26,1,Core gradient boosting
40,10,2012-11-02,28765.573427310217,2012-10-26,1,Core gradient boosting
40,11,2012-11-02,13331.151080007645,2012-10-26,1,Core gradient boosting
40,12,2012-11-02,4485.955002091868,2012-10-26,1,Core gradient boosting
40,13,2012-11-02,21830.621912603096,2012-10-26,1,Core gradient boosting
40,14,2012-11-02,11566.81628124344,2012-10-26,1,Core gradient boosting
40,16,2012-11-02,5398.985504683274,2012-10-26,1,Core gradient boosting
40,17,2012-11-02,8780.391860770244,2012-10-26,1,Core gradient boosting
40,18,2012-11-02,10815.823868010233,2012-10-26,1,Core gradient boosting
40,20,2012-11-02,3265.2222260143108,2012-10-26,1,Core gradient boosting
40,21,2012-11-02,6165.126129856235,2012-10-26,1,Core gradient boosting
40,22,2012-11-02,6252.5274077447575,2012-10-26,1,Core gradient boosting
40,23,2012-11-02,14949.44002512412,2012-10-26,1,Core gradient boosting
40,24,2012-11-02,2905.247806626054,2012-10-26,1,Core gradient boosting
40,25,2012-11-02,6776.400657425191,2012-10-26,1,Core gradient boosting
40,26,2012-11-02,4568.725159278299,2012-10-26,1,Core gradient boosting
40,27,2012-11-02,1346.5410855128284,2012-10-26,1,Core gradient boosting
40,28,2012-11-02,369.49423108477237,2012-10-26,1,Core gradient boosting
40,29,2012-11-02,3181.5866458386295,2012-10-26,1,Core gradient boosting
40,30,2012-11-02,2169.151110370477,2012-10-26,1,Core gradient boosting
40,31,2012-11-02,1253.0558611374145,2012-10-26,1,Core gradient boosting
40,32,2012-11-02,4224.74538352211,2012-10-26,1,Core gradient boosting
40,33,2012-11-02,3527.6937654007097,2012-10-26,1,Core gradient boosting
40,34,2012-11-02,7148.864369831291,2012-10-26,1,Core gradient boosting
40,35,2012-11-02,1756.5941701465983,2012-10-26,1,Core gradient boosting
40,36,2012-11-02,597.7615053300207,2012-10-26,1,Core gradient boosting
40,37,2012-11-02,2488.4757175875297,2012-10-26,1,Core gradient boosting
40,38,2012-11-02,37619.039936688765,2012-10-26,1,Core gradient boosting
40,40,2012-11-02,34485.7989554365,2012-10-26,1,Core gradient boosting
40,41,2012-11-02,283.8105930945433,2012-10-26,1,Core gradient boosting
40,42,2012-11-02,4823.145336153055,2012-10-26,1,Core gradient boosting
40,44,2012-11-02,3647.123461013437,2012-10-26,1,Core gradient boosting
40,45,2012-11-02,270.12422644839864,2012-10-26,1,Core gradient boosting
40,46,2012-11-02,8399.78429346966,2012-10-26,1,Core gradient boosting
40,48,2012-11-02,1365.218240346906,2012-10-26,1,Core gradient boosting
40,49,2012-11-02,208.36031422833662,2012-10-26,1,Core gradient boosting
40,52,2012-11-02,1024.567432095181,2012-10-26,1,Core gradient boosting
40,54,2012-11-02,208.36031422833662,2012-10-26,1,Core gradient boosting
40,55,2012-11-02,7109.514537771032,2012-10-26,1,Core gradient boosting
40,56,2012-11-02,1344.6384371401107,2012-10-26,1,Core gradient boosting
40,58,2012-11-02,4901.369828587661,2012-10-26,1,Core gradient boosting
40,59,2012-11-02,228.89262439814746,2012-10-26,1,Core gradient boosting
40,60,2012-11-02,239.2611603106952,2012-10-26,1,Core gradient boosting
40,67,2012-11-02,6403.3129270895715,2012-10-26,1,Core gradient boosting
40,71,2012-11-02,1853.8531921841159,2012-10-26,1,Core gradient boosting
40,72,2012-11-02,37030.143733941295,2012-10-26,1,Core gradient boosting
40,74,2012-11-02,10183.310621096354,2012-10-26,1,Core gradient boosting
40,79,2012-11-02,12496.875810114512,2012-10-26,1,Core gradient boosting
40,80,2012-11-02,15672.927077329541,2012-10-26,1,Core gradient boosting
40,81,2012-11-02,19355.02404469595,2012-10-26,1,Core gradient boosting
40,82,2012-11-02,15991.124546442146,2012-10-26,1,Core gradient boosting
40,83,2012-11-02,2652.085559300248,2012-10-26,1,Core gradient boosting
40,85,2012-11-02,1710.6965197282939,2012-10-26,1,Core gradient boosting
40,87,2012-11-02,24983.838266405066,2012-10-26,1,Core gradient boosting
40,90,2012-11-02,69631.69813579068,2012-10-26,1,Core gradient boosting
40,91,2012-11-02,45246.08164331622,2012-10-26,1,Core gradient boosting
40,92,2012-11-02,109895.79173245722,2012-10-26,1,Core gradient boosting
40,93,2012-11-02,29538.574675063086,2012-10-26,1,Core gradient boosting
40,94,2012-11-02,33667.36856726375,2012-10-26,1,Core gradient boosting
40,95,2012-11-02,66110.21969495917,2012-10-26,1,Core gradient boosting
40,96,2012-11-02,12992.489851001614,2012-10-26,1,Core gradient boosting
40,97,2012-11-02,16534.69442799916,2012-10-26,1,Core gradient boosting
40,98,2012-11-02,8315.640569973599,2012-10-26,1,Core gradient boosting
41,1,2012-11-02,44017.58548417759,2012-10-26,1,Core gradient boosting
41,2,2012-11-02,50583.754525151824,2012-10-26,1,Core gradient boosting
41,3,2012-11-02,11875.3130368032,2012-10-26,1,Core gradient boosting
41,4,2012-11-02,33786.16802825153,2012-10-26,1,Core gradient boosting
41,5,2012-11-02,26596.95654189523,2012-10-26,1,Core gradient boosting
41,6,2012-11-02,3752.2427443005504,2012-10-26,1,Core gradient boosting
41,7,2012-11-02,26668.087174214805,2012-10-26,1,Core gradient boosting
41,8,2012-11-02,37620.33256860939,2012-10-26,1,Core gradient boosting
41,9,2012-11-02,28566.648892343524,2012-10-26,1,Core gradient boosting
41,10,2012-11-02,19457.301014653243,2012-10-26,1,Core gradient boosting
41,11,2012-11-02,14820.90114194537,2012-10-26,1,Core gradient boosting
41,12,2012-11-02,4519.517183431367,2012-10-26,1,Core gradient boosting
41,13,2012-11-02,36108.02360086724,2012-10-26,1,Core gradient boosting
41,14,2012-11-02,17036.300738245565,2012-10-26,1,Core gradient boosting
41,16,2012-11-02,5885.526230891412,2012-10-26,1,Core gradient boosting
41,17,2012-11-02,13117.239971625628,2012-10-26,1,Core gradient boosting
41,18,2012-11-02,19689.804962923674,2012-10-26,1,Core gradient boosting
41,19,2012-11-02,1802.5726703412136,2012-10-26,1,Core gradient boosting
41,20,2012-11-02,4788.183410448204,2012-10-26,1,Core gradient boosting
41,21,2012-11-02,4795.4570176532525,2012-10-26,1,Core gradient boosting
41,22,2012-11-02,10284.354776290056,2012-10-26,1,Core gradient boosting
41,23,2012-11-02,23121.9988567779,2012-10-26,1,Core gradient boosting
41,24,2012-11-02,5870.567170358761,2012-10-26,1,Core gradient boosting
41,25,2012-11-02,11313.82480618871,2012-10-26,1,Core gradient boosting
41,26,2012-11-02,8525.974614721023,2012-10-26,1,Core gradient boosting
41,27,2012-11-02,2012.856322282299,2012-10-26,1,Core gradient boosting
41,28,2012-11-02,821.8399674057397,2012-10-26,1,Core gradient boosting
41,29,2012-11-02,4646.545635353335,2012-10-26,1,Core gradient boosting
41,30,2012-11-02,2711.660126648658,2012-10-26,1,Core gradient boosting
41,31,2012-11-02,2311.3012871352084,2012-10-26,1,Core gradient boosting
41,32,2012-11-02,4626.217165170297,2012-10-26,1,Core gradient boosting
41,33,2012-11-02,7083.27671393303,2012-10-26,1,Core gradient boosting
41,34,2012-11-02,13085.719968731599,2012-10-26,1,Core gradient boosting
41,35,2012-11-02,2311.3012871352084,2012-10-26,1,Core gradient boosting
41,36,2012-11-02,1559.615938326709,2012-10-26,1,Core gradient boosting
41,38,2012-11-02,53102.16536933089,2012-10-26,1,Core gradient boosting
41,40,2012-11-02,59935.779998445876,2012-10-26,1,Core gradient boosting
41,41,2012-11-02,3182.820903789339,2012-10-26,1,Core gradient boosting
41,42,2012-11-02,6038.132971610989,2012-10-26,1,Core gradient boosting
41,44,2012-11-02,5788.804581622494,2012-10-26,1,Core gradient boosting
41,45,2012-11-02,267.93488157674705,2012-10-26,1,Core gradient boosting
41,46,2012-11-02,26839.881835126613,2012-10-26,1,Core gradient boosting
41,48,2012-11-02,3345.3291035325315,2012-10-26,1,Core gradient boosting
41,49,2012-11-02,6450.594654792746,2012-10-26,1,Core gradient boosting
41,52,2012-11-02,2630.212537078246,2012-10-26,1,Core gradient boosting
41,54,2012-11-02,267.93488157674705,2012-10-26,1,Core gradient boosting
41,55,2012-11-02,7451.629973816641,2012-10-26,1,Core gradient boosting
41,56,2012-11-02,1101.0799988092494,2012-10-26,1,Core gradient boosting
41,58,2012-11-02,6391.301572849874,2012-10-26,1,Core gradient boosting
41,59,2012-11-02,446.3284535537761,2012-10-26,1,Core gradient boosting
41,60,2012-11-02,610.81685635388,2012-10-26,1,Core gradient boosting
41,67,2012-11-02,9548.491032478743,2012-10-26,1,Core gradient boosting
41,71,2012-11-02,4490.35500948013,2012-10-26,1,Core gradient boosting
41,72,2012-11-02,54342.56874294611,2012-10-26,1,Core gradient boosting
41,74,2012-11-02,17931.007425667685,2012-10-26,1,Core gradient boosting
41,79,2012-11-02,22365.903977185164,2012-10-26,1,Core gradient boosting
41,80,2012-11-02,17817.805359405815,2012-10-26,1,Core gradient boosting
41,81,2012-11-02,20012.130024221726,2012-10-26,1,Core gradient boosting
41,82,2012-11-02,20451.50515450065,2012-10-26,1,Core gradient boosting
41,83,2012-11-02,3324.796793362721,2012-10-26,1,Core gradient boosting
41,85,2012-11-02,1983.3240969113701,2012-10-26,1,Core gradient boosting
41,87,2012-11-02,14625.67691115711,2012-10-26,1,Core gradient boosting
41,90,2012-11-02,82138.93601495413,2012-10-26,1,Core gradient boosting
41,91,2012-11-02,56697.98072412465,2012-10-26,1,Core gradient boosting
41,92,2012-11-02,141073.2018815698,2012-10-26,1,Core gradient boosting
41,93,2012-11-02,40186.99143333753,2012-10-26,1,Core gradient boosting
41,94,2012-11-02,52185.67047073318,2012-10-26,1,Core gradient boosting
41,95,2012-11-02,91575.8433980601,2012-10-26,1,Core gradient boosting
41,96,2012-11-02,3355.182432066759,2012-10-26,1,Core gradient boosting
41,97,2012-11-02,20833.969400062528,2012-10-26,1,Core gradient boosting
41,98,2012-11-02,11033.336637879922,2012-10-26,1,Core gradient boosting
41,99,2012-11-02,431.6288515006254,2012-10-26,1,Core gradient boosting
42,1,2012-11-02,16643.13669057002,2012-10-26,1,Core gradient boosting
42,2,2012-11-02,16267.290226771256,2012-10-26,1,Core gradient boosting
42,3,2012-11-02,734.135448452048,2012-10-26,1,Core gradient boosting
42,4,2012-11-02,14523.756799070095,2012-10-26,1,Core gradient boosting
42,5,2012-11-02,862.8985862991498,2012-10-26,1,Core gradient boosting
42,7,2012-11-02,764.8354664163916,2012-10-26,1,Core gradient boosting
42,8,2012-11-02,19656.248197764733,2012-10-26,1,Core gradient boosting
42,9,2012-11-02,296.3476091596794,2012-10-26,1,Core gradient boosting
42,10,2012-11-02,466.4729883835053,2012-10-26,1,Core gradient boosting
42,11,2012-11-02,772.5079310787655,2012-10-26,1,Core gradient boosting
42,12,2012-11-02,166.1084069547411,2012-10-26,1,Core gradient boosting
42,13,2012-11-02,14542.51136166889,2012-10-26,1,Core gradient boosting
42,14,2012-11-02,1371.6905717537309,2012-10-26,1,Core gradient boosting
42,16,2012-11-02,1009.3564762610838,2012-10-26,1,Core gradient boosting
42,17,2012-11-02,534.2644190038807,2012-10-26,1,Core gradient boosting
42,18,2012-11-02,1042.2872227291055,2012-10-26,1,Core gradient boosting
42,21,2012-11-02,1023.122939579623,2012-10-26,1,Core gradient boosting
42,23,2012-11-02,455.9808553639407,2012-10-26,1,Core gradient boosting
42,24,2012-11-02,218.55376553057926,2012-10-26,1,Core gradient boosting
42,25,2012-11-02,186.64071712455194,2012-10-26,1,Core gradient boosting
42,27,2012-11-02,186.64071712455194,2012-10-26,1,Core gradient boosting
42,28,2012-11-02,166.1084069547411,2012-10-26,1,Core gradient boosting
42,31,2012-11-02,198.0214553607684,2012-10-26,1,Core gradient boosting
42,32,2012-11-02,213.94835613113327,2012-10-26,1,Core gradient boosting
42,38,2012-11-02,39201.933395802145,2012-10-26,1,Core gradient boosting
42,40,2012-11-02,20070.111144270377,2012-10-26,1,Core gradient boosting
42,42,2012-11-02,197.00925303709965,2012-10-26,1,Core gradient boosting
42,44,2012-11-02,248.4046293446139,2012-10-26,1,Core gradient boosting
42,46,2012-11-02,6353.116957023318,2012-10-26,1,Core gradient boosting
42,49,2012-11-02,227.87231917480304,2012-10-26,1,Core gradient boosting
42,52,2012-11-02,166.1084069547411,2012-10-26,1,Core gradient boosting
42,56,2012-11-02,177.71564189323644,2012-10-26,1,Core gradient boosting
42,59,2012-11-02,186.64071712455194,2012-10-26,1,Core gradient boosting
42,60,2012-11-02,197.00925303709965,2012-10-26,1,Core gradient boosting
42,67,2012-11-02,1103.821133077376,2012-10-26,1,Core gradient boosting
42,74,2012-11-02,167.49139015025398,2012-10-26,1,Core gradient boosting
42,79,2012-11-02,12397.077730188812,2012-10-26,1,Core gradient boosting
42,80,2012-11-02,14011.765909715497,2012-10-26,1,Core gradient boosting
42,81,2012-11-02,14896.990042157653,2012-10-26,1,Core gradient boosting
42,82,2012-11-02,8319.997888935277,2012-10-26,1,Core gradient boosting
42,83,2012-11-02,3092.8155222404835,2012-10-26,1,Core gradient boosting
42,85,2012-11-02,186.64071712455194,2012-10-26,1,Core gradient boosting
42,87,2012-11-02,1416.6532366190913,2012-10-26,1,Core gradient boosting
42,90,2012-11-02,54790.031719316896,2012-10-26,1,Core gradient boosting
42,91,2012-11-02,39633.50325379288,2012-10-26,1,Core gradient boosting
42,92,2012-11-02,91008.86831256271,2012-10-26,1,Core gradient boosting
42,93,2012-11-02,32291.351402570046,2012-10-26,1,Core gradient boosting
42,94,2012-11-02,35327.82724030565,2012-10-26,1,Core gradient boosting
42,95,2012-11-02,60314.7734315835,2012-10-26,1,Core gradient boosting
42,96,2012-11-02,17264.0394053498,2012-10-26,1,Core gradient boosting
42,97,2012-11-02,15916.141960981327,2012-10-26,1,Core gradient boosting
42,98,2012-11-02,6484.747366460313,2012-10-26,1,Core gradient boosting
43,1,2012-11-02,13396.663921270221,2012-10-26,1,Core gradient boosting
43,2,2012-11-02,19506.534140239455,2012-10-26,1,Core gradient boosting
43,3,2012-11-02,1094.4556723554979,2012-10-26,1,Core gradient boosting
43,4,2012-11-02,16406.670106642905,2012-10-26,1,Core gradient boosting
43,5,2012-11-02,1089.3294953294667,2012-10-26,1,Core gradient boosting
43,6,2012-11-02,177.8171473167751,2012-10-26,1,Core gradient boosting
43,7,2012-11-02,703.718737496522,2012-10-26,1,Core gradient boosting
43,8,2012-11-02,13522.262489798679,2012-10-26,1,Core gradient boosting
43,9,2012-11-02,317.0419022387482,2012-10-26,1,Core gradient boosting
43,10,2012-11-02,472.6408330245079,2012-10-26,1,Core gradient boosting
43,11,2012-11-02,568.8903610287535,2012-10-26,1,Core gradient boosting
43,12,2012-11-02,157.28483714696424,2012-10-26,1,Core gradient boosting
43,13,2012-11-02,17002.785044718526,2012-10-26,1,Core gradient boosting
43,14,2012-11-02,1709.1844013230386,2012-10-26,1,Core gradient boosting
43,16,2012-11-02,1732.559644504724,2012-10-26,1,Core gradient boosting
43,17,2012-11-02,388.1784263275506,2012-10-26,1,Core gradient boosting
43,18,2012-11-02,909.0071989546179,2012-10-26,1,Core gradient boosting
43,20,2012-11-02,157.28483714696424,2012-10-26,1,Core gradient boosting
43,21,2012-11-02,1458.2354739013886,2012-10-26,1,Core gradient boosting
43,22,2012-11-02,219.04874936702618,2012-10-26,1,Core gradient boosting
43,25,2012-11-02,177.8171473167751,2012-10-26,1,Core gradient boosting
43,28,2012-11-02,157.28483714696424,2012-10-26,1,Core gradient boosting
43,38,2012-11-02,65041.538961606886,2012-10-26,1,Core gradient boosting
43,40,2012-11-02,17544.956498042826,2012-10-26,1,Core gradient boosting
43,42,2012-11-02,176.57699846012105,2012-10-26,1,Core gradient boosting
43,46,2012-11-02,6323.771841860857,2012-10-26,1,Core gradient boosting
43,52,2012-11-02,157.28483714696424,2012-10-26,1,Core gradient boosting
43,56,2012-11-02,166.49688656627794,2012-10-26,1,Core gradient boosting
43,60,2012-11-02,303.42733955462063,2012-10-26,1,Core gradient boosting
43,67,2012-11-02,1192.258336952641,2012-10-26,1,Core gradient boosting
43,72,2012-11-02,571.5709104544801,2012-10-26,1,Core gradient boosting
43,74,2012-11-02,781.1217848984426,2012-10-26,1,Core gradient boosting
43,79,2012-11-02,11718.344561978067,2012-10-26,1,Core gradient boosting
43,80,2012-11-02,15947.835103658093,2012-10-26,1,Core gradient boosting
43,81,2012-11-02,18544.060664548677,2012-10-26,1,Core gradient boosting
43,82,2012-11-02,8673.41829765136,2012-10-26,1,Core gradient boosting
43,83,2012-11-02,3652.198115693389,2012-10-26,1,Core gradient boosting
43,85,2012-11-02,177.8171473167751,2012-10-26,1,Core gradient boosting
43,87,2012-11-02,255.55023491136126,2012-10-26,1,Core gradient boosting
43,90,2012-11-02,65646.63194754593,2012-10-26,1,Core gradient boosting
43,91,2012-11-02,29651.676855969166,2012-10-26,1,Core gradient boosting
43,92,2012-11-02,84043.19226852129,2012-10-26,1,Core gradient boosting
43,93,2012-11-02,34835.91946866555,2012-10-26,1,Core gradient boosting
43,94,2012-11-02,46330.65756754238,2012-10-26,1,Core gradient boosting
43,95,2012-11-02,72736.78280174422,2012-10-26,1,Core gradient boosting
43,96,2012-11-02,24152.026369763676,2012-10-26,1,Core gradient boosting
43,97,2012-11-02,18321.77812075812,2012-10-26,1,Core gradient boosting
43,98,2012-11-02,9838.471755304243,2012-10-26,1,Core gradient boosting
44,1,2012-11-02,15463.28851736471,2012-10-26,1,Core gradient boosting
44,2,2012-11-02,10611.960496228205,2012-10-26,1,Core gradient boosting
44,3,2012-11-02,674.7761393300419,2012-10-26,1,Core gradient boosting
44,4,2012-11-02,8366.734757409344,2012-10-26,1,Core gradient boosting
44,5,2012-11-02,1333.772548460177,2012-10-26,1,Core gradient boosting
44,6,2012-11-02,177.8171473167751,2012-10-26,1,Core gradient boosting
44,7,2012-11-02,627.3940476878583,2012-10-26,1,Core gradient boosting
44,8,2012-11-02,5977.959148996843,2012-10-26,1,Core gradient boosting
44,9,2012-11-02,297.74974092559137,2012-10-26,1,Core gradient boosting
44,10,2012-11-02,215.72576342839352,2012-10-26,1,Core gradient boosting
44,11,2012-11-02,605.1269545300777,2012-10-26,1,Core gradient boosting
44,12,2012-11-02,157.28483714696424,2012-10-26,1,Core gradient boosting
44,13,2012-11-02,8504.416211201975,2012-10-26,1,Core gradient boosting
44,14,2012-11-02,785.5098837807197,2012-10-26,1,Core gradient boosting
44,16,2012-11-02,651.6642173303059,2012-10-26,1,Core gradient boosting
44,17,2012-11-02,349.9465558791717,2012-10-26,1,Core gradient boosting
44,18,2012-11-02,1051.006678056024,2012-10-26,1,Core gradient boosting
44,20,2012-11-02,157.28483714696424,2012-10-26,1,Core gradient boosting
44,21,2012-11-02,735.3625425713306,2012-10-26,1,Core gradient boosting
44,23,2012-11-02,413.0563327819634,2012-10-26,1,Core gradient boosting
44,24,2012-11-02,209.73019572280242,2012-10-26,1,Core gradient boosting
44,25,2012-11-02,177.8171473167751,2012-10-26,1,Core gradient boosting
44,26,2012-11-02,239.58105953683702,2012-10-26,1,Core gradient boosting
44,27,2012-11-02,177.8171473167751,2012-10-26,1,Core gradient boosting
44,28,2012-11-02,157.28483714696424,2012-10-26,1,Core gradient boosting
44,31,2012-11-02,157.28483714696424,2012-10-26,1,Core gradient boosting
44,32,2012-11-02,205.12478632335643,2012-10-26,1,Core gradient boosting
44,33,2012-11-02,239.58105953683702,2012-10-26,1,Core gradient boosting
44,38,2012-11-02,54459.26201640101,2012-10-26,1,Core gradient boosting
44,40,2012-11-02,17381.35293490669,2012-10-26,1,Core gradient boosting
44,42,2012-11-02,157.28483714696424,2012-10-26,1,Core gradient boosting
44,46,2012-11-02,5430.187945529907,2012-10-26,1,Core gradient boosting
44,49,2012-11-02,219.04874936702618,2012-10-26,1,Core gradient boosting
44,52,2012-11-02,157.28483714696424,2012-10-26,1,Core gradient boosting
44,56,2012-11-02,229.31078105466386,2012-10-26,1,Core gradient boosting
44,60,2012-11-02,303.42733955462063,2012-10-26,1,Core gradient boosting
44,67,2012-11-02,1020.0111713383603,2012-10-26,1,Core gradient boosting
44,72,2012-11-02,590.3993963168094,2012-10-26,1,Core gradient boosting
44,74,2012-11-02,624.6232658908079,2012-10-26,1,Core gradient boosting
44,79,2012-11-02,5065.895290399772,2012-10-26,1,Core gradient boosting
44,80,2012-11-02,5651.385306217794,2012-10-26,1,Core gradient boosting
44,81,2012-11-02,8208.950260514053,2012-10-26,1,Core gradient boosting
44,82,2012-11-02,4534.326489560883,2012-10-26,1,Core gradient boosting
44,83,2012-11-02,624.6232658908079,2012-10-26,1,Core gradient boosting
44,85,2012-11-02,177.8171473167751,2012-10-26,1,Core gradient boosting
44,87,2012-11-02,382.40057600586044,2012-10-26,1,Core gradient boosting
44,90,2012-11-02,36367.285288462124,2012-10-26,1,Core gradient boosting
44,91,2012-11-02,18509.12502466015,2012-10-26,1,Core gradient boosting
44,92,2012-11-02,48779.24154153133,2012-10-26,1,Core gradient boosting
44,93,2012-11-02,12024.03936509574,2012-10-26,1,Core gradient boosting
44,94,2012-11-02,25764.49070035818,2012-10-26,1,Core gradient boosting
44,95,2012-11-02,32189.460669161897,2012-10-26,1,Core gradient boosting
44,96,2012-11-02,3272.5876752143677,2012-10-26,1,Core gradient boosting
44,97,2012-11-02,6888.837863861091,2012-10-26,1,Core gradient boosting
44,98,2012-11-02,3973.0238163836348,2012-10-26,1,Core gradient boosting
45,1,2012-11-02,36494.671441260514,2012-10-26,1,Core gradient boosting
45,2,2012-11-02,35599.04220537841,2012-10-26,1,Core gradient boosting
45,3,2012-11-02,7000.008555329369,2012-10-26,1,Core gradient boosting
45,4,2012-11-02,24944.274064924124,2012-10-26,1,Core gradient boosting
45,5,2012-11-02,15608.299529903943,2012-10-26,1,Core gradient boosting
45,6,2012-11-02,1508.1201399953309,2012-10-26,1,Core gradient boosting
45,7,2012-11-02,25415.58905524881,2012-10-26,1,Core gradient boosting
45,8,2012-11-02,37434.27086979245,2012-10-26,1,Core gradient boosting
45,9,2012-11-02,14951.517512306504,2012-10-26,1,Core gradient boosting
45,10,2012-11-02,14171.444159205295,2012-10-26,1,Core gradient boosting
45,11,2012-11-02,12182.839125152821,2012-10-26,1,Core gradient boosting
45,12,2012-11-02,3548.328591931352,2012-10-26,1,Core gradient boosting
45,13,2012-11-02,26206.295482338337,2012-10-26,1,Core gradient boosting
45,14,2012-11-02,10472.093142974047,2012-10-26,1,Core gradient boosting
45,16,2012-11-02,4568.542415941284,2012-10-26,1,Core gradient boosting
45,17,2012-11-02,10231.362894698199,2012-10-26,1,Core gradient boosting
45,18,2012-11-02,12356.263839024765,2012-10-26,1,Core gradient boosting
45,19,2012-11-02,1297.911782971648,2012-10-26,1,Core gradient boosting
45,20,2012-11-02,4078.2654905545437,2012-10-26,1,Core gradient boosting
45,21,2012-11-02,3333.541614590959,2012-10-26,1,Core gradient boosting
45,22,2012-11-02,8292.998173587157,2012-10-26,1,Core gradient boosting
45,23,2012-11-02,22875.683250011032,2012-10-26,1,Core gradient boosting
45,24,2012-11-02,6511.244337620726,2012-10-26,1,Core gradient boosting
45,25,2012-11-02,8648.943582222264,2012-10-26,1,Core gradient boosting
45,26,2012-11-02,8739.818705559466,2012-10-26,1,Core gradient boosting
45,27,2012-11-02,1400.672262724152,2012-10-26,1,Core gradient boosting
45,28,2012-11-02,870.9726149202244,2012-10-26,1,Core gradient boosting
45,29,2012-11-02,3939.648746107851,2012-10-26,1,Core gradient boosting
45,30,2012-11-02,2322.500900222711,2012-10-26,1,Core gradient boosting
45,31,2012-11-02,2837.1537599671797,2012-10-26,1,Core gradient boosting
45,32,2012-11-02,3964.154685684729,2012-10-26,1,Core gradient boosting
45,33,2012-11-02,5809.123284406332,2012-10-26,1,Core gradient boosting
45,34,2012-11-02,14090.163138950182,2012-10-26,1,Core gradient boosting
45,35,2012-11-02,1851.7431059674866,2012-10-26,1,Core gradient boosting
45,36,2012-11-02,1213.069272838957,2012-10-26,1,Core gradient boosting
45,38,2012-11-02,52105.473446319906,2012-10-26,1,Core gradient boosting
45,40,2012-11-02,38466.504712136026,2012-10-26,1,Core gradient boosting
45,41,2012-11-02,2133.7444467799055,2012-10-26,1,Core gradient boosting
45,42,2012-11-02,4821.035249936425,2012-10-26,1,Core gradient boosting
45,44,2012-11-02,3083.189681533124,2012-10-26,1,Core gradient boosting
45,46,2012-11-02,12984.954847699724,2012-10-26,1,Core gradient boosting
45,52,2012-11-02,1063.3427850355906,2012-10-26,1,Core gradient boosting
45,54,2012-11-02,206.25022801170724,2012-10-26,1,Core gradient boosting
45,55,2012-11-02,4197.727537948295,2012-10-26,1,Core gradient boosting
45,56,2012-11-02,1141.9234912424574,2012-10-26,1,Core gradient boosting
45,58,2012-11-02,1507.8632272958673,2012-10-26,1,Core gradient boosting
45,59,2012-11-02,226.78253818151808,2012-10-26,1,Core gradient boosting
45,60,2012-11-02,237.15107409406582,2012-10-26,1,Core gradient boosting
45,67,2012-11-02,5547.806489149591,2012-10-26,1,Core gradient boosting
45,71,2012-11-02,3083.1807432576747,2012-10-26,1,Core gradient boosting
45,72,2012-11-02,40156.089590392505,2012-10-26,1,Core gradient boosting
45,74,2012-11-02,9736.491116888252,2012-10-26,1,Core gradient boosting
45,79,2012-11-02,14416.64295231823,2012-10-26,1,Core gradient boosting
45,80,2012-11-02,682.8007061748647,2012-10-26,1,Core gradient boosting
45,81,2012-11-02,14619.19961076598,2012-10-26,1,Core gradient boosting
45,82,2012-11-02,16408.726950154814,2012-10-26,1,Core gradient boosting
45,83,2012-11-02,673.5886567555509,2012-10-26,1,Core gradient boosting
45,85,2012-11-02,1630.4467929583893,2012-10-26,1,Core gradient boosting
45,87,2012-11-02,8133.84992433416,2012-10-26,1,Core gradient boosting
45,90,2012-11-02,25942.490224539313,2012-10-26,1,Core gradient boosting
45,91,2012-11-02,16518.68608739859,2012-10-26,1,Core gradient boosting
45,92,2012-11-02,55046.0793009689,2012-10-26,1,Core gradient boosting
45,93,2012-11-02,2770.702068618709,2012-10-26,1,Core gradient boosting
45,94,2012-11-02,4670.902189389419,2012-10-26,1,Core gradient boosting
45,95,2012-11-02,53806.97517110763,2012-10-26,1,Core gradient boosting
45,97,2012-11-02,6733.232392317708,2012-10-26,1,Core gradient boosting
45,98,2012-11-02,801.2979585793238,2012-10-26,1,Core gradient boosting

