Store,Dept,Target_Date,Seasonal_Reference,Origin_Sales,Used_Fallback,Prediction,Origin_Date,Horizon_Weeks,Method
1,1,2013-01-25,18378.16,27390.81,False,18378.16,2012-10-26,13,Seasonal baseline
1,2,2013-01-25,41556.23,43134.88,False,41556.23,2012-10-26,13,Seasonal baseline
1,3,2013-01-25,10613.17,9350.9,False,10613.17,2012-10-26,13,Seasonal baseline
1,4,2013-01-25,33613.91,36292.6,False,33613.91,2012-10-26,13,Seasonal baseline
1,5,2013-01-25,21376.42,25846.94,False,21376.42,2012-10-26,13,Seasonal baseline
1,6,2013-01-25,1649.4,4032.5,False,1649.4,2012-10-26,13,Seasonal baseline
1,7,2013-01-25,11228.15,21449.85,False,11228.15,2012-10-26,13,Seasonal baseline
1,8,2013-01-25,34644.25,39255.35,False,34644.25,2012-10-26,13,Seasonal baseline
1,9,2013-01-25,14728.57,41040.84,False,14728.57,2012-10-26,13,Seasonal baseline
1,10,2013-01-25,23650.22,26285.27,False,23650.22,2012-10-26,13,Seasonal baseline
1,11,2013-01-25,17860.35,22399.83,False,17860.35,2012-10-26,13,Seasonal baseline
1,12,2013-01-25,8229.77,8658.41,False,8229.77,2012-10-26,13,Seasonal baseline
1,13,2013-01-25,34312.26,38512.48,False,34312.26,2012-10-26,13,Seasonal baseline
1,14,2013-01-25,12684.05,11150.0,False,12684.05,2012-10-26,13,Seasonal baseline
1,16,2013-01-25,6108.82,9934.63,False,6108.82,2012-10-26,13,Seasonal baseline
1,17,2013-01-25,7237.41,7640.92,False,7237.41,2012-10-26,13,Seasonal baseline
1,18,2013-01-25,1842.47,17934.28,False,1842.47,2012-10-26,13,Seasonal baseline
1,19,2013-01-25,720.98,1640.81,False,720.98,2012-10-26,13,Seasonal baseline
1,20,2013-01-25,3364.8,2680.53,False,3364.8,2012-10-26,13,Seasonal baseline
1,21,2013-01-25,6843.13,8194.63,False,6843.13,2012-10-26,13,Seasonal baseline
1,22,2013-01-25,5593.64,8236.88,False,5593.64,2012-10-26,13,Seasonal baseline
1,23,2013-01-25,13690.78,21460.58,False,13690.78,2012-10-26,13,Seasonal baseline
1,24,2013-01-25,3534.93,7106.74,False,3534.93,2012-10-26,13,Seasonal baseline
1,25,2013-01-25,6350.26,11066.13,False,6350.26,2012-10-26,13,Seasonal baseline
1,26,2013-01-25,4667.16,7412.16,False,4667.16,2012-10-26,13,Seasonal baseline
1,27,2013-01-25,966.46,1712.02,False,966.46,2012-10-26,13,Seasonal baseline
1,28,2013-01-25,641.94,742.48,False,641.94,2012-10-26,13,Seasonal baseline
1,29,2013-01-25,3510.94,4077.2,False,3510.94,2012-10-26,13,Seasonal baseline
1,30,2013-01-25,2507.48,2830.48,False,2507.48,2012-10-26,13,Seasonal baseline
1,31,2013-01-25,1571.13,1413.51,False,1571.13,2012-10-26,13,Seasonal baseline
1,32,2013-01-25,5637.52,5918.47,False,5637.52,2012-10-26,13,Seasonal baseline
1,33,2013-01-25,2350.29,6313.48,False,2350.29,2012-10-26,13,Seasonal baseline
1,34,2013-01-25,7885.38,9972.0,False,7885.38,2012-10-26,13,Seasonal baseline
1,35,2013-01-25,1410.49,1459.47,False,1410.49,2012-10-26,13,Seasonal baseline
1,36,2013-01-25,507.34,1156.34,False,507.34,2012-10-26,13,Seasonal baseline
1,37,2013-01-25,1943.14,2566.42,False,1943.14,2012-10-26,13,Seasonal baseline
1,38,2013-01-25,67827.4,66526.76,False,67827.4,2012-10-26,13,Seasonal baseline
1,40,2013-01-25,55272.9,59287.86,False,55272.9,2012-10-26,13,Seasonal baseline
1,41,2013-01-25,163.37,1784.96,False,163.37,2012-10-26,13,Seasonal baseline
1,42,2013-01-25,6961.76,6786.97,False,6961.76,2012-10-26,13,Seasonal baseline
1,44,2013-01-25,4480.61,6593.58,False,4480.61,2012-10-26,13,Seasonal baseline
1,45,2013-01-25,,20.94,True,20.94,2012-10-26,13,Seasonal baseline
1,46,2013-01-25,16964.23,17950.88,False,16964.23,2012-10-26,13,Seasonal baseline
1,48,2013-01-25,1008.0,3341.0,False,1008.0,2012-10-26,13,Seasonal baseline
1,49,2013-01-25,10203.51,8775.52,False,10203.51,2012-10-26,13,Seasonal baseline
1,52,2013-01-25,1888.9,2530.51,False,1888.9,2012-10-26,13,Seasonal baseline
1,54,2013-01-25,,4.88,True,4.88,2012-10-26,13,Seasonal baseline
1,55,2013-01-25,8142.7,10200.84,False,8142.7,2012-10-26,13,Seasonal baseline
1,56,2013-01-25,1438.75,882.69,False,1438.75,2012-10-26,13,Seasonal baseline
1,58,2013-01-25,2315.0,5295.0,False,2315.0,2012-10-26,13,Seasonal baseline
1,59,2013-01-25,225.3,208.89,False,225.3,2012-10-26,13,Seasonal baseline
1,60,2013-01-25,827.2,918.0,False,827.2,2012-10-26,13,Seasonal baseline
1,67,2013-01-25,5107.73,7319.25,False,5107.73,2012-10-26,13,Seasonal baseline
1,71,2013-01-25,2121.3,1370.83,False,2121.3,2012-10-26,13,Seasonal baseline
1,72,2013-01-25,43660.6,35282.73,False,43660.6,2012-10-26,13,Seasonal baseline
1,74,2013-01-25,8548.08,7986.96,False,8548.08,2012-10-26,13,Seasonal baseline
1,79,2013-01-25,28937.93,29294.29,False,28937.93,2012-10-26,13,Seasonal baseline
1,80,2013-01-25,16269.33,17918.31,False,16269.33,2012-10-26,13,Seasonal baseline
1,81,2013-01-25,28130.16,29107.55,False,28130.16,2012-10-26,13,Seasonal baseline
1,82,2013-01-25,16034.0,19702.26,False,16034.0,2012-10-26,13,Seasonal baseline
1,83,2013-01-25,4912.58,4912.05,False,4912.58,2012-10-26,13,Seasonal baseline
1,85,2013-01-25,2461.93,3818.23,False,2461.93,2012-10-26,13,Seasonal baseline
1,87,2013-01-25,45365.88,51212.09,False,45365.88,2012-10-26,13,Seasonal baseline
1,90,2013-01-25,81580.99,84064.59,False,81580.99,2012-10-26,13,Seasonal baseline
1,91,2013-01-25,59013.67,55472.46,False,59013.67,2012-10-26,13,Seasonal baseline
1,92,2013-01-25,128946.7,132155.74,False,128946.7,2012-10-26,13,Seasonal baseline
1,93,2013-01-25,63776.99,66622.89,False,63776.99,2012-10-26,13,Seasonal baseline
1,94,2013-01-25,58956.82,60278.73,False,58956.82,2012-10-26,13,Seasonal baseline
1,95,2013-01-25,102202.04,117375.38,False,102202.04,2012-10-26,13,Seasonal baseline
1,96,2013-01-25,31542.9,36851.92,False,31542.9,2012-10-26,13,Seasonal baseline
1,97,2013-01-25,29976.37,32830.52,False,29976.37,2012-10-26,13,Seasonal baseline
1,98,2013-01-25,10648.56,12702.86,False,10648.56,2012-10-26,13,Seasonal baseline
2,1,2013-01-25,22833.08,41615.24,False,22833.08,2012-10-26,13,Seasonal baseline
2,2,2013-01-25,58151.34,62475.44,False,58151.34,2012-10-26,13,Seasonal baseline
2,3,2013-01-25,15066.45,10731.67,False,15066.45,2012-10-26,13,Seasonal baseline
2,4,2013-01-25,40933.71,46098.84,False,40933.71,2012-10-26,13,Seasonal baseline
2,5,2013-01-25,25254.46,30891.9,False,25254.46,2012-10-26,13,Seasonal baseline
2,6,2013-01-25,5038.36,5253.54,False,5038.36,2012-10-26,13,Seasonal baseline
2,7,2013-01-25,18248.43,37302.54,False,18248.43,2012-10-26,13,Seasonal baseline
2,8,2013-01-25,55483.3,63992.36,False,55483.3,2012-10-26,13,Seasonal baseline
2,9,2013-01-25,21078.2,34790.0,False,21078.2,2012-10-26,13,Seasonal baseline
2,10,2013-01-25,29219.57,34260.76,False,29219.57,2012-10-26,13,Seasonal baseline
2,11,2013-01-25,23482.78,21167.76,False,23482.78,2012-10-26,13,Seasonal baseline
2,12,2013-01-25,6952.79,8060.19,False,6952.79,2012-10-26,13,Seasonal baseline
2,13,2013-01-25,42017.51,47892.06,False,42017.51,2012-10-26,13,Seasonal baseline
2,14,2013-01-25,19828.28,18348.17,False,19828.28,2012-10-26,13,Seasonal baseline
2,16,2013-01-25,6766.53,7487.94,False,6766.53,2012-10-26,13,Seasonal baseline
2,17,2013-01-25,12628.27,12016.19,False,12628.27,2012-10-26,13,Seasonal baseline
2,18,2013-01-25,2345.21,26085.43,False,2345.21,2012-10-26,13,Seasonal baseline
2,19,2013-01-25,2721.4,4315.0,False,2721.4,2012-10-26,13,Seasonal baseline
2,20,2013-01-25,4868.72,3690.65,False,4868.72,2012-10-26,13,Seasonal baseline
2,21,2013-01-25,7767.15,7985.45,False,7767.15,2012-10-26,13,Seasonal baseline
2,22,2013-01-25,13919.73,13208.75,False,13919.73,2012-10-26,13,Seasonal baseline
2,23,2013-01-25,19032.57,26574.0,False,19032.57,2012-10-26,13,Seasonal baseline
2,24,2013-01-25,4313.9,7820.52,False,4313.9,2012-10-26,13,Seasonal baseline
2,25,2013-01-25,9977.79,12962.63,False,9977.79,2012-10-26,13,Seasonal baseline
2,26,2013-01-25,5831.27,9258.88,False,5831.27,2012-10-26,13,Seasonal baseline
2,27,2013-01-25,1731.93,2105.89,False,1731.93,2012-10-26,13,Seasonal baseline
2,28,2013-01-25,900.94,1025.47,False,900.94,2012-10-26,13,Seasonal baseline
2,29,2013-01-25,5831.56,5563.13,False,5831.56,2012-10-26,13,Seasonal baseline
2,30,2013-01-25,3680.4,3869.88,False,3680.4,2012-10-26,13,Seasonal baseline
2,31,2013-01-25,3095.22,3263.14,False,3095.22,2012-10-26,13,Seasonal baseline
2,32,2013-01-25,8173.39,7406.89,False,8173.39,2012-10-26,13,Seasonal baseline
2,33,2013-01-25,3266.48,6969.78,False,3266.48,2012-10-26,13,Seasonal baseline
2,34,2013-01-25,10999.44,16047.51,False,10999.44,2012-10-26,13,Seasonal baseline
2,35,2013-01-25,3162.24,2671.37,False,3162.24,2012-10-26,13,Seasonal baseline
2,36,2013-01-25,815.37,1033.32,False,815.37,2012-10-26,13,Seasonal baseline
2,37,2013-01-25,4172.6,3999.22,False,4172.6,2012-10-26,13,Seasonal baseline
2,38,2013-01-25,80493.1,70757.72,False,80493.1,2012-10-26,13,Seasonal baseline
2,40,2013-01-25,76568.94,77608.73,False,76568.94,2012-10-26,13,Seasonal baseline
2,41,2013-01-25,687.0,1934.51,False,687.0,2012-10-26,13,Seasonal baseline
2,42,2013-01-25,7766.11,8658.25,False,7766.11,2012-10-26,13,Seasonal baseline
2,44,2013-01-25,6550.52,11080.74,False,6550.52,2012-10-26,13,Seasonal baseline
2,46,2013-01-25,24409.99,26984.28,False,24409.99,2012-10-26,13,Seasonal baseline
2,48,2013-01-25,397.0,1420.0,False,397.0,2012-10-26,13,Seasonal baseline
2,49,2013-01-25,14359.17,12565.94,False,14359.17,2012-10-26,13,Seasonal baseline
2,52,2013-01-25,3561.4,3589.04,False,3561.4,2012-10-26,13,Seasonal baseline
2,54,2013-01-25,40.76,23.92,False,40.76,2012-10-26,13,Seasonal baseline
2,55,2013-01-25,8771.41,11189.37,False,8771.41,2012-10-26,13,Seasonal baseline
2,56,2013-01-25,1780.27,707.65,False,1780.27,2012-10-26,13,Seasonal baseline
2,58,2013-01-25,21205.0,25000.0,False,21205.0,2012-10-26,13,Seasonal baseline
2,59,2013-01-25,377.26,287.25,False,377.26,2012-10-26,13,Seasonal baseline
2,60,2013-01-25,275.0,261.0,False,275.0,2012-10-26,13,Seasonal baseline
2,67,2013-01-25,9179.87,10224.32,False,9179.87,2012-10-26,13,Seasonal baseline
2,71,2013-01-25,4533.07,3588.43,False,4533.07,2012-10-26,13,Seasonal baseline
2,72,2013-01-25,68331.35,48941.21,False,68331.35,2012-10-26,13,Seasonal baseline
2,74,2013-01-25,17211.63,14547.62,False,17211.63,2012-10-26,13,Seasonal baseline
2,79,2013-01-25,25609.24,28451.69,False,25609.24,2012-10-26,13,Seasonal baseline
2,80,2013-01-25,23876.24,25410.09,False,23876.24,2012-10-26,13,Seasonal baseline
2,81,2013-01-25,29247.34,29040.96,False,29247.34,2012-10-26,13,Seasonal baseline
2,82,2013-01-25,21186.69,24997.37,False,21186.69,2012-10-26,13,Seasonal baseline
2,83,2013-01-25,5993.67,4489.72,False,5993.67,2012-10-26,13,Seasonal baseline
2,85,2013-01-25,2386.87,3298.84,False,2386.87,2012-10-26,13,Seasonal baseline
2,87,2013-01-25,27403.39,21623.54,False,27403.39,2012-10-26,13,Seasonal baseline
2,90,2013-01-25,96035.73,100544.64,False,96035.73,2012-10-26,13,Seasonal baseline
2,91,2013-01-25,75421.58,75329.8,False,75421.58,2012-10-26,13,Seasonal baseline
2,92,2013-01-25,160379.95,169784.13,False,160379.95,2012-10-26,13,Seasonal baseline
2,93,2013-01-25,63920.03,71383.59,False,63920.03,2012-10-26,13,Seasonal baseline
2,94,2013-01-25,63121.47,71138.52,False,63121.47,2012-10-26,13,Seasonal baseline
2,95,2013-01-25,124814.6,138018.99,False,124814.6,2012-10-26,13,Seasonal baseline
2,96,2013-01-25,27820.39,38391.46,False,27820.39,2012-10-26,13,Seasonal baseline
2,97,2013-01-25,36145.87,40710.09,False,36145.87,2012-10-26,13,Seasonal baseline
2,98,2013-01-25,11443.39,14233.43,False,11443.39,2012-10-26,13,Seasonal baseline
3,1,2013-01-25,8381.18,11351.24,False,8381.18,2012-10-26,13,Seasonal baseline
3,2,2013-01-25,16162.75,18894.7,False,16162.75,2012-10-26,13,Seasonal baseline
3,3,2013-01-25,5292.39,4730.72,False,5292.39,2012-10-26,13,Seasonal baseline
3,4,2013-01-25,8146.3,8459.82,False,8146.3,2012-10-26,13,Seasonal baseline
3,5,2013-01-25,10875.52,15307.6,False,10875.52,2012-10-26,13,Seasonal baseline
3,6,2013-01-25,991.46,1435.94,False,991.46,2012-10-26,13,Seasonal baseline
3,7,2013-01-25,7535.97,7749.8,False,7535.97,2012-10-26,13,Seasonal baseline
3,8,2013-01-25,7781.61,8495.07,False,7781.61,2012-10-26,13,Seasonal baseline
3,9,2013-01-25,6959.88,9582.02,False,6959.88,2012-10-26,13,Seasonal baseline
3,10,2013-01-25,10197.43,14112.99,False,10197.43,2012-10-26,13,Seasonal baseline
3,11,2013-01-25,6003.95,9291.66,False,6003.95,2012-10-26,13,Seasonal baseline
3,12,2013-01-25,1880.85,2648.01,False,1880.85,2012-10-26,13,Seasonal baseline
3,13,2013-01-25,11062.34,11696.34,False,11062.34,2012-10-26,13,Seasonal baseline
3,14,2013-01-25,3981.7,4716.3,False,3981.7,2012-10-26,13,Seasonal baseline
3,16,2013-01-25,4492.5,3285.67,False,4492.5,2012-10-26,13,Seasonal baseline
3,17,2013-01-25,2042.15,2634.51,False,2042.15,2012-10-26,13,Seasonal baseline
3,18,2013-01-25,693.73,5104.31,False,693.73,2012-10-26,13,Seasonal baseline
3,19,2013-01-25,375.1,738.87,False,375.1,2012-10-26,13,Seasonal baseline
3,20,2013-01-25,2452.99,1601.47,False,2452.99,2012-10-26,13,Seasonal baseline
3,21,2013-01-25,1157.86,1223.23,False,1157.86,2012-10-26,13,Seasonal baseline
3,22,2013-01-25,3680.23,4748.81,False,3680.23,2012-10-26,13,Seasonal baseline
3,23,2013-01-25,8131.22,17384.54,False,8131.22,2012-10-26,13,Seasonal baseline
3,24,2013-01-25,1679.86,3281.16,False,1679.86,2012-10-26,13,Seasonal baseline
3,25,2013-01-25,3630.44,5134.03,False,3630.44,2012-10-26,13,Seasonal baseline
3,26,2013-01-25,2650.3,3295.95,False,2650.3,2012-10-26,13,Seasonal baseline
3,27,2013-01-25,421.37,351.49,False,421.37,2012-10-26,13,Seasonal baseline
3,28,2013-01-25,117.88,151.69,False,117.88,2012-10-26,13,Seasonal baseline
3,29,2013-01-25,926.76,1423.02,False,926.76,2012-10-26,13,Seasonal baseline
3,30,2013-01-25,897.26,1104.44,False,897.26,2012-10-26,13,Seasonal baseline
3,31,2013-01-25,611.52,882.66,False,611.52,2012-10-26,13,Seasonal baseline
3,32,2013-01-25,3970.52,3405.21,False,3970.52,2012-10-26,13,Seasonal baseline
3,33,2013-01-25,2356.53,3236.91,False,2356.53,2012-10-26,13,Seasonal baseline
3,34,2013-01-25,3176.09,4667.42,False,3176.09,2012-10-26,13,Seasonal baseline
3,35,2013-01-25,1155.53,559.07,False,1155.53,2012-10-26,13,Seasonal baseline
3,36,2013-01-25,73.97,650.24,False,73.97,2012-10-26,13,Seasonal baseline
3,38,2013-01-25,87145.69,83489.04,False,87145.69,2012-10-26,13,Seasonal baseline
3,40,2013-01-25,19565.38,20235.51,False,19565.38,2012-10-26,13,Seasonal baseline
3,41,2013-01-25,166.0,658.2,False,166.0,2012-10-26,13,Seasonal baseline
3,42,2013-01-25,4490.51,5582.25,False,4490.51,2012-10-26,13,Seasonal baseline
3,44,2013-01-25,1987.36,2981.53,False,1987.36,2012-10-26,13,Seasonal baseline
3,46,2013-01-25,5685.73,6332.3,False,5685.73,2012-10-26,13,Seasonal baseline
3,49,2013-01-25,11.88,11.88,False,11.88,2012-10-26,13,Seasonal baseline
3,52,2013-01-25,1073.16,1245.77,False,1073.16,2012-10-26,13,Seasonal baseline
3,54,2013-01-25,103.84,23.92,False,103.84,2012-10-26,13,Seasonal baseline
3,55,2013-01-25,5805.3,6525.8,False,5805.3,2012-10-26,13,Seasonal baseline
3,56,2013-01-25,377.64,312.62,False,377.64,2012-10-26,13,Seasonal baseline
3,59,2013-01-25,,20.0,True,20.0,2012-10-26,13,Seasonal baseline
3,60,2013-01-25,123.2,126.0,False,123.2,2012-10-26,13,Seasonal baseline
3,67,2013-01-25,1528.88,2053.75,False,1528.88,2012-10-26,13,Seasonal baseline
3,71,2013-01-25,933.48,1107.68,False,933.48,2012-10-26,13,Seasonal baseline
3,72,2013-01-25,22123.09,23994.26,False,22123.09,2012-10-26,13,Seasonal baseline
3,74,2013-01-25,3798.21,3370.19,False,3798.21,2012-10-26,13,Seasonal baseline
3,79,2013-01-25,6893.02,7512.73,False,6893.02,2012-10-26,13,Seasonal baseline
3,81,2013-01-25,1777.18,1863.23,False,1777.18,2012-10-26,13,Seasonal baseline
3,82,2013-01-25,5965.76,8566.11,False,5965.76,2012-10-26,13,Seasonal baseline
3,85,2013-01-25,989.58,345.44,False,989.58,2012-10-26,13,Seasonal baseline
3,87,2013-01-25,1371.67,900.85,False,1371.67,2012-10-26,13,Seasonal baseline
3,90,2013-01-25,1860.11,1868.32,False,1860.11,2012-10-26,13,Seasonal baseline
3,91,2013-01-25,167.72,376.04,False,167.72,2012-10-26,13,Seasonal baseline
3,92,2013-01-25,8102.61,9835.2,False,8102.61,2012-10-26,13,Seasonal baseline
3,94,2013-01-25,130.0,313.78,False,130.0,2012-10-26,13,Seasonal baseline
3,95,2013-01-25,14176.62,17210.73,False,14176.62,2012-10-26,13,Seasonal baseline
3,96,2013-01-25,2858.02,4654.4,False,2858.02,2012-10-26,13,Seasonal baseline
3,97,2013-01-25,353.32,578.26,False,353.32,2012-10-26,13,Seasonal baseline
4,1,2013-01-25,31549.81,57046.29,False,31549.81,2012-10-26,13,Seasonal baseline
4,2,2013-01-25,90813.61,93534.21,False,90813.61,2012-10-26,13,Seasonal baseline
4,3,2013-01-25,16699.5,12439.1,False,16699.5,2012-10-26,13,Seasonal baseline
4,4,2013-01-25,57041.93,57973.13,False,57041.93,2012-10-26,13,Seasonal baseline
4,5,2013-01-25,37089.67,46483.6,False,37089.67,2012-10-26,13,Seasonal baseline
4,6,2013-01-25,3572.06,6946.58,False,3572.06,2012-10-26,13,Seasonal baseline
4,7,2013-01-25,28409.3,47321.62,False,28409.3,2012-10-26,13,Seasonal baseline
4,8,2013-01-25,59773.23,60917.72,False,59773.23,2012-10-26,13,Seasonal baseline
4,9,2013-01-25,21564.61,37348.62,False,21564.61,2012-10-26,13,Seasonal baseline
4,10,2013-01-25,31452.5,37702.39,False,31452.5,2012-10-26,13,Seasonal baseline
4,11,2013-01-25,20523.55,21888.0,False,20523.55,2012-10-26,13,Seasonal baseline
4,12,2013-01-25,7003.02,8596.08,False,7003.02,2012-10-26,13,Seasonal baseline
4,13,2013-01-25,68800.08,72740.81,False,68800.08,2012-10-26,13,Seasonal baseline
4,14,2013-01-25,25367.51,28140.66,False,25367.51,2012-10-26,13,Seasonal baseline
4,16,2013-01-25,4920.43,6417.47,False,4920.43,2012-10-26,13,Seasonal baseline
4,17,2013-01-25,13047.46,15785.97,False,13047.46,2012-10-26,13,Seasonal baseline
4,18,2013-01-25,6774.86,38632.24,False,6774.86,2012-10-26,13,Seasonal baseline
4,19,2013-01-25,2716.76,3158.32,False,2716.76,2012-10-26,13,Seasonal baseline
4,20,2013-01-25,8460.18,7867.74,False,8460.18,2012-10-26,13,Seasonal baseline
4,21,2013-01-25,6836.31,7540.82,False,6836.31,2012-10-26,13,Seasonal baseline
4,22,2013-01-25,14750.91,18871.34,False,14750.91,2012-10-26,13,Seasonal baseline
4,23,2013-01-25,34964.07,53980.64,False,34964.07,2012-10-26,13,Seasonal baseline
4,24,2013-01-25,6677.07,12399.01,False,6677.07,2012-10-26,13,Seasonal baseline
4,25,2013-01-25,9860.88,15215.65,False,9860.88,2012-10-26,13,Seasonal baseline
4,26,2013-01-25,15802.37,24575.8,False,15802.37,2012-10-26,13,Seasonal baseline
4,27,2013-01-25,2349.22,3477.66,False,2349.22,2012-10-26,13,Seasonal baseline
4,28,2013-01-25,995.29,1393.97,False,995.29,2012-10-26,13,Seasonal baseline
4,29,2013-01-25,8860.17,10045.1,False,8860.17,2012-10-26,13,Seasonal baseline
4,30,2013-01-25,6469.92,6384.78,False,6469.92,2012-10-26,13,Seasonal baseline
4,31,2013-01-25,2009.26,3792.3,False,2009.26,2012-10-26,13,Seasonal baseline
4,32,2013-01-25,6964.24,10943.59,False,6964.24,2012-10-26,13,Seasonal baseline
4,33,2013-01-25,6802.95,13781.67,False,6802.95,2012-10-26,13,Seasonal baseline
4,34,2013-01-25,18841.28,29227.24,False,18841.28,2012-10-26,13,Seasonal baseline
4,35,2013-01-25,3453.43,3804.5,False,3453.43,2012-10-26,13,Seasonal baseline
4,36,2013-01-25,798.89,3298.92,False,798.89,2012-10-26,13,Seasonal baseline
4,37,2013-01-25,3757.73,3220.47,False,3757.73,2012-10-26,13,Seasonal baseline
4,38,2013-01-25,96083.23,78355.42,False,96083.23,2012-10-26,13,Seasonal baseline
4,40,2013-01-25,82450.27,82878.16,False,82450.27,2012-10-26,13,Seasonal baseline
4,41,2013-01-25,193.09,1709.26,False,193.09,2012-10-26,13,Seasonal baseline
4,42,2013-01-25,10700.26,10437.18,False,10700.26,2012-10-26,13,Seasonal baseline
4,44,2013-01-25,5094.56,7605.63,False,5094.56,2012-10-26,13,Seasonal baseline
4,45,2013-01-25,,10.47,True,10.47,2012-10-26,13,Seasonal baseline
4,46,2013-01-25,35262.88,33199.8,False,35262.88,2012-10-26,13,Seasonal baseline
4,48,2013-01-25,1392.03,3740.0,False,1392.03,2012-10-26,13,Seasonal baseline
4,49,2013-01-25,5411.98,6369.4,False,5411.98,2012-10-26,13,Seasonal baseline
4,52,2013-01-25,3414.53,3970.26,False,3414.53,2012-10-26,13,Seasonal baseline
4,54,2013-01-25,14.24,20.52,False,14.24,2012-10-26,13,Seasonal baseline
4,55,2013-01-25,13220.91,15844.67,False,13220.91,2012-10-26,13,Seasonal baseline
4,56,2013-01-25,988.73,567.52,False,988.73,2012-10-26,13,Seasonal baseline
4,58,2013-01-25,2900.0,5915.0,False,2900.0,2012-10-26,13,Seasonal baseline
4,59,2013-01-25,377.37,399.8,False,377.37,2012-10-26,13,Seasonal baseline
4,60,2013-01-25,367.0,414.0,False,367.0,2012-10-26,13,Seasonal baseline
4,67,2013-01-25,11298.56,10897.73,False,11298.56,2012-10-26,13,Seasonal baseline
4,71,2013-01-25,7085.74,6045.67,False,7085.74,2012-10-26,13,Seasonal baseline
4,72,2013-01-25,104920.47,90201.62,False,104920.47,2012-10-26,13,Seasonal baseline
4,74,2013-01-25,19049.16,17083.48,False,19049.16,2012-10-26,13,Seasonal baseline
4,79,2013-01-25,50912.17,55143.62,False,50912.17,2012-10-26,13,Seasonal baseline
4,80,2013-01-25,20347.41,18631.04,False,20347.41,2012-10-26,13,Seasonal baseline
4,81,2013-01-25,31474.61,32237.17,False,31474.61,2012-10-26,13,Seasonal baseline
4,82,2013-01-25,25648.89,31562.47,False,25648.89,2012-10-26,13,Seasonal baseline
4,83,2013-01-25,9474.99,8801.25,False,9474.99,2012-10-26,13,Seasonal baseline
4,85,2013-01-25,2384.55,1762.15,False,2384.55,2012-10-26,13,Seasonal baseline
4,87,2013-01-25,12485.48,16521.28,False,12485.48,2012-10-26,13,Seasonal baseline
4,90,2013-01-25,90760.66,94014.08,False,90760.66,2012-10-26,13,Seasonal baseline
4,91,2013-01-25,66880.28,64274.43,False,66880.28,2012-10-26,13,Seasonal baseline
4,92,2013-01-25,166185.52,164891.82,False,166185.52,2012-10-26,13,Seasonal baseline
4,93,2013-01-25,67717.01,72324.59,False,67717.01,2012-10-26,13,Seasonal baseline
4,94,2013-01-25,67861.2,76523.09,False,67861.2,2012-10-26,13,Seasonal baseline
4,95,2013-01-25,140563.26,145803.47,False,140563.26,2012-10-26,13,Seasonal baseline
4,96,2013-01-25,39022.29,48394.57,False,39022.29,2012-10-26,13,Seasonal baseline
4,97,2013-01-25,36706.35,40973.69,False,36706.35,2012-10-26,13,Seasonal baseline
4,98,2013-01-25,14121.77,19176.14,False,14121.77,2012-10-26,13,Seasonal baseline
5,1,2013-01-25,9485.99,12774.47,False,9485.99,2012-10-26,13,Seasonal baseline
5,2,2013-01-25,11466.29,11523.89,False,11466.29,2012-10-26,13,Seasonal baseline
5,3,2013-01-25,4069.05,3459.89,False,4069.05,2012-10-26,13,Seasonal baseline
5,4,2013-01-25,9608.85,10036.57,False,9608.85,2012-10-26,13,Seasonal baseline
5,5,2013-01-25,5706.24,6342.69,False,5706.24,2012-10-26,13,Seasonal baseline
5,6,2013-01-25,576.54,685.48,False,576.54,2012-10-26,13,Seasonal baseline
5,7,2013-01-25,4039.74,5418.2,False,4039.74,2012-10-26,13,Seasonal baseline
5,8,2013-01-25,12411.21,14511.19,False,12411.21,2012-10-26,13,Seasonal baseline
5,9,2013-01-25,5466.14,8775.95,False,5466.14,2012-10-26,13,Seasonal baseline
5,10,2013-01-25,7282.49,8693.19,False,7282.49,2012-10-26,13,Seasonal baseline
5,11,2013-01-25,6329.15,6741.12,False,6329.15,2012-10-26,13,Seasonal baseline
5,12,2013-01-25,2449.56,3260.71,False,2449.56,2012-10-26,13,Seasonal baseline
5,13,2013-01-25,10529.95,11306.03,False,10529.95,2012-10-26,13,Seasonal baseline
5,14,2013-01-25,3333.47,3111.77,False,3333.47,2012-10-26,13,Seasonal baseline
5,16,2013-01-25,3518.61,4832.89,False,3518.61,2012-10-26,13,Seasonal baseline
5,17,2013-01-25,1995.89,2207.36,False,1995.89,2012-10-26,13,Seasonal baseline
5,18,2013-01-25,675.73,3362.24,False,675.73,2012-10-26,13,Seasonal baseline
5,19,2013-01-25,17.0,32.88,False,17.0,2012-10-26,13,Seasonal baseline
5,20,2013-01-25,1236.3,789.34,False,1236.3,2012-10-26,13,Seasonal baseline
5,21,2013-01-25,1082.31,1398.88,False,1082.31,2012-10-26,13,Seasonal baseline
5,22,2013-01-25,1865.84,2591.63,False,1865.84,2012-10-26,13,Seasonal baseline
5,23,2013-01-25,4644.72,6042.15,False,4644.72,2012-10-26,13,Seasonal baseline
5,24,2013-01-25,915.75,1493.12,False,915.75,2012-10-26,13,Seasonal baseline
5,25,2013-01-25,2364.1,2483.26,False,2364.1,2012-10-26,13,Seasonal baseline
5,26,2013-01-25,1522.75,1397.08,False,1522.75,2012-10-26,13,Seasonal baseline
5,27,2013-01-25,408.29,445.62,False,408.29,2012-10-26,13,Seasonal baseline
5,28,2013-01-25,236.93,245.31,False,236.93,2012-10-26,13,Seasonal baseline
5,29,2013-01-25,935.01,1029.9,False,935.01,2012-10-26,13,Seasonal baseline
5,30,2013-01-25,604.18,696.16,False,604.18,2012-10-26,13,Seasonal baseline
5,31,2013-01-25,570.51,652.22,False,570.51,2012-10-26,13,Seasonal baseline
5,32,2013-01-25,1296.57,1853.03,False,1296.57,2012-10-26,13,Seasonal baseline
5,33,2013-01-25,1010.6,1423.47,False,1010.6,2012-10-26,13,Seasonal baseline
5,34,2013-01-25,2384.89,3200.56,False,2384.89,2012-10-26,13,Seasonal baseline
5,35,2013-01-25,672.18,248.91,False,672.18,2012-10-26,13,Seasonal baseline
5,36,2013-01-25,103.88,370.04,False,103.88,2012-10-26,13,Seasonal baseline
5,38,2013-01-25,66385.54,56913.22,False,66385.54,2012-10-26,13,Seasonal baseline
5,40,2013-01-25,20860.92,19823.71,False,20860.92,2012-10-26,13,Seasonal baseline
5,41,2013-01-25,517.0,1417.52,False,517.0,2012-10-26,13,Seasonal baseline
5,42,2013-01-25,3050.92,3132.88,False,3050.92,2012-10-26,13,Seasonal baseline
5,44,2013-01-25,1613.62,1512.75,False,1613.62,2012-10-26,13,Seasonal baseline
5,46,2013-01-25,4101.09,4210.79,False,4101.09,2012-10-26,13,Seasonal baseline
5,52,2013-01-25,403.29,420.42,False,403.29,2012-10-26,13,Seasonal baseline
5,55,2013-01-25,2378.88,3448.15,False,2378.88,2012-10-26,13,Seasonal baseline
5,56,2013-01-25,836.54,502.09,False,836.54,2012-10-26,13,Seasonal baseline
5,58,2013-01-25,410.0,3370.0,False,410.0,2012-10-26,13,Seasonal baseline
5,60,2013-01-25,170.2,189.0,False,170.2,2012-10-26,13,Seasonal baseline
5,67,2013-01-25,2407.57,2893.37,False,2407.57,2012-10-26,13,Seasonal baseline
5,71,2013-01-25,374.08,478.8,False,374.08,2012-10-26,13,Seasonal baseline
5,72,2013-01-25,7693.53,9271.21,False,7693.53,2012-10-26,13,Seasonal baseline
5,74,2013-01-25,3320.59,2850.52,False,3320.59,2012-10-26,13,Seasonal baseline
5,79,2013-01-25,5010.64,4824.24,False,5010.64,2012-10-26,13,Seasonal baseline
5,81,2013-01-25,2833.22,2771.12,False,2833.22,2012-10-26,13,Seasonal baseline
5,82,2013-01-25,3754.97,4288.31,False,3754.97,2012-10-26,13,Seasonal baseline
5,85,2013-01-25,772.34,626.58,False,772.34,2012-10-26,13,Seasonal baseline
5,87,2013-01-25,10552.85,9987.23,False,10552.85,2012-10-26,13,Seasonal baseline
5,90,2013-01-25,3524.74,3309.21,False,3524.74,2012-10-26,13,Seasonal baseline
5,91,2013-01-25,1350.09,1422.07,False,1350.09,2012-10-26,13,Seasonal baseline
5,92,2013-01-25,8440.02,9243.53,False,8440.02,2012-10-26,13,Seasonal baseline
5,94,2013-01-25,32.98,310.04,False,32.98,2012-10-26,13,Seasonal baseline
5,95,2013-01-25,17561.29,19630.59,False,17561.29,2012-10-26,13,Seasonal baseline
5,96,2013-01-25,6012.67,8704.87,False,6012.67,2012-10-26,13,Seasonal baseline
5,97,2013-01-25,709.0,561.35,False,709.0,2012-10-26,13,Seasonal baseline
6,1,2013-01-25,19393.16,30579.35,False,19393.16,2012-10-26,13,Seasonal baseline
6,2,2013-01-25,43223.83,46877.87,False,43223.83,2012-10-26,13,Seasonal baseline
6,3,2013-01-25,13016.49,11131.34,False,13016.49,2012-10-26,13,Seasonal baseline
6,4,2013-01-25,31501.14,31369.59,False,31501.14,2012-10-26,13,Seasonal baseline
6,5,2013-01-25,26385.94,29279.52,False,26385.94,2012-10-26,13,Seasonal baseline
6,6,2013-01-25,3934.68,3638.53,False,3934.68,2012-10-26,13,Seasonal baseline
6,7,2013-01-25,15775.23,22943.1,False,15775.23,2012-10-26,13,Seasonal baseline
6,8,2013-01-25,43282.87,48648.83,False,43282.87,2012-10-26,13,Seasonal baseline
6,9,2013-01-25,25213.28,46317.01,False,25213.28,2012-10-26,13,Seasonal baseline
6,10,2013-01-25,35882.41,43664.52,False,35882.41,2012-10-26,13,Seasonal baseline
6,11,2013-01-25,17037.68,18004.17,False,17037.68,2012-10-26,13,Seasonal baseline
6,12,2013-01-25,5653.53,5346.99,False,5653.53,2012-10-26,13,Seasonal baseline
6,13,2013-01-25,33481.18,35443.94,False,33481.18,2012-10-26,13,Seasonal baseline
6,14,2013-01-25,20063.95,22617.71,False,20063.95,2012-10-26,13,Seasonal baseline
6,16,2013-01-25,14813.17,8816.87,False,14813.17,2012-10-26,13,Seasonal baseline
6,17,2013-01-25,13319.6,12422.69,False,13319.6,2012-10-26,13,Seasonal baseline
6,18,2013-01-25,2666.73,27810.08,False,2666.73,2012-10-26,13,Seasonal baseline
6,19,2013-01-25,2921.88,2700.71,False,2921.88,2012-10-26,13,Seasonal baseline
6,20,2013-01-25,6999.6,6197.34,False,6999.6,2012-10-26,13,Seasonal baseline
6,21,2013-01-25,6958.89,7320.9,False,6958.89,2012-10-26,13,Seasonal baseline
6,22,2013-01-25,13506.74,16646.6,False,13506.74,2012-10-26,13,Seasonal baseline
6,23,2013-01-25,19268.63,28093.3,False,19268.63,2012-10-26,13,Seasonal baseline
6,24,2013-01-25,2918.72,5679.56,False,2918.72,2012-10-26,13,Seasonal baseline
6,25,2013-01-25,8494.91,11177.16,False,8494.91,2012-10-26,13,Seasonal baseline
6,26,2013-01-25,6882.01,9366.39,False,6882.01,2012-10-26,13,Seasonal baseline
6,27,2013-01-25,1622.99,1830.15,False,1622.99,2012-10-26,13,Seasonal baseline
6,28,2013-01-25,635.86,964.83,False,635.86,2012-10-26,13,Seasonal baseline
6,29,2013-01-25,5336.37,5644.86,False,5336.37,2012-10-26,13,Seasonal baseline
6,30,2013-01-25,3646.56,4794.16,False,3646.56,2012-10-26,13,Seasonal baseline
6,31,2013-01-25,1716.23,2844.4,False,1716.23,2012-10-26,13,Seasonal baseline
6,32,2013-01-25,6963.16,4840.81,False,6963.16,2012-10-26,13,Seasonal baseline
6,33,2013-01-25,3772.28,7220.61,False,3772.28,2012-10-26,13,Seasonal baseline
6,34,2013-01-25,12122.53,16077.61,False,12122.53,2012-10-26,13,Seasonal baseline
6,35,2013-01-25,2576.57,2489.93,False,2576.57,2012-10-26,13,Seasonal baseline
6,36,2013-01-25,678.4,1420.85,False,678.4,2012-10-26,13,Seasonal baseline
6,37,2013-01-25,3634.63,3585.49,False,3634.63,2012-10-26,13,Seasonal baseline
6,38,2013-01-25,95179.92,69318.89,False,95179.92,2012-10-26,13,Seasonal baseline
6,40,2013-01-25,65341.86,62392.73,False,65341.86,2012-10-26,13,Seasonal baseline
6,41,2013-01-25,480.41,4000.44,False,480.41,2012-10-26,13,Seasonal baseline
6,42,2013-01-25,9171.18,8570.77,False,9171.18,2012-10-26,13,Seasonal baseline
6,44,2013-01-25,7295.49,9359.78,False,7295.49,2012-10-26,13,Seasonal baseline
6,46,2013-01-25,20694.59,21035.05,False,20694.59,2012-10-26,13,Seasonal baseline
6,48,2013-01-25,1040.0,3951.0,False,1040.0,2012-10-26,13,Seasonal baseline
6,49,2013-01-25,11541.01,12057.68,False,11541.01,2012-10-26,13,Seasonal baseline
6,52,2013-01-25,3861.23,3831.89,False,3861.23,2012-10-26,13,Seasonal baseline
6,54,2013-01-25,48.92,34.8,False,48.92,2012-10-26,13,Seasonal baseline
6,55,2013-01-25,10047.73,12226.16,False,10047.73,2012-10-26,13,Seasonal baseline
6,56,2013-01-25,3030.51,1610.08,False,3030.51,2012-10-26,13,Seasonal baseline
6,58,2013-01-25,820.0,3185.0,False,820.0,2012-10-26,13,Seasonal baseline
6,59,2013-01-25,211.16,157.78,False,211.16,2012-10-26,13,Seasonal baseline
6,60,2013-01-25,470.8,324.0,False,470.8,2012-10-26,13,Seasonal baseline
6,67,2013-01-25,11006.02,9646.39,False,11006.02,2012-10-26,13,Seasonal baseline
6,71,2013-01-25,4611.46,4214.53,False,4611.46,2012-10-26,13,Seasonal baseline
6,72,2013-01-25,73302.16,77553.69,False,73302.16,2012-10-26,13,Seasonal baseline
6,74,2013-01-25,21211.64,20929.19,False,21211.64,2012-10-26,13,Seasonal baseline
6,77,2013-01-25,,-21.63,True,-21.63,2012-10-26,13,Seasonal baseline
6,79,2013-01-25,21224.65,21201.94,False,21224.65,2012-10-26,13,Seasonal baseline
6,80,2013-01-25,12710.35,13606.54,False,12710.35,2012-10-26,13,Seasonal baseline
6,81,2013-01-25,14548.63,13758.76,False,14548.63,2012-10-26,13,Seasonal baseline
6,82,2013-01-25,15149.55,17973.76,False,15149.55,2012-10-26,13,Seasonal baseline
6,83,2013-01-25,3770.42,3369.58,False,3770.42,2012-10-26,13,Seasonal baseline
6,85,2013-01-25,2318.44,1538.06,False,2318.44,2012-10-26,13,Seasonal baseline
6,87,2013-01-25,42468.23,40187.84,False,42468.23,2012-10-26,13,Seasonal baseline
6,90,2013-01-25,51859.17,51327.79,False,51859.17,2012-10-26,13,Seasonal baseline
6,91,2013-01-25,41042.34,40456.36,False,41042.34,2012-10-26,13,Seasonal baseline
6,92,2013-01-25,94116.42,97646.76,False,94116.42,2012-10-26,13,Seasonal baseline
6,93,2013-01-25,36572.31,38858.72,False,36572.31,2012-10-26,13,Seasonal baseline
6,94,2013-01-25,39292.32,41314.21,False,39292.32,2012-10-26,13,Seasonal baseline
6,95,2013-01-25,74575.69,82996.21,False,74575.69,2012-10-26,13,Seasonal baseline
6,96,2013-01-25,24456.36,28871.01,False,24456.36,2012-10-26,13,Seasonal baseline
6,97,2013-01-25,17475.18,19156.68,False,17475.18,2012-10-26,13,Seasonal baseline
6,98,2013-01-25,9362.68,10976.13,False,9362.68,2012-10-26,13,Seasonal baseline
7,1,2013-01-25,9625.14,10983.79,False,9625.14,2012-10-26,13,Seasonal baseline
7,2,2013-01-25,23152.76,19764.51,False,23152.76,2012-10-26,13,Seasonal baseline
7,3,2013-01-25,9318.5,6861.92,False,9318.5,2012-10-26,13,Seasonal baseline
7,4,2013-01-25,15160.56,12634.41,False,15160.56,2012-10-26,13,Seasonal baseline
7,5,2013-01-25,12872.3,12047.8,False,12872.3,2012-10-26,13,Seasonal baseline
7,6,2013-01-25,4120.88,2760.42,False,4120.88,2012-10-26,13,Seasonal baseline
7,7,2013-01-25,6431.58,4964.7,False,6431.58,2012-10-26,13,Seasonal baseline
7,8,2013-01-25,14365.46,14193.09,False,14365.46,2012-10-26,13,Seasonal baseline
7,9,2013-01-25,12833.15,21331.39,False,12833.15,2012-10-26,13,Seasonal baseline
7,10,2013-01-25,21198.16,23238.89,False,21198.16,2012-10-26,13,Seasonal baseline
7,11,2013-01-25,15638.4,13922.22,False,15638.4,2012-10-26,13,Seasonal baseline
7,12,2013-01-25,3574.45,4252.02,False,3574.45,2012-10-26,13,Seasonal baseline
7,13,2013-01-25,14267.51,14654.4,False,14267.51,2012-10-26,13,Seasonal baseline
7,14,2013-01-25,9490.38,9263.35,False,9490.38,2012-10-26,13,Seasonal baseline
7,16,2013-01-25,4011.55,5488.92,False,4011.55,2012-10-26,13,Seasonal baseline
7,17,2013-01-25,4759.93,6658.58,False,4759.93,2012-10-26,13,Seasonal baseline
7,18,2013-01-25,426.13,8236.59,False,426.13,2012-10-26,13,Seasonal baseline
7,20,2013-01-25,3171.87,3152.31,False,3171.87,2012-10-26,13,Seasonal baseline
7,21,2013-01-25,1548.47,1282.71,False,1548.47,2012-10-26,13,Seasonal baseline
7,22,2013-01-25,6244.9,7370.58,False,6244.9,2012-10-26,13,Seasonal baseline
7,23,2013-01-25,16457.98,15428.12,False,16457.98,2012-10-26,13,Seasonal baseline
7,24,2013-01-25,2421.64,2920.9,False,2421.64,2012-10-26,13,Seasonal baseline
7,25,2013-01-25,5629.36,4845.01,False,5629.36,2012-10-26,13,Seasonal baseline
7,26,2013-01-25,1332.5,2037.33,False,1332.5,2012-10-26,13,Seasonal baseline
7,27,2013-01-25,568.1,690.93,False,568.1,2012-10-26,13,Seasonal baseline
7,28,2013-01-25,212.92,300.92,False,212.92,2012-10-26,13,Seasonal baseline
7,29,2013-01-25,1103.27,1658.35,False,1103.27,2012-10-26,13,Seasonal baseline
7,30,2013-01-25,644.14,874.25,False,644.14,2012-10-26,13,Seasonal baseline
7,31,2013-01-25,2292.09,1780.2,False,2292.09,2012-10-26,13,Seasonal baseline
7,32,2013-01-25,4625.09,2763.11,False,4625.09,2012-10-26,13,Seasonal baseline
7,33,2013-01-25,1747.11,2941.9,False,1747.11,2012-10-26,13,Seasonal baseline
7,34,2013-01-25,2706.52,3467.47,False,2706.52,2012-10-26,13,Seasonal baseline
7,35,2013-01-25,119.93,26.97,False,119.93,2012-10-26,13,Seasonal baseline
7,36,2013-01-25,3200.91,1146.24,False,3200.91,2012-10-26,13,Seasonal baseline
7,38,2013-01-25,32340.97,26305.74,False,32340.97,2012-10-26,13,Seasonal baseline
7,40,2013-01-25,35290.15,24720.11,False,35290.15,2012-10-26,13,Seasonal baseline
7,41,2013-01-25,1139.34,1676.51,False,1139.34,2012-10-26,13,Seasonal baseline
7,42,2013-01-25,4588.0,5577.03,False,4588.0,2012-10-26,13,Seasonal baseline
7,44,2013-01-25,3502.73,3972.02,False,3502.73,2012-10-26,13,Seasonal baseline
7,46,2013-01-25,14660.64,11020.83,False,14660.64,2012-10-26,13,Seasonal baseline
7,48,2013-01-25,721.0,2207.0,False,721.0,2012-10-26,13,Seasonal baseline
7,49,2013-01-25,29.7,50.85,False,29.7,2012-10-26,13,Seasonal baseline
7,52,2013-01-25,1170.29,1200.49,False,1170.29,2012-10-26,13,Seasonal baseline
7,55,2013-01-25,5291.28,4697.73,False,5291.28,2012-10-26,13,Seasonal baseline
7,56,2013-01-25,163.76,483.51,False,163.76,2012-10-26,13,Seasonal baseline
7,58,2013-01-25,445.0,1395.0,False,445.0,2012-10-26,13,Seasonal baseline
7,59,2013-01-25,8.97,10.82,False,8.97,2012-10-26,13,Seasonal baseline
7,60,2013-01-25,35.8,108.0,False,35.8,2012-10-26,13,Seasonal baseline
7,67,2013-01-25,2839.89,3634.69,False,2839.89,2012-10-26,13,Seasonal baseline
7,71,2013-01-25,2380.89,1845.15,False,2380.89,2012-10-26,13,Seasonal baseline
7,72,2013-01-25,44093.48,34076.17,False,44093.48,2012-10-26,13,Seasonal baseline
7,74,2013-01-25,7892.08,8521.39,False,7892.08,2012-10-26,13,Seasonal baseline
7,79,2013-01-25,5604.49,5268.23,False,5604.49,2012-10-26,13,Seasonal baseline
7,80,2013-01-25,587.2,361.38,False,587.2,2012-10-26,13,Seasonal baseline
7,81,2013-01-25,7596.85,5625.47,False,7596.85,2012-10-26,13,Seasonal baseline
7,82,2013-01-25,8358.84,8314.17,False,8358.84,2012-10-26,13,Seasonal baseline
7,83,2013-01-25,604.85,501.44,False,604.85,2012-10-26,13,Seasonal baseline
7,85,2013-01-25,2121.48,1597.03,False,2121.48,2012-10-26,13,Seasonal baseline
7,87,2013-01-25,13349.38,13468.52,False,13349.38,2012-10-26,13,Seasonal baseline
7,90,2013-01-25,18353.85,13211.75,False,18353.85,2012-10-26,13,Seasonal baseline
7,91,2013-01-25,13313.48,9435.59,False,13313.48,2012-10-26,13,Seasonal baseline
7,92,2013-01-25,30899.09,25090.81,False,30899.09,2012-10-26,13,Seasonal baseline
7,93,2013-01-25,2059.56,1583.42,False,2059.56,2012-10-26,13,Seasonal baseline
7,94,2013-01-25,468.64,1163.11,False,468.64,2012-10-26,13,Seasonal baseline
7,95,2013-01-25,38091.56,29875.27,False,38091.56,2012-10-26,13,Seasonal baseline
7,96,2013-01-25,1908.49,787.08,False,1908.49,2012-10-26,13,Seasonal baseline
7,97,2013-01-25,5380.59,3744.1,False,5380.59,2012-10-26,13,Seasonal baseline
7,98,2013-01-25,229.1,68.57,False,229.1,2012-10-26,13,Seasonal baseline
8,1,2013-01-25,14072.27,21737.93,False,14072.27,2012-10-26,13,Seasonal baseline
8,2,2013-01-25,33124.12,33040.14,False,33124.12,2012-10-26,13,Seasonal baseline
8,3,2013-01-25,10858.58,7342.71,False,10858.58,2012-10-26,13,Seasonal baseline
8,4,2013-01-25,19810.15,21285.75,False,19810.15,2012-10-26,13,Seasonal baseline
8,5,2013-01-25,16156.23,22937.37,False,16156.23,2012-10-26,13,Seasonal baseline
8,6,2013-01-25,1993.47,2182.33,False,1993.47,2012-10-26,13,Seasonal baseline
8,7,2013-01-25,9213.57,18736.83,False,9213.57,2012-10-26,13,Seasonal baseline
8,8,2013-01-25,24807.33,28203.99,False,24807.33,2012-10-26,13,Seasonal baseline
8,9,2013-01-25,6768.5,9919.56,False,6768.5,2012-10-26,13,Seasonal baseline
8,10,2013-01-25,16782.66,20167.4,False,16782.66,2012-10-26,13,Seasonal baseline
8,11,2013-01-25,14415.81,18872.4,False,14415.81,2012-10-26,13,Seasonal baseline
8,12,2013-01-25,6248.07,7934.59,False,6248.07,2012-10-26,13,Seasonal baseline
8,13,2013-01-25,24338.44,25077.1,False,24338.44,2012-10-26,13,Seasonal baseline
8,14,2013-01-25,8275.95,9257.35,False,8275.95,2012-10-26,13,Seasonal baseline
8,16,2013-01-25,4079.53,4740.49,False,4079.53,2012-10-26,13,Seasonal baseline
8,17,2013-01-25,6687.35,6408.52,False,6687.35,2012-10-26,13,Seasonal baseline
8,18,2013-01-25,2081.74,17584.45,False,2081.74,2012-10-26,13,Seasonal baseline
8,19,2013-01-25,382.49,574.23,False,382.49,2012-10-26,13,Seasonal baseline
8,20,2013-01-25,3317.63,2884.7,False,3317.63,2012-10-26,13,Seasonal baseline
8,21,2013-01-25,3715.91,3725.13,False,3715.91,2012-10-26,13,Seasonal baseline
8,22,2013-01-25,6190.08,6734.84,False,6190.08,2012-10-26,13,Seasonal baseline
8,23,2013-01-25,10716.16,16141.86,False,10716.16,2012-10-26,13,Seasonal baseline
8,24,2013-01-25,2394.57,3567.71,False,2394.57,2012-10-26,13,Seasonal baseline
8,25,2013-01-25,3322.51,6152.58,False,3322.51,2012-10-26,13,Seasonal baseline
8,26,2013-01-25,4810.83,6238.3,False,4810.83,2012-10-26,13,Seasonal baseline
8,27,2013-01-25,728.02,1427.0,False,728.02,2012-10-26,13,Seasonal baseline
8,28,2013-01-25,203.83,433.71,False,203.83,2012-10-26,13,Seasonal baseline
8,29,2013-01-25,2521.75,2778.68,False,2521.75,2012-10-26,13,Seasonal baseline
8,30,2013-01-25,1954.18,1764.7,False,1954.18,2012-10-26,13,Seasonal baseline
8,31,2013-01-25,726.04,1732.55,False,726.04,2012-10-26,13,Seasonal baseline
8,32,2013-01-25,3928.92,3790.65,False,3928.92,2012-10-26,13,Seasonal baseline
8,33,2013-01-25,2707.3,6325.97,False,2707.3,2012-10-26,13,Seasonal baseline
8,34,2013-01-25,6038.41,7032.21,False,6038.41,2012-10-26,13,Seasonal baseline
8,35,2013-01-25,1454.56,1600.57,False,1454.56,2012-10-26,13,Seasonal baseline
8,36,2013-01-25,475.73,1092.87,False,475.73,2012-10-26,13,Seasonal baseline
8,37,2013-01-25,1956.45,2002.96,False,1956.45,2012-10-26,13,Seasonal baseline
8,38,2013-01-25,59700.01,66858.65,False,59700.01,2012-10-26,13,Seasonal baseline
8,40,2013-01-25,39421.64,38968.38,False,39421.64,2012-10-26,13,Seasonal baseline
8,41,2013-01-25,87.97,1322.41,False,87.97,2012-10-26,13,Seasonal baseline
8,42,2013-01-25,4835.69,5674.55,False,4835.69,2012-10-26,13,Seasonal baseline
8,44,2013-01-25,3171.0,5620.63,False,3171.0,2012-10-26,13,Seasonal baseline
8,46,2013-01-25,15338.85,16293.74,False,15338.85,2012-10-26,13,Seasonal baseline
8,49,2013-01-25,1932.59,2016.04,False,1932.59,2012-10-26,13,Seasonal baseline
8,52,2013-01-25,1647.56,1311.94,False,1647.56,2012-10-26,13,Seasonal baseline
8,54,2013-01-25,,12.0,True,12.0,2012-10-26,13,Seasonal baseline
8,55,2013-01-25,5166.77,5779.53,False,5166.77,2012-10-26,13,Seasonal baseline
8,56,2013-01-25,1168.95,924.96,False,1168.95,2012-10-26,13,Seasonal baseline
8,58,2013-01-25,310.0,1105.0,False,310.0,2012-10-26,13,Seasonal baseline
8,59,2013-01-25,184.44,202.6,False,184.44,2012-10-26,13,Seasonal baseline
8,60,2013-01-25,259.2,270.0,False,259.2,2012-10-26,13,Seasonal baseline
8,67,2013-01-25,4474.26,5294.25,False,4474.26,2012-10-26,13,Seasonal baseline
8,71,2013-01-25,2153.56,804.21,False,2153.56,2012-10-26,13,Seasonal baseline
8,72,2013-01-25,29470.71,33898.36,False,29470.71,2012-10-26,13,Seasonal baseline
8,74,2013-01-25,9535.86,9268.34,False,9535.86,2012-10-26,13,Seasonal baseline
8,79,2013-01-25,19798.47,18832.68,False,19798.47,2012-10-26,13,Seasonal baseline
8,80,2013-01-25,9642.52,9688.6,False,9642.52,2012-10-26,13,Seasonal baseline
8,81,2013-01-25,11809.97,11987.36,False,11809.97,2012-10-26,13,Seasonal baseline
8,82,2013-01-25,11504.81,13955.52,False,11504.81,2012-10-26,13,Seasonal baseline
8,83,2013-01-25,2308.98,2229.78,False,2308.98,2012-10-26,13,Seasonal baseline
8,85,2013-01-25,1740.75,1703.84,False,1740.75,2012-10-26,13,Seasonal baseline
8,87,2013-01-25,22356.3,21104.04,False,22356.3,2012-10-26,13,Seasonal baseline
8,90,2013-01-25,38723.08,39666.9,False,38723.08,2012-10-26,13,Seasonal baseline
8,91,2013-01-25,27896.86,29222.81,False,27896.86,2012-10-26,13,Seasonal baseline
8,92,2013-01-25,55457.82,62127.74,False,55457.82,2012-10-26,13,Seasonal baseline
8,93,2013-01-25,23880.51,27094.94,False,23880.51,2012-10-26,13,Seasonal baseline
8,94,2013-01-25,21798.04,23836.43,False,21798.04,2012-10-26,13,Seasonal baseline
8,95,2013-01-25,55405.06,58817.79,False,55405.06,2012-10-26,13,Seasonal baseline
8,97,2013-01-25,14246.17,16400.61,False,14246.17,2012-10-26,13,Seasonal baseline
8,98,2013-01-25,5490.99,7946.67,False,5490.99,2012-10-26,13,Seasonal baseline
8,99,2013-01-25,,0.01,True,0.01,2012-10-26,13,Seasonal baseline
9,1,2013-01-25,10654.88,20194.31,False,10654.88,2012-10-26,13,Seasonal baseline
9,2,2013-01-25,23987.57,24859.9,False,23987.57,2012-10-26,13,Seasonal baseline
9,3,2013-01-25,7937.02,5918.55,False,7937.02,2012-10-26,13,Seasonal baseline
9,4,2013-01-25,16659.92,18553.19,False,16659.92,2012-10-26,13,Seasonal baseline
9,5,2013-01-25,17611.2,21424.9,False,17611.2,2012-10-26,13,Seasonal baseline
9,6,2013-01-25,1754.1,2211.29,False,1754.1,2012-10-26,13,Seasonal baseline
9,7,2013-01-25,7266.98,13531.67,False,7266.98,2012-10-26,13,Seasonal baseline
9,8,2013-01-25,20929.15,24315.0,False,20929.15,2012-10-26,13,Seasonal baseline
9,9,2013-01-25,7272.23,14034.4,False,7272.23,2012-10-26,13,Seasonal baseline
9,10,2013-01-25,9477.97,13680.78,False,9477.97,2012-10-26,13,Seasonal baseline
9,11,2013-01-25,10423.69,14595.69,False,10423.69,2012-10-26,13,Seasonal baseline
9,12,2013-01-25,5614.96,7703.64,False,5614.96,2012-10-26,13,Seasonal baseline
9,13,2013-01-25,19750.59,22036.07,False,19750.59,2012-10-26,13,Seasonal baseline
9,14,2013-01-25,6793.55,7519.39,False,6793.55,2012-10-26,13,Seasonal baseline
9,16,2013-01-25,2605.59,3199.63,False,2605.59,2012-10-26,13,Seasonal baseline
9,17,2013-01-25,4178.13,4912.37,False,4178.13,2012-10-26,13,Seasonal baseline
9,18,2013-01-25,1362.49,8447.32,False,1362.49,2012-10-26,13,Seasonal baseline
9,19,2013-01-25,926.07,1730.33,False,926.07,2012-10-26,13,Seasonal baseline
9,20,2013-01-25,2543.1,3026.98,False,2543.1,2012-10-26,13,Seasonal baseline
9,21,2013-01-25,2868.04,3585.47,False,2868.04,2012-10-26,13,Seasonal baseline
9,22,2013-01-25,5362.36,5489.69,False,5362.36,2012-10-26,13,Seasonal baseline
9,23,2013-01-25,8532.21,14564.38,False,8532.21,2012-10-26,13,Seasonal baseline
9,24,2013-01-25,1855.08,3609.43,False,1855.08,2012-10-26,13,Seasonal baseline
9,25,2013-01-25,2718.02,4454.19,False,2718.02,2012-10-26,13,Seasonal baseline
9,26,2013-01-25,3208.89,4542.65,False,3208.89,2012-10-26,13,Seasonal baseline
9,27,2013-01-25,905.13,776.43,False,905.13,2012-10-26,13,Seasonal baseline
9,28,2013-01-25,217.74,264.31,False,217.74,2012-10-26,13,Seasonal baseline
9,29,2013-01-25,1227.41,2212.08,False,1227.41,2012-10-26,13,Seasonal baseline
9,30,2013-01-25,1148.76,1351.3,False,1148.76,2012-10-26,13,Seasonal baseline
9,31,2013-01-25,447.53,1376.67,False,447.53,2012-10-26,13,Seasonal baseline
9,32,2013-01-25,2297.86,3276.93,False,2297.86,2012-10-26,13,Seasonal baseline
9,33,2013-01-25,1279.96,3252.56,False,1279.96,2012-10-26,13,Seasonal baseline
9,34,2013-01-25,3599.12,5772.33,False,3599.12,2012-10-26,13,Seasonal baseline
9,35,2013-01-25,764.03,934.73,False,764.03,2012-10-26,13,Seasonal baseline
9,36,2013-01-25,148.73,517.74,False,148.73,2012-10-26,13,Seasonal baseline
9,38,2013-01-25,80242.05,62385.5,False,80242.05,2012-10-26,13,Seasonal baseline
9,40,2013-01-25,31420.93,30853.03,False,31420.93,2012-10-26,13,Seasonal baseline
9,41,2013-01-25,488.35,1328.79,False,488.35,2012-10-26,13,Seasonal baseline
9,42,2013-01-25,4877.35,3469.16,False,4877.35,2012-10-26,13,Seasonal baseline
9,44,2013-01-25,3177.01,4744.86,False,3177.01,2012-10-26,13,Seasonal baseline
9,46,2013-01-25,6640.0,6753.66,False,6640.0,2012-10-26,13,Seasonal baseline
9,48,2013-01-25,236.0,654.0,False,236.0,2012-10-26,13,Seasonal baseline
9,49,2013-01-25,44.55,35.0,False,44.55,2012-10-26,13,Seasonal baseline
9,52,2013-01-25,1342.91,1802.55,False,1342.91,2012-10-26,13,Seasonal baseline
9,55,2013-01-25,6677.14,7751.17,False,6677.14,2012-10-26,13,Seasonal baseline
9,56,2013-01-25,425.86,830.57,False,425.86,2012-10-26,13,Seasonal baseline
9,59,2013-01-25,,15.0,True,15.0,2012-10-26,13,Seasonal baseline
9,60,2013-01-25,61.8,108.0,False,61.8,2012-10-26,13,Seasonal baseline
9,67,2013-01-25,2941.46,4032.72,False,2941.46,2012-10-26,13,Seasonal baseline
9,71,2013-01-25,1183.62,1274.55,False,1183.62,2012-10-26,13,Seasonal baseline
9,72,2013-01-25,28431.36,30555.0,False,28431.36,2012-10-26,13,Seasonal baseline
9,74,2013-01-25,5861.99,6826.07,False,5861.99,2012-10-26,13,Seasonal baseline
9,79,2013-01-25,13015.14,12637.94,False,13015.14,2012-10-26,13,Seasonal baseline
9,81,2013-01-25,2590.66,2592.77,False,2590.66,2012-10-26,13,Seasonal baseline
9,82,2013-01-25,7819.96,10562.22,False,7819.96,2012-10-26,13,Seasonal baseline
9,85,2013-01-25,558.38,593.69,False,558.38,2012-10-26,13,Seasonal baseline
9,87,2013-01-25,17984.57,12359.73,False,17984.57,2012-10-26,13,Seasonal baseline
9,90,2013-01-25,3219.85,3096.77,False,3219.85,2012-10-26,13,Seasonal baseline
9,91,2013-01-25,601.96,914.84,False,601.96,2012-10-26,13,Seasonal baseline
9,92,2013-01-25,16074.71,18310.28,False,16074.71,2012-10-26,13,Seasonal baseline
9,94,2013-01-25,,233.02,True,233.02,2012-10-26,13,Seasonal baseline
9,95,2013-01-25,28885.71,32382.05,False,28885.71,2012-10-26,13,Seasonal baseline
9,96,2013-01-25,3305.95,4752.25,False,3305.95,2012-10-26,13,Seasonal baseline
10,1,2013-01-25,32559.13,58409.83,False,32559.13,2012-10-26,13,Seasonal baseline
10,2,2013-01-25,94674.32,101458.77,False,94674.32,2012-10-26,13,Seasonal baseline
10,3,2013-01-25,26925.96,20447.3,False,26925.96,2012-10-26,13,Seasonal baseline
10,4,2013-01-25,47733.04,44849.91,False,47733.04,2012-10-26,13,Seasonal baseline
10,5,2013-01-25,45238.81,51926.77,False,45238.81,2012-10-26,13,Seasonal baseline
10,6,2013-01-25,5237.41,8891.25,False,5237.41,2012-10-26,13,Seasonal baseline
10,7,2013-01-25,29847.39,54045.23,False,29847.39,2012-10-26,13,Seasonal baseline
10,8,2013-01-25,78598.56,85331.99,False,78598.56,2012-10-26,13,Seasonal baseline
10,9,2013-01-25,49625.14,57271.82,False,49625.14,2012-10-26,13,Seasonal baseline
10,10,2013-01-25,41194.3,43637.06,False,41194.3,2012-10-26,13,Seasonal baseline
10,11,2013-01-25,25885.55,25448.11,False,25885.55,2012-10-26,13,Seasonal baseline
10,12,2013-01-25,8528.14,9043.49,False,8528.14,2012-10-26,13,Seasonal baseline
10,13,2013-01-25,55095.02,61010.32,False,55095.02,2012-10-26,13,Seasonal baseline
10,14,2013-01-25,35494.75,31883.89,False,35494.75,2012-10-26,13,Seasonal baseline
10,16,2013-01-25,22255.2,11397.55,False,22255.2,2012-10-26,13,Seasonal baseline
10,17,2013-01-25,21977.5,24781.75,False,21977.5,2012-10-26,13,Seasonal baseline
10,18,2013-01-25,3373.88,27426.84,False,3373.88,2012-10-26,13,Seasonal baseline
10,19,2013-01-25,2645.06,3271.02,False,2645.06,2012-10-26,13,Seasonal baseline
10,20,2013-01-25,13124.54,14224.36,False,13124.54,2012-10-26,13,Seasonal baseline
10,21,2013-01-25,7407.12,8204.13,False,7407.12,2012-10-26,13,Seasonal baseline
10,22,2013-01-25,22928.25,21182.97,False,22928.25,2012-10-26,13,Seasonal baseline
10,23,2013-01-25,49607.02,59735.58,False,49607.02,2012-10-26,13,Seasonal baseline
10,24,2013-01-25,9290.55,14343.91,False,9290.55,2012-10-26,13,Seasonal baseline
10,25,2013-01-25,15399.91,19972.18,False,15399.91,2012-10-26,13,Seasonal baseline
10,26,2013-01-25,12722.58,19104.2,False,12722.58,2012-10-26,13,Seasonal baseline
10,27,2013-01-25,4467.63,4319.35,False,4467.63,2012-10-26,13,Seasonal baseline
10,28,2013-01-25,1529.75,1658.31,False,1529.75,2012-10-26,13,Seasonal baseline
10,29,2013-01-25,12716.08,14338.8,False,12716.08,2012-10-26,13,Seasonal baseline
10,30,2013-01-25,7593.86,9111.61,False,7593.86,2012-10-26,13,Seasonal baseline
10,31,2013-01-25,2870.72,3956.53,False,2870.72,2012-10-26,13,Seasonal baseline
10,32,2013-01-25,14510.06,18693.86,False,14510.06,2012-10-26,13,Seasonal baseline
10,33,2013-01-25,8961.59,13632.53,False,8961.59,2012-10-26,13,Seasonal baseline
10,34,2013-01-25,35414.54,38454.92,False,35414.54,2012-10-26,13,Seasonal baseline
10,35,2013-01-25,8813.33,6156.67,False,8813.33,2012-10-26,13,Seasonal baseline
10,36,2013-01-25,75.94,1311.16,False,75.94,2012-10-26,13,Seasonal baseline
10,37,2013-01-25,3115.5,3850.57,False,3115.5,2012-10-26,13,Seasonal baseline
10,38,2013-01-25,113078.74,76447.65,False,113078.74,2012-10-26,13,Seasonal baseline
10,40,2013-01-25,102963.23,95015.0,False,102963.23,2012-10-26,13,Seasonal baseline
10,41,2013-01-25,6149.25,17583.84,False,6149.25,2012-10-26,13,Seasonal baseline
10,42,2013-01-25,10830.34,12047.34,False,10830.34,2012-10-26,13,Seasonal baseline
10,44,2013-01-25,8715.45,10779.14,False,8715.45,2012-10-26,13,Seasonal baseline
10,46,2013-01-25,46172.29,48375.09,False,46172.29,2012-10-26,13,Seasonal baseline
10,48,2013-01-25,1748.0,2865.0,False,1748.0,2012-10-26,13,Seasonal baseline
10,49,2013-01-25,21150.27,20601.66,False,21150.27,2012-10-26,13,Seasonal baseline
10,50,2013-01-25,4695.0,4589.98,False,4695.0,2012-10-26,13,Seasonal baseline
10,52,2013-01-25,4356.38,4693.25,False,4356.38,2012-10-26,13,Seasonal baseline
10,54,2013-01-25,73.16,43.8,False,73.16,2012-10-26,13,Seasonal baseline
10,55,2013-01-25,11737.3,16042.55,False,11737.3,2012-10-26,13,Seasonal baseline
10,56,2013-01-25,2320.45,775.17,False,2320.45,2012-10-26,13,Seasonal baseline
10,58,2013-01-25,5465.0,3180.0,False,5465.0,2012-10-26,13,Seasonal baseline
10,59,2013-01-25,258.62,296.62,False,258.62,2012-10-26,13,Seasonal baseline
10,60,2013-01-25,485.2,558.0,False,485.2,2012-10-26,13,Seasonal baseline
10,67,2013-01-25,11790.06,11786.49,False,11790.06,2012-10-26,13,Seasonal baseline
10,71,2013-01-25,14468.62,12097.06,False,14468.62,2012-10-26,13,Seasonal baseline
10,72,2013-01-25,119192.07,121126.83,False,119192.07,2012-10-26,13,Seasonal baseline
10,74,2013-01-25,37687.29,33862.98,False,37687.29,2012-10-26,13,Seasonal baseline
10,79,2013-01-25,33868.88,31374.16,False,33868.88,2012-10-26,13,Seasonal baseline
10,80,2013-01-25,403.9,299.09,False,403.9,2012-10-26,13,Seasonal baseline
10,81,2013-01-25,10716.26,10095.2,False,10716.26,2012-10-26,13,Seasonal baseline
10,82,2013-01-25,15291.98,22861.31,False,15291.98,2012-10-26,13,Seasonal baseline
10,83,2013-01-25,398.02,185.24,False,398.02,2012-10-26,13,Seasonal baseline
10,85,2013-01-25,2319.14,2532.87,False,2319.14,2012-10-26,13,Seasonal baseline
10,87,2013-01-25,24992.83,26972.25,False,24992.83,2012-10-26,13,Seasonal baseline
10,90,2013-01-25,15154.92,14511.07,False,15154.92,2012-10-26,13,Seasonal baseline
10,91,2013-01-25,13518.91,10937.52,False,13518.91,2012-10-26,13,Seasonal baseline
10,92,2013-01-25,52367.55,53198.97,False,52367.55,2012-10-26,13,Seasonal baseline
10,93,2013-01-25,1318.18,1079.06,False,1318.18,2012-10-26,13,Seasonal baseline
10,94,2013-01-25,15.0,795.76,False,15.0,2012-10-26,13,Seasonal baseline
10,95,2013-01-25,64909.16,64643.03,False,64909.16,2012-10-26,13,Seasonal baseline
10,96,2013-01-25,11580.41,13966.23,False,11580.41,2012-10-26,13,Seasonal baseline
10,97,2013-01-25,4762.56,4785.28,False,4762.56,2012-10-26,13,Seasonal baseline
10,98,2013-01-25,2.98,560.02,False,2.98,2012-10-26,13,Seasonal baseline
11,1,2013-01-25,16145.62,23746.39,False,16145.62,2012-10-26,13,Seasonal baseline
11,2,2013-01-25,52203.2,49926.25,False,52203.2,2012-10-26,13,Seasonal baseline
11,3,2013-01-25,14828.85,9984.61,False,14828.85,2012-10-26,13,Seasonal baseline
11,4,2013-01-25,26664.34,25043.74,False,26664.34,2012-10-26,13,Seasonal baseline
11,5,2013-01-25,27983.75,38746.01,False,27983.75,2012-10-26,13,Seasonal baseline
11,6,2013-01-25,2768.54,3818.54,False,2768.54,2012-10-26,13,Seasonal baseline
11,7,2013-01-25,19525.24,29330.56,False,19525.24,2012-10-26,13,Seasonal baseline
11,8,2013-01-25,34089.62,32511.65,False,34089.62,2012-10-26,13,Seasonal baseline
11,9,2013-01-25,12702.26,13029.18,False,12702.26,2012-10-26,13,Seasonal baseline
11,10,2013-01-25,18615.04,21151.25,False,18615.04,2012-10-26,13,Seasonal baseline
11,11,2013-01-25,14044.4,12559.54,False,14044.4,2012-10-26,13,Seasonal baseline
11,12,2013-01-25,3932.61,3910.25,False,3932.61,2012-10-26,13,Seasonal baseline
11,13,2013-01-25,35767.83,36577.53,False,35767.83,2012-10-26,13,Seasonal baseline
11,14,2013-01-25,21345.96,19750.98,False,21345.96,2012-10-26,13,Seasonal baseline
11,16,2013-01-25,5527.97,5460.01,False,5527.97,2012-10-26,13,Seasonal baseline
11,17,2013-01-25,12537.01,11043.67,False,12537.01,2012-10-26,13,Seasonal baseline
11,18,2013-01-25,3396.2,26919.59,False,3396.2,2012-10-26,13,Seasonal baseline
11,19,2013-01-25,1456.48,2317.57,False,1456.48,2012-10-26,13,Seasonal baseline
11,20,2013-01-25,8246.54,6879.16,False,8246.54,2012-10-26,13,Seasonal baseline
11,21,2013-01-25,6226.66,5454.16,False,6226.66,2012-10-26,13,Seasonal baseline
11,22,2013-01-25,11339.36,13919.79,False,11339.36,2012-10-26,13,Seasonal baseline
11,23,2013-01-25,26985.65,31786.39,False,26985.65,2012-10-26,13,Seasonal baseline
11,24,2013-01-25,5844.32,8044.8,False,5844.32,2012-10-26,13,Seasonal baseline
11,25,2013-01-25,9511.61,10082.51,False,9511.61,2012-10-26,13,Seasonal baseline
11,26,2013-01-25,8798.35,10504.84,False,8798.35,2012-10-26,13,Seasonal baseline
11,27,2013-01-25,2274.13,2638.82,False,2274.13,2012-10-26,13,Seasonal baseline
11,28,2013-01-25,890.34,1511.44,False,890.34,2012-10-26,13,Seasonal baseline
11,29,2013-01-25,7392.19,6945.68,False,7392.19,2012-10-26,13,Seasonal baseline
11,30,2013-01-25,5381.24,5206.03,False,5381.24,2012-10-26,13,Seasonal baseline
11,31,2013-01-25,1965.47,1983.83,False,1965.47,2012-10-26,13,Seasonal baseline
11,32,2013-01-25,7527.27,8150.62,False,7527.27,2012-10-26,13,Seasonal baseline
11,33,2013-01-25,5792.3,7662.38,False,5792.3,2012-10-26,13,Seasonal baseline
11,34,2013-01-25,16987.32,17753.42,False,16987.32,2012-10-26,13,Seasonal baseline
11,35,2013-01-25,3607.53,3787.6,False,3607.53,2012-10-26,13,Seasonal baseline
11,36,2013-01-25,1127.4,979.9,False,1127.4,2012-10-26,13,Seasonal baseline
11,37,2013-01-25,3718.28,3701.83,False,3718.28,2012-10-26,13,Seasonal baseline
11,38,2013-01-25,65817.46,58593.72,False,65817.46,2012-10-26,13,Seasonal baseline
11,40,2013-01-25,54496.52,49642.06,False,54496.52,2012-10-26,13,Seasonal baseline
11,41,2013-01-25,629.5,1946.35,False,629.5,2012-10-26,13,Seasonal baseline
11,42,2013-01-25,6920.3,5557.46,False,6920.3,2012-10-26,13,Seasonal baseline
11,44,2013-01-25,5702.18,7879.89,False,5702.18,2012-10-26,13,Seasonal baseline
11,46,2013-01-25,24439.93,23057.44,False,24439.93,2012-10-26,13,Seasonal baseline
11,49,2013-01-25,9477.33,8844.27,False,9477.33,2012-10-26,13,Seasonal baseline
11,52,2013-01-25,3687.53,3253.44,False,3687.53,2012-10-26,13,Seasonal baseline
11,54,2013-01-25,79.72,110.64,False,79.72,2012-10-26,13,Seasonal baseline
11,55,2013-01-25,8647.23,9679.31,False,8647.23,2012-10-26,13,Seasonal baseline
11,56,2013-01-25,1350.45,1277.31,False,1350.45,2012-10-26,13,Seasonal baseline
11,58,2013-01-25,2095.0,2915.0,False,2095.0,2012-10-26,13,Seasonal baseline
11,59,2013-01-25,372.4,258.21,False,372.4,2012-10-26,13,Seasonal baseline
11,60,2013-01-25,179.0,189.0,False,179.0,2012-10-26,13,Seasonal baseline
11,67,2013-01-25,7406.06,8959.07,False,7406.06,2012-10-26,13,Seasonal baseline
11,71,2013-01-25,5698.49,8904.88,False,5698.49,2012-10-26,13,Seasonal baseline
11,72,2013-01-25,74108.6,63717.3,False,74108.6,2012-10-26,13,Seasonal baseline
11,74,2013-01-25,21112.04,16832.48,False,21112.04,2012-10-26,13,Seasonal baseline
11,79,2013-01-25,25997.63,26063.31,False,25997.63,2012-10-26,13,Seasonal baseline
11,80,2013-01-25,13482.84,12244.35,False,13482.84,2012-10-26,13,Seasonal baseline
11,81,2013-01-25,12340.72,11748.39,False,12340.72,2012-10-26,13,Seasonal baseline
11,82,2013-01-25,16513.02,19304.06,False,16513.02,2012-10-26,13,Seasonal baseline
11,83,2013-01-25,3132.8,2221.91,False,3132.8,2012-10-26,13,Seasonal baseline
11,85,2013-01-25,1001.25,1580.24,False,1001.25,2012-10-26,13,Seasonal baseline
11,87,2013-01-25,15340.91,17412.14,False,15340.91,2012-10-26,13,Seasonal baseline
11,90,2013-01-25,46993.25,44530.77,False,46993.25,2012-10-26,13,Seasonal baseline
11,91,2013-01-25,39005.98,35361.01,False,39005.98,2012-10-26,13,Seasonal baseline
11,92,2013-01-25,73222.2,71189.31,False,73222.2,2012-10-26,13,Seasonal baseline
11,93,2013-01-25,27573.59,27229.43,False,27573.59,2012-10-26,13,Seasonal baseline
11,94,2013-01-25,32524.18,37072.33,False,32524.18,2012-10-26,13,Seasonal baseline
11,95,2013-01-25,65301.47,65344.85,False,65301.47,2012-10-26,13,Seasonal baseline
11,96,2013-01-25,17916.32,21321.86,False,17916.32,2012-10-26,13,Seasonal baseline
11,97,2013-01-25,14054.76,14020.34,False,14054.76,2012-10-26,13,Seasonal baseline
11,98,2013-01-25,8675.34,9646.8,False,8675.34,2012-10-26,13,Seasonal baseline
12,1,2013-01-25,14873.68,25883.95,False,14873.68,2012-10-26,13,Seasonal baseline
12,2,2013-01-25,73280.44,73961.07,False,73280.44,2012-10-26,13,Seasonal baseline
12,3,2013-01-25,18075.83,10252.99,False,18075.83,2012-10-26,13,Seasonal baseline
12,4,2013-01-25,25446.93,25702.59,False,25446.93,2012-10-26,13,Seasonal baseline
12,5,2013-01-25,24754.9,23771.22,False,24754.9,2012-10-26,13,Seasonal baseline
12,6,2013-01-25,3643.13,3179.98,False,3643.13,2012-10-26,13,Seasonal baseline
12,7,2013-01-25,19058.13,30860.6,False,19058.13,2012-10-26,13,Seasonal baseline
12,8,2013-01-25,42061.53,43391.78,False,42061.53,2012-10-26,13,Seasonal baseline
12,9,2013-01-25,13149.98,16937.79,False,13149.98,2012-10-26,13,Seasonal baseline
12,10,2013-01-25,14136.78,15612.01,False,14136.78,2012-10-26,13,Seasonal baseline
12,11,2013-01-25,16038.56,14795.79,False,16038.56,2012-10-26,13,Seasonal baseline
12,12,2013-01-25,4129.99,4612.06,False,4129.99,2012-10-26,13,Seasonal baseline
12,13,2013-01-25,44781.47,45846.87,False,44781.47,2012-10-26,13,Seasonal baseline
12,14,2013-01-25,18001.07,17934.71,False,18001.07,2012-10-26,13,Seasonal baseline
12,16,2013-01-25,2628.05,3083.34,False,2628.05,2012-10-26,13,Seasonal baseline
12,17,2013-01-25,9768.54,9926.86,False,9768.54,2012-10-26,13,Seasonal baseline
12,18,2013-01-25,1007.88,33217.2,False,1007.88,2012-10-26,13,Seasonal baseline
12,19,2013-01-25,2804.13,3131.42,False,2804.13,2012-10-26,13,Seasonal baseline
12,20,2013-01-25,4362.2,5347.41,False,4362.2,2012-10-26,13,Seasonal baseline
12,21,2013-01-25,3775.9,3650.35,False,3775.9,2012-10-26,13,Seasonal baseline
12,22,2013-01-25,7630.87,8562.98,False,7630.87,2012-10-26,13,Seasonal baseline
12,23,2013-01-25,28636.83,38804.73,False,28636.83,2012-10-26,13,Seasonal baseline
12,24,2013-01-25,7045.0,12282.99,False,7045.0,2012-10-26,13,Seasonal baseline
12,25,2013-01-25,14391.18,19559.17,False,14391.18,2012-10-26,13,Seasonal baseline
12,26,2013-01-25,10477.11,20077.46,False,10477.11,2012-10-26,13,Seasonal baseline
12,27,2013-01-25,2360.55,3518.42,False,2360.55,2012-10-26,13,Seasonal baseline
12,28,2013-01-25,866.64,1112.99,False,866.64,2012-10-26,13,Seasonal baseline
12,29,2013-01-25,5862.94,7703.18,False,5862.94,2012-10-26,13,Seasonal baseline
12,30,2013-01-25,4268.06,6282.51,False,4268.06,2012-10-26,13,Seasonal baseline
12,31,2013-01-25,2123.75,2860.29,False,2123.75,2012-10-26,13,Seasonal baseline
12,32,2013-01-25,6738.02,7257.85,False,6738.02,2012-10-26,13,Seasonal baseline
12,33,2013-01-25,7362.31,11329.61,False,7362.31,2012-10-26,13,Seasonal baseline
12,34,2013-01-25,17289.46,20746.05,False,17289.46,2012-10-26,13,Seasonal baseline
12,35,2013-01-25,2200.32,2517.57,False,2200.32,2012-10-26,13,Seasonal baseline
12,36,2013-01-25,737.37,2764.07,False,737.37,2012-10-26,13,Seasonal baseline
12,38,2013-01-25,57874.13,49993.05,False,57874.13,2012-10-26,13,Seasonal baseline
12,40,2013-01-25,48920.09,47811.46,False,48920.09,2012-10-26,13,Seasonal baseline
12,41,2013-01-25,692.0,1740.32,False,692.0,2012-10-26,13,Seasonal baseline
12,42,2013-01-25,7245.26,6841.27,False,7245.26,2012-10-26,13,Seasonal baseline
12,44,2013-01-25,6444.27,9928.16,False,6444.27,2012-10-26,13,Seasonal baseline
12,46,2013-01-25,29317.29,32315.34,False,29317.29,2012-10-26,13,Seasonal baseline
12,52,2013-01-25,2990.07,4093.44,False,2990.07,2012-10-26,13,Seasonal baseline
12,54,2013-01-25,5.0,76.76,False,5.0,2012-10-26,13,Seasonal baseline
12,55,2013-01-25,11826.93,8546.28,False,11826.93,2012-10-26,13,Seasonal baseline
12,56,2013-01-25,440.22,9.88,False,440.22,2012-10-26,13,Seasonal baseline
12,58,2013-01-25,785.0,2540.0,False,785.0,2012-10-26,13,Seasonal baseline
12,59,2013-01-25,449.15,213.35,False,449.15,2012-10-26,13,Seasonal baseline
12,60,2013-01-25,501.8,387.0,False,501.8,2012-10-26,13,Seasonal baseline
12,67,2013-01-25,4438.46,6309.57,False,4438.46,2012-10-26,13,Seasonal baseline
12,71,2013-01-25,7184.26,6185.66,False,7184.26,2012-10-26,13,Seasonal baseline
12,72,2013-01-25,51153.09,45390.88,False,51153.09,2012-10-26,13,Seasonal baseline
12,74,2013-01-25,15752.14,14346.86,False,15752.14,2012-10-26,13,Seasonal baseline
12,79,2013-01-25,41985.76,40426.56,False,41985.76,2012-10-26,13,Seasonal baseline
12,80,2013-01-25,46.15,95.01,False,46.15,2012-10-26,13,Seasonal baseline
12,81,2013-01-25,7719.77,6519.66,False,7719.77,2012-10-26,13,Seasonal baseline
12,82,2013-01-25,13161.65,17537.23,False,13161.65,2012-10-26,13,Seasonal baseline
12,83,2013-01-25,107.46,298.58,False,107.46,2012-10-26,13,Seasonal baseline
12,85,2013-01-25,1809.34,1266.25,False,1809.34,2012-10-26,13,Seasonal baseline
12,87,2013-01-25,11311.87,12899.28,False,11311.87,2012-10-26,13,Seasonal baseline
12,90,2013-01-25,13300.06,11093.0,False,13300.06,2012-10-26,13,Seasonal baseline
12,91,2013-01-25,6542.75,5863.39,False,6542.75,2012-10-26,13,Seasonal baseline
12,92,2013-01-25,29302.46,24816.68,False,29302.46,2012-10-26,13,Seasonal baseline
12,93,2013-01-25,547.86,511.44,False,547.86,2012-10-26,13,Seasonal baseline
12,94,2013-01-25,144.0,353.7,False,144.0,2012-10-26,13,Seasonal baseline
12,95,2013-01-25,39295.91,36971.46,False,39295.91,2012-10-26,13,Seasonal baseline
12,96,2013-01-25,,1.0,True,1.0,2012-10-26,13,Seasonal baseline
12,97,2013-01-25,2330.5,2260.16,False,2330.5,2012-10-26,13,Seasonal baseline
12,98,2013-01-25,756.0,575.06,False,756.0,2012-10-26,13,Seasonal baseline
13,1,2013-01-25,34503.28,73165.41,False,34503.28,2012-10-26,13,Seasonal baseline
13,2,2013-01-25,68333.82,71889.05,False,68333.82,2012-10-26,13,Seasonal baseline
13,3,2013-01-25,22483.38,18176.94,False,22483.38,2012-10-26,13,Seasonal baseline
13,4,2013-01-25,39204.93,43265.8,False,39204.93,2012-10-26,13,Seasonal baseline
13,5,2013-01-25,40978.49,46964.71,False,40978.49,2012-10-26,13,Seasonal baseline
13,6,2013-01-25,2948.01,4966.09,False,2948.01,2012-10-26,13,Seasonal baseline
13,7,2013-01-25,25739.34,39941.45,False,25739.34,2012-10-26,13,Seasonal baseline
13,8,2013-01-25,34827.12,37872.71,False,34827.12,2012-10-26,13,Seasonal baseline
13,9,2013-01-25,18251.37,24363.94,False,18251.37,2012-10-26,13,Seasonal baseline
13,10,2013-01-25,22887.17,39956.03,False,22887.17,2012-10-26,13,Seasonal baseline
13,11,2013-01-25,17392.32,21899.45,False,17392.32,2012-10-26,13,Seasonal baseline
13,12,2013-01-25,6281.92,7723.65,False,6281.92,2012-10-26,13,Seasonal baseline
13,13,2013-01-25,45810.78,48124.32,False,45810.78,2012-10-26,13,Seasonal baseline
13,14,2013-01-25,18274.66,23960.58,False,18274.66,2012-10-26,13,Seasonal baseline
13,16,2013-01-25,7645.88,6036.21,False,7645.88,2012-10-26,13,Seasonal baseline
13,17,2013-01-25,14074.06,17360.86,False,14074.06,2012-10-26,13,Seasonal baseline
13,18,2013-01-25,4234.71,43039.87,False,4234.71,2012-10-26,13,Seasonal baseline
13,19,2013-01-25,3722.95,4841.78,False,3722.95,2012-10-26,13,Seasonal baseline
13,20,2013-01-25,6693.64,6565.5,False,6693.64,2012-10-26,13,Seasonal baseline
13,21,2013-01-25,6007.55,7766.34,False,6007.55,2012-10-26,13,Seasonal baseline
13,22,2013-01-25,10872.42,16007.48,False,10872.42,2012-10-26,13,Seasonal baseline
13,23,2013-01-25,21032.38,40228.51,False,21032.38,2012-10-26,13,Seasonal baseline
13,24,2013-01-25,7701.94,17336.4,False,7701.94,2012-10-26,13,Seasonal baseline
13,25,2013-01-25,14067.18,28142.58,False,14067.18,2012-10-26,13,Seasonal baseline
13,26,2013-01-25,7149.74,17971.55,False,7149.74,2012-10-26,13,Seasonal baseline
13,27,2013-01-25,2526.6,4528.05,False,2526.6,2012-10-26,13,Seasonal baseline
13,28,2013-01-25,1550.12,3049.99,False,1550.12,2012-10-26,13,Seasonal baseline
13,29,2013-01-25,4875.03,7365.45,False,4875.03,2012-10-26,13,Seasonal baseline
13,30,2013-01-25,3271.6,4515.37,False,3271.6,2012-10-26,13,Seasonal baseline
13,31,2013-01-25,3045.16,7314.91,False,3045.16,2012-10-26,13,Seasonal baseline
13,32,2013-01-25,6484.5,7868.19,False,6484.5,2012-10-26,13,Seasonal baseline
13,33,2013-01-25,6847.2,16530.94,False,6847.2,2012-10-26,13,Seasonal baseline
13,34,2013-01-25,11751.75,20822.13,False,11751.75,2012-10-26,13,Seasonal baseline
13,35,2013-01-25,2455.77,2676.85,False,2455.77,2012-10-26,13,Seasonal baseline
13,36,2013-01-25,1165.43,1852.7,False,1165.43,2012-10-26,13,Seasonal baseline
13,37,2013-01-25,2869.84,3549.53,False,2869.84,2012-10-26,13,Seasonal baseline
13,38,2013-01-25,89040.35,92092.84,False,89040.35,2012-10-26,13,Seasonal baseline
13,40,2013-01-25,79054.82,77927.39,False,79054.82,2012-10-26,13,Seasonal baseline
13,41,2013-01-25,1060.47,2820.28,False,1060.47,2012-10-26,13,Seasonal baseline
13,42,2013-01-25,5515.95,7707.68,False,5515.95,2012-10-26,13,Seasonal baseline
13,44,2013-01-25,9656.95,12780.02,False,9656.95,2012-10-26,13,Seasonal baseline
13,46,2013-01-25,36925.93,38219.89,False,36925.93,2012-10-26,13,Seasonal baseline
13,48,2013-01-25,504.0,1241.0,False,504.0,2012-10-26,13,Seasonal baseline
13,49,2013-01-25,7500.27,7770.71,False,7500.27,2012-10-26,13,Seasonal baseline
13,50,2013-01-25,1924.0,1486.0,False,1924.0,2012-10-26,13,Seasonal baseline
13,52,2013-01-25,4013.62,4738.93,False,4013.62,2012-10-26,13,Seasonal baseline
13,54,2013-01-25,30.92,16.88,False,30.92,2012-10-26,13,Seasonal baseline
13,55,2013-01-25,11839.71,17414.45,False,11839.71,2012-10-26,13,Seasonal baseline
13,56,2013-01-25,577.97,1572.62,False,577.97,2012-10-26,13,Seasonal baseline
13,58,2013-01-25,6860.0,12805.0,False,6860.0,2012-10-26,13,Seasonal baseline
13,59,2013-01-25,478.68,294.93,False,478.68,2012-10-26,13,Seasonal baseline
13,60,2013-01-25,787.2,756.0,False,787.2,2012-10-26,13,Seasonal baseline
13,67,2013-01-25,12164.82,14244.82,False,12164.82,2012-10-26,13,Seasonal baseline
13,71,2013-01-25,6709.22,6411.58,False,6709.22,2012-10-26,13,Seasonal baseline
13,72,2013-01-25,72510.49,63039.92,False,72510.49,2012-10-26,13,Seasonal baseline
13,74,2013-01-25,22726.06,26833.9,False,22726.06,2012-10-26,13,Seasonal baseline
13,79,2013-01-25,44176.2,49904.89,False,44176.2,2012-10-26,13,Seasonal baseline
13,80,2013-01-25,18893.82,18743.54,False,18893.82,2012-10-26,13,Seasonal baseline
13,81,2013-01-25,32572.55,32497.21,False,32572.55,2012-10-26,13,Seasonal baseline
13,82,2013-01-25,24380.02,31526.31,False,24380.02,2012-10-26,13,Seasonal baseline
13,83,2013-01-25,5341.05,3955.55,False,5341.05,2012-10-26,13,Seasonal baseline
13,85,2013-01-25,3607.56,4671.35,False,3607.56,2012-10-26,13,Seasonal baseline
13,87,2013-01-25,16542.19,19042.89,False,16542.19,2012-10-26,13,Seasonal baseline
13,90,2013-01-25,122766.32,128116.96,False,122766.32,2012-10-26,13,Seasonal baseline
13,91,2013-01-25,80803.8,80238.08,False,80803.8,2012-10-26,13,Seasonal baseline
13,92,2013-01-25,169990.21,183483.92,False,169990.21,2012-10-26,13,Seasonal baseline
13,93,2013-01-25,46195.67,49032.14,False,46195.67,2012-10-26,13,Seasonal baseline
13,94,2013-01-25,75288.92,75470.79,False,75288.92,2012-10-26,13,Seasonal baseline
13,95,2013-01-25,129810.39,127416.33,False,129810.39,2012-10-26,13,Seasonal baseline
13,96,2013-01-25,7946.14,8675.36,False,7946.14,2012-10-26,13,Seasonal baseline
13,97,2013-01-25,24519.06,26894.79,False,24519.06,2012-10-26,13,Seasonal baseline
13,98,2013-01-25,13296.75,17703.39,False,13296.75,2012-10-26,13,Seasonal baseline
14,1,2013-01-25,19537.26,48143.51,False,19537.26,2012-10-26,13,Seasonal baseline
14,2,2013-01-25,63491.84,61378.96,False,63491.84,2012-10-26,13,Seasonal baseline
14,3,2013-01-25,17352.49,8796.57,False,17352.49,2012-10-26,13,Seasonal baseline
14,4,2013-01-25,44714.09,43258.67,False,44714.09,2012-10-26,13,Seasonal baseline
14,5,2013-01-25,20850.86,33972.05,False,20850.86,2012-10-26,13,Seasonal baseline
14,6,2013-01-25,2108.09,4463.68,False,2108.09,2012-10-26,13,Seasonal baseline
14,7,2013-01-25,19334.92,47048.93,False,19334.92,2012-10-26,13,Seasonal baseline
14,8,2013-01-25,46777.09,48336.61,False,46777.09,2012-10-26,13,Seasonal baseline
14,9,2013-01-25,8098.65,22905.37,False,8098.65,2012-10-26,13,Seasonal baseline
14,10,2013-01-25,16389.48,15767.6,False,16389.48,2012-10-26,13,Seasonal baseline
14,11,2013-01-25,15185.75,12906.02,False,15185.75,2012-10-26,13,Seasonal baseline
14,12,2013-01-25,3743.15,4962.44,False,3743.15,2012-10-26,13,Seasonal baseline
14,13,2013-01-25,47552.19,50891.22,False,47552.19,2012-10-26,13,Seasonal baseline
14,14,2013-01-25,18961.46,19284.29,False,18961.46,2012-10-26,13,Seasonal baseline
14,16,2013-01-25,5372.68,2907.19,False,5372.68,2012-10-26,13,Seasonal baseline
14,17,2013-01-25,17897.21,18328.9,False,17897.21,2012-10-26,13,Seasonal baseline
14,18,2013-01-25,3698.51,28427.26,False,3698.51,2012-10-26,13,Seasonal baseline
14,19,2013-01-25,1817.6,2465.33,False,1817.6,2012-10-26,13,Seasonal baseline
14,20,2013-01-25,7932.55,7361.76,False,7932.55,2012-10-26,13,Seasonal baseline
14,21,2013-01-25,6101.19,6759.95,False,6101.19,2012-10-26,13,Seasonal baseline
14,22,2013-01-25,12122.69,12669.03,False,12122.69,2012-10-26,13,Seasonal baseline
14,23,2013-01-25,23418.38,30154.93,False,23418.38,2012-10-26,13,Seasonal baseline
14,24,2013-01-25,4690.23,8759.7,False,4690.23,2012-10-26,13,Seasonal baseline
14,25,2013-01-25,11264.53,10955.38,False,11264.53,2012-10-26,13,Seasonal baseline
14,26,2013-01-25,7113.01,13185.75,False,7113.01,2012-10-26,13,Seasonal baseline
14,27,2013-01-25,2299.67,2732.48,False,2299.67,2012-10-26,13,Seasonal baseline
14,28,2013-01-25,1223.38,1950.88,False,1223.38,2012-10-26,13,Seasonal baseline
14,29,2013-01-25,6507.68,8224.51,False,6507.68,2012-10-26,13,Seasonal baseline
14,30,2013-01-25,3886.4,4928.94,False,3886.4,2012-10-26,13,Seasonal baseline
14,31,2013-01-25,2636.1,2798.6,False,2636.1,2012-10-26,13,Seasonal baseline
14,32,2013-01-25,8144.35,8083.79,False,8144.35,2012-10-26,13,Seasonal baseline
14,33,2013-01-25,4361.08,9307.8,False,4361.08,2012-10-26,13,Seasonal baseline
14,34,2013-01-25,16022.03,25005.05,False,16022.03,2012-10-26,13,Seasonal baseline
14,35,2013-01-25,2907.53,3644.39,False,2907.53,2012-10-26,13,Seasonal baseline
14,36,2013-01-25,656.52,1560.95,False,656.52,2012-10-26,13,Seasonal baseline
14,38,2013-01-25,112923.07,81545.6,False,112923.07,2012-10-26,13,Seasonal baseline
14,40,2013-01-25,68813.63,60254.06,False,68813.63,2012-10-26,13,Seasonal baseline
14,41,2013-01-25,878.75,4077.44,False,878.75,2012-10-26,13,Seasonal baseline
14,42,2013-01-25,7388.33,6639.76,False,7388.33,2012-10-26,13,Seasonal baseline
14,44,2013-01-25,4256.82,6178.72,False,4256.82,2012-10-26,13,Seasonal baseline
14,46,2013-01-25,24423.22,25377.12,False,24423.22,2012-10-26,13,Seasonal baseline
14,49,2013-01-25,10654.12,13745.64,False,10654.12,2012-10-26,13,Seasonal baseline
14,50,2013-01-25,1613.0,1611.0,False,1613.0,2012-10-26,13,Seasonal baseline
14,52,2013-01-25,2106.2,2040.33,False,2106.2,2012-10-26,13,Seasonal baseline
14,55,2013-01-25,10464.33,14159.81,False,10464.33,2012-10-26,13,Seasonal baseline
14,56,2013-01-25,701.06,773.78,False,701.06,2012-10-26,13,Seasonal baseline
14,58,2013-01-25,3050.0,13550.0,False,3050.0,2012-10-26,13,Seasonal baseline
14,59,2013-01-25,373.74,276.09,False,373.74,2012-10-26,13,Seasonal baseline
14,60,2013-01-25,352.0,234.0,False,352.0,2012-10-26,13,Seasonal baseline
14,67,2013-01-25,9724.77,11561.23,False,9724.77,2012-10-26,13,Seasonal baseline
14,71,2013-01-25,8586.0,6073.54,False,8586.0,2012-10-26,13,Seasonal baseline
14,72,2013-01-25,71826.56,63071.17,False,71826.56,2012-10-26,13,Seasonal baseline
14,74,2013-01-25,20039.37,16896.59,False,20039.37,2012-10-26,13,Seasonal baseline
14,79,2013-01-25,34594.53,28966.89,False,34594.53,2012-10-26,13,Seasonal baseline
14,80,2013-01-25,32125.15,30902.07,False,32125.15,2012-10-26,13,Seasonal baseline
14,81,2013-01-25,32779.61,35548.17,False,32779.61,2012-10-26,13,Seasonal baseline
14,82,2013-01-25,18750.21,31561.93,False,18750.21,2012-10-26,13,Seasonal baseline
14,83,2013-01-25,10272.9,7547.23,False,10272.9,2012-10-26,13,Seasonal baseline
14,85,2013-01-25,1737.68,1642.71,False,1737.68,2012-10-26,13,Seasonal baseline
14,87,2013-01-25,14590.76,16549.37,False,14590.76,2012-10-26,13,Seasonal baseline
14,90,2013-01-25,97079.31,96371.83,False,97079.31,2012-10-26,13,Seasonal baseline
14,91,2013-01-25,80345.56,74168.86,False,80345.56,2012-10-26,13,Seasonal baseline
14,92,2013-01-25,163197.25,164464.02,False,163197.25,2012-10-26,13,Seasonal baseline
14,93,2013-01-25,50817.59,46358.21,False,50817.59,2012-10-26,13,Seasonal baseline
14,94,2013-01-25,52887.41,52082.5,False,52887.41,2012-10-26,13,Seasonal baseline
14,95,2013-01-25,119095.52,121352.61,False,119095.52,2012-10-26,13,Seasonal baseline
14,97,2013-01-25,20366.98,21049.38,False,20366.98,2012-10-26,13,Seasonal baseline
14,98,2013-01-25,14336.48,15397.47,False,14336.48,2012-10-26,13,Seasonal baseline
15,1,2013-01-25,9401.18,21677.69,False,9401.18,2012-10-26,13,Seasonal baseline
15,2,2013-01-25,22292.71,23280.58,False,22292.71,2012-10-26,13,Seasonal baseline
15,3,2013-01-25,9432.78,7029.96,False,9432.78,2012-10-26,13,Seasonal baseline
15,4,2013-01-25,11346.1,12911.03,False,11346.1,2012-10-26,13,Seasonal baseline
15,5,2013-01-25,9957.9,15384.19,False,9957.9,2012-10-26,13,Seasonal baseline
15,6,2013-01-25,1697.98,1708.92,False,1697.98,2012-10-26,13,Seasonal baseline
15,7,2013-01-25,10821.69,20440.04,False,10821.69,2012-10-26,13,Seasonal baseline
15,8,2013-01-25,18987.4,20195.09,False,18987.4,2012-10-26,13,Seasonal baseline
15,9,2013-01-25,6156.28,14152.44,False,6156.28,2012-10-26,13,Seasonal baseline
15,10,2013-01-25,8505.52,10591.79,False,8505.52,2012-10-26,13,Seasonal baseline
15,11,2013-01-25,9258.15,11254.63,False,9258.15,2012-10-26,13,Seasonal baseline
15,12,2013-01-25,2322.05,3493.79,False,2322.05,2012-10-26,13,Seasonal baseline
15,13,2013-01-25,15921.25,17252.06,False,15921.25,2012-10-26,13,Seasonal baseline
15,14,2013-01-25,9784.63,9164.35,False,9784.63,2012-10-26,13,Seasonal baseline
15,16,2013-01-25,1800.24,2687.59,False,1800.24,2012-10-26,13,Seasonal baseline
15,17,2013-01-25,8605.32,10027.9,False,8605.32,2012-10-26,13,Seasonal baseline
15,18,2013-01-25,1284.44,7041.82,False,1284.44,2012-10-26,13,Seasonal baseline
15,19,2013-01-25,771.08,1046.58,False,771.08,2012-10-26,13,Seasonal baseline
15,20,2013-01-25,2901.76,3271.8,False,2901.76,2012-10-26,13,Seasonal baseline
15,21,2013-01-25,2240.28,2959.0,False,2240.28,2012-10-26,13,Seasonal baseline
15,22,2013-01-25,6170.56,5582.9,False,6170.56,2012-10-26,13,Seasonal baseline
15,23,2013-01-25,12465.61,19815.37,False,12465.61,2012-10-26,13,Seasonal baseline
15,24,2013-01-25,2142.29,4367.31,False,2142.29,2012-10-26,13,Seasonal baseline
15,25,2013-01-25,4855.57,7571.73,False,4855.57,2012-10-26,13,Seasonal baseline
15,26,2013-01-25,3516.58,4838.85,False,3516.58,2012-10-26,13,Seasonal baseline
15,27,2013-01-25,1367.33,1593.41,False,1367.33,2012-10-26,13,Seasonal baseline
15,28,2013-01-25,787.69,1036.32,False,787.69,2012-10-26,13,Seasonal baseline
15,29,2013-01-25,3191.65,3837.51,False,3191.65,2012-10-26,13,Seasonal baseline
15,30,2013-01-25,2507.5,1947.34,False,2507.5,2012-10-26,13,Seasonal baseline
15,31,2013-01-25,1574.04,2343.69,False,1574.04,2012-10-26,13,Seasonal baseline
15,32,2013-01-25,2763.74,4229.74,False,2763.74,2012-10-26,13,Seasonal baseline
15,33,2013-01-25,1778.8,4770.0,False,1778.8,2012-10-26,13,Seasonal baseline
15,34,2013-01-25,7096.61,11964.47,False,7096.61,2012-10-26,13,Seasonal baseline
15,35,2013-01-25,1433.33,2354.25,False,1433.33,2012-10-26,13,Seasonal baseline
15,36,2013-01-25,475.64,1230.69,False,475.64,2012-10-26,13,Seasonal baseline
15,38,2013-01-25,52855.76,49243.96,False,52855.76,2012-10-26,13,Seasonal baseline
15,40,2013-01-25,29554.05,27476.77,False,29554.05,2012-10-26,13,Seasonal baseline
15,41,2013-01-25,361.25,1970.46,False,361.25,2012-10-26,13,Seasonal baseline
15,42,2013-01-25,2607.6,3901.42,False,2607.6,2012-10-26,13,Seasonal baseline
15,44,2013-01-25,3126.07,4133.48,False,3126.07,2012-10-26,13,Seasonal baseline
15,46,2013-01-25,10240.98,10997.11,False,10240.98,2012-10-26,13,Seasonal baseline
15,49,2013-01-25,9903.65,10316.06,False,9903.65,2012-10-26,13,Seasonal baseline
15,50,2013-01-25,2688.0,2163.0,False,2688.0,2012-10-26,13,Seasonal baseline
15,52,2013-01-25,1170.65,1575.2,False,1170.65,2012-10-26,13,Seasonal baseline
15,55,2013-01-25,2957.24,5846.85,False,2957.24,2012-10-26,13,Seasonal baseline
15,56,2013-01-25,296.04,811.1,False,296.04,2012-10-26,13,Seasonal baseline
15,58,2013-01-25,230.0,900.0,False,230.0,2012-10-26,13,Seasonal baseline
15,59,2013-01-25,88.11,88.93,False,88.11,2012-10-26,13,Seasonal baseline
15,60,2013-01-25,106.6,63.0,False,106.6,2012-10-26,13,Seasonal baseline
15,67,2013-01-25,4018.27,5937.75,False,4018.27,2012-10-26,13,Seasonal baseline
15,71,2013-01-25,2865.52,3985.52,False,2865.52,2012-10-26,13,Seasonal baseline
15,72,2013-01-25,28897.46,32262.23,False,28897.46,2012-10-26,13,Seasonal baseline
15,74,2013-01-25,11027.6,10451.74,False,11027.6,2012-10-26,13,Seasonal baseline
15,79,2013-01-25,7878.18,7687.24,False,7878.18,2012-10-26,13,Seasonal baseline
15,80,2013-01-25,3.98,63.2,False,3.98,2012-10-26,13,Seasonal baseline
15,81,2013-01-25,4130.67,4313.34,False,4130.67,2012-10-26,13,Seasonal baseline
15,82,2013-01-25,7866.53,10721.75,False,7866.53,2012-10-26,13,Seasonal baseline
15,83,2013-01-25,299.72,176.74,False,299.72,2012-10-26,13,Seasonal baseline
15,85,2013-01-25,2325.8,1906.98,False,2325.8,2012-10-26,13,Seasonal baseline
15,87,2013-01-25,8935.11,9525.71,False,8935.11,2012-10-26,13,Seasonal baseline
15,90,2013-01-25,5383.52,5421.62,False,5383.52,2012-10-26,13,Seasonal baseline
15,91,2013-01-25,3450.66,3335.84,False,3450.66,2012-10-26,13,Seasonal baseline
15,92,2013-01-25,20420.67,20264.37,False,20420.67,2012-10-26,13,Seasonal baseline
15,93,2013-01-25,284.12,384.24,False,284.12,2012-10-26,13,Seasonal baseline
15,94,2013-01-25,48.98,11.0,False,48.98,2012-10-26,13,Seasonal baseline
15,95,2013-01-25,22438.33,24452.7,False,22438.33,2012-10-26,13,Seasonal baseline
15,96,2013-01-25,1977.57,3427.45,False,1977.57,2012-10-26,13,Seasonal baseline
15,97,2013-01-25,1618.96,1390.72,False,1618.96,2012-10-26,13,Seasonal baseline
15,98,2013-01-25,359.42,211.29,False,359.42,2012-10-26,13,Seasonal baseline
16,1,2013-01-25,9727.29,13400.65,False,9727.29,2012-10-26,13,Seasonal baseline
16,2,2013-01-25,22167.36,20163.06,False,22167.36,2012-10-26,13,Seasonal baseline
16,3,2013-01-25,7573.91,5770.47,False,7573.91,2012-10-26,13,Seasonal baseline
16,4,2013-01-25,12323.39,13124.69,False,12323.39,2012-10-26,13,Seasonal baseline
16,5,2013-01-25,10325.09,9557.94,False,10325.09,2012-10-26,13,Seasonal baseline
16,6,2013-01-25,4100.52,2167.7,False,4100.52,2012-10-26,13,Seasonal baseline
16,7,2013-01-25,6966.48,7285.14,False,6966.48,2012-10-26,13,Seasonal baseline
16,8,2013-01-25,13231.54,15279.13,False,13231.54,2012-10-26,13,Seasonal baseline
16,9,2013-01-25,9143.46,19293.44,False,9143.46,2012-10-26,13,Seasonal baseline
16,10,2013-01-25,9384.19,18290.34,False,9384.19,2012-10-26,13,Seasonal baseline
16,11,2013-01-25,11617.53,14969.81,False,11617.53,2012-10-26,13,Seasonal baseline
16,12,2013-01-25,3105.72,4062.09,False,3105.72,2012-10-26,13,Seasonal baseline
16,13,2013-01-25,12451.39,14427.22,False,12451.39,2012-10-26,13,Seasonal baseline
16,14,2013-01-25,6221.78,8158.68,False,6221.78,2012-10-26,13,Seasonal baseline
16,16,2013-01-25,2131.67,3581.51,False,2131.67,2012-10-26,13,Seasonal baseline
16,17,2013-01-25,8028.85,8171.16,False,8028.85,2012-10-26,13,Seasonal baseline
16,18,2013-01-25,577.6,9216.89,False,577.6,2012-10-26,13,Seasonal baseline
16,19,2013-01-25,839.13,2255.15,False,839.13,2012-10-26,13,Seasonal baseline
16,20,2013-01-25,2261.57,3310.61,False,2261.57,2012-10-26,13,Seasonal baseline
16,21,2013-01-25,2889.58,2611.09,False,2889.58,2012-10-26,13,Seasonal baseline
16,22,2013-01-25,6494.3,6957.78,False,6494.3,2012-10-26,13,Seasonal baseline
16,23,2013-01-25,8950.55,13297.65,False,8950.55,2012-10-26,13,Seasonal baseline
16,24,2013-01-25,1202.21,3041.05,False,1202.21,2012-10-26,13,Seasonal baseline
16,25,2013-01-25,3529.08,7428.52,False,3529.08,2012-10-26,13,Seasonal baseline
16,26,2013-01-25,1726.19,2341.06,False,1726.19,2012-10-26,13,Seasonal baseline
16,27,2013-01-25,652.94,815.95,False,652.94,2012-10-26,13,Seasonal baseline
16,28,2013-01-25,718.78,586.39,False,718.78,2012-10-26,13,Seasonal baseline
16,29,2013-01-25,1083.68,1638.01,False,1083.68,2012-10-26,13,Seasonal baseline
16,30,2013-01-25,936.82,953.34,False,936.82,2012-10-26,13,Seasonal baseline
16,31,2013-01-25,1075.91,1476.34,False,1075.91,2012-10-26,13,Seasonal baseline
16,32,2013-01-25,3386.14,3478.37,False,3386.14,2012-10-26,13,Seasonal baseline
16,33,2013-01-25,1552.03,3131.96,False,1552.03,2012-10-26,13,Seasonal baseline
16,34,2013-01-25,2434.05,5399.42,False,2434.05,2012-10-26,13,Seasonal baseline
16,35,2013-01-25,153.61,48.88,False,153.61,2012-10-26,13,Seasonal baseline
16,36,2013-01-25,1920.76,1053.38,False,1920.76,2012-10-26,13,Seasonal baseline
16,38,2013-01-25,61549.59,32782.88,False,61549.59,2012-10-26,13,Seasonal baseline
16,40,2013-01-25,31555.21,26270.11,False,31555.21,2012-10-26,13,Seasonal baseline
16,41,2013-01-25,874.4,663.94,False,874.4,2012-10-26,13,Seasonal baseline
16,42,2013-01-25,2903.78,4291.78,False,2903.78,2012-10-26,13,Seasonal baseline
16,44,2013-01-25,4065.32,5755.17,False,4065.32,2012-10-26,13,Seasonal baseline
16,45,2013-01-25,52.73,5.97,False,52.73,2012-10-26,13,Seasonal baseline
16,46,2013-01-25,12740.21,10185.7,False,12740.21,2012-10-26,13,Seasonal baseline
16,48,2013-01-25,,499.0,True,499.0,2012-10-26,13,Seasonal baseline
16,49,2013-01-25,32.67,28.58,False,32.67,2012-10-26,13,Seasonal baseline
16,52,2013-01-25,1528.52,1969.49,False,1528.52,2012-10-26,13,Seasonal baseline
16,55,2013-01-25,4608.94,4637.35,False,4608.94,2012-10-26,13,Seasonal baseline
16,56,2013-01-25,23.51,733.1,False,23.51,2012-10-26,13,Seasonal baseline
16,58,2013-01-25,,1460.0,True,1460.0,2012-10-26,13,Seasonal baseline
16,59,2013-01-25,,15.96,True,15.96,2012-10-26,13,Seasonal baseline
16,60,2013-01-25,89.0,45.0,False,89.0,2012-10-26,13,Seasonal baseline
16,67,2013-01-25,3343.55,2751.15,False,3343.55,2012-10-26,13,Seasonal baseline
16,71,2013-01-25,2832.74,1918.35,False,2832.74,2012-10-26,13,Seasonal baseline
16,72,2013-01-25,31141.81,26632.47,False,31141.81,2012-10-26,13,Seasonal baseline
16,74,2013-01-25,7062.04,10019.69,False,7062.04,2012-10-26,13,Seasonal baseline
16,79,2013-01-25,5315.9,4359.26,False,5315.9,2012-10-26,13,Seasonal baseline
16,80,2013-01-25,1101.32,553.9,False,1101.32,2012-10-26,13,Seasonal baseline
16,81,2013-01-25,3677.48,3558.21,False,3677.48,2012-10-26,13,Seasonal baseline
16,82,2013-01-25,7676.5,8046.43,False,7676.5,2012-10-26,13,Seasonal baseline
16,83,2013-01-25,291.3,106.0,False,291.3,2012-10-26,13,Seasonal baseline
16,85,2013-01-25,1995.56,1808.84,False,1995.56,2012-10-26,13,Seasonal baseline
16,87,2013-01-25,9250.53,11565.66,False,9250.53,2012-10-26,13,Seasonal baseline
16,90,2013-01-25,8943.17,7994.63,False,8943.17,2012-10-26,13,Seasonal baseline
16,91,2013-01-25,6205.82,6025.69,False,6205.82,2012-10-26,13,Seasonal baseline
16,92,2013-01-25,23310.42,23597.19,False,23310.42,2012-10-26,13,Seasonal baseline
16,93,2013-01-25,684.92,791.16,False,684.92,2012-10-26,13,Seasonal baseline
16,94,2013-01-25,668.58,1501.48,False,668.58,2012-10-26,13,Seasonal baseline
16,95,2013-01-25,27036.46,25809.44,False,27036.46,2012-10-26,13,Seasonal baseline
16,96,2013-01-25,130.07,92.24,False,130.07,2012-10-26,13,Seasonal baseline
16,97,2013-01-25,2383.42,2460.68,False,2383.42,2012-10-26,13,Seasonal baseline
16,98,2013-01-25,18.62,88.77,False,18.62,2012-10-26,13,Seasonal baseline
17,1,2013-01-25,18901.4,39668.71,False,18901.4,2012-10-26,13,Seasonal baseline
17,2,2013-01-25,40405.0,43451.19,False,40405.0,2012-10-26,13,Seasonal baseline
17,3,2013-01-25,16182.44,13287.22,False,16182.44,2012-10-26,13,Seasonal baseline
17,4,2013-01-25,20520.08,25525.37,False,20520.08,2012-10-26,13,Seasonal baseline
17,5,2013-01-25,25913.26,23929.17,False,25913.26,2012-10-26,13,Seasonal baseline
17,6,2013-01-25,1799.56,2424.53,False,1799.56,2012-10-26,13,Seasonal baseline
17,7,2013-01-25,9968.16,13180.69,False,9968.16,2012-10-26,13,Seasonal baseline
17,8,2013-01-25,18801.2,20819.74,False,18801.2,2012-10-26,13,Seasonal baseline
17,9,2013-01-25,9979.5,19130.37,False,9979.5,2012-10-26,13,Seasonal baseline
17,10,2013-01-25,12681.07,18225.17,False,12681.07,2012-10-26,13,Seasonal baseline
17,11,2013-01-25,11550.99,15428.79,False,11550.99,2012-10-26,13,Seasonal baseline
17,12,2013-01-25,5069.95,7099.03,False,5069.95,2012-10-26,13,Seasonal baseline
17,13,2013-01-25,20930.69,22901.69,False,20930.69,2012-10-26,13,Seasonal baseline
17,14,2013-01-25,10660.4,12980.12,False,10660.4,2012-10-26,13,Seasonal baseline
17,16,2013-01-25,1897.62,3047.3,False,1897.62,2012-10-26,13,Seasonal baseline
17,17,2013-01-25,7274.22,10452.73,False,7274.22,2012-10-26,13,Seasonal baseline
17,18,2013-01-25,1312.31,19070.92,False,1312.31,2012-10-26,13,Seasonal baseline
17,19,2013-01-25,3426.15,6967.79,False,3426.15,2012-10-26,13,Seasonal baseline
17,20,2013-01-25,3101.69,2878.95,False,3101.69,2012-10-26,13,Seasonal baseline
17,21,2013-01-25,2936.77,3861.56,False,2936.77,2012-10-26,13,Seasonal baseline
17,22,2013-01-25,5372.45,5871.31,False,5372.45,2012-10-26,13,Seasonal baseline
17,23,2013-01-25,7946.39,18601.4,False,7946.39,2012-10-26,13,Seasonal baseline
17,24,2013-01-25,2860.98,7384.44,False,2860.98,2012-10-26,13,Seasonal baseline
17,25,2013-01-25,6299.63,11293.39,False,6299.63,2012-10-26,13,Seasonal baseline
17,26,2013-01-25,5267.97,12009.48,False,5267.97,2012-10-26,13,Seasonal baseline
17,27,2013-01-25,1152.01,2257.88,False,1152.01,2012-10-26,13,Seasonal baseline
17,28,2013-01-25,1574.95,2197.4,False,1574.95,2012-10-26,13,Seasonal baseline
17,29,2013-01-25,2403.7,3074.76,False,2403.7,2012-10-26,13,Seasonal baseline
17,30,2013-01-25,1293.48,2681.19,False,1293.48,2012-10-26,13,Seasonal baseline
17,31,2013-01-25,858.47,3823.4,False,858.47,2012-10-26,13,Seasonal baseline
17,32,2013-01-25,3255.16,5539.32,False,3255.16,2012-10-26,13,Seasonal baseline
17,33,2013-01-25,2891.93,7523.63,False,2891.93,2012-10-26,13,Seasonal baseline
17,34,2013-01-25,4855.73,10939.02,False,4855.73,2012-10-26,13,Seasonal baseline
17,35,2013-01-25,879.82,1370.88,False,879.82,2012-10-26,13,Seasonal baseline
17,36,2013-01-25,505.64,1485.85,False,505.64,2012-10-26,13,Seasonal baseline
17,38,2013-01-25,79729.05,70879.24,False,79729.05,2012-10-26,13,Seasonal baseline
17,40,2013-01-25,49732.78,50016.85,False,49732.78,2012-10-26,13,Seasonal baseline
17,41,2013-01-25,,24.0,True,24.0,2012-10-26,13,Seasonal baseline
17,42,2013-01-25,2325.72,3843.75,False,2325.72,2012-10-26,13,Seasonal baseline
17,44,2013-01-25,6667.12,10057.7,False,6667.12,2012-10-26,13,Seasonal baseline
17,45,2013-01-25,14.94,17.94,False,14.94,2012-10-26,13,Seasonal baseline
17,46,2013-01-25,24007.14,28796.93,False,24007.14,2012-10-26,13,Seasonal baseline
17,48,2013-01-25,297.0,3437.0,False,297.0,2012-10-26,13,Seasonal baseline
17,49,2013-01-25,29.7,30.88,False,29.7,2012-10-26,13,Seasonal baseline
17,52,2013-01-25,2465.33,4144.04,False,2465.33,2012-10-26,13,Seasonal baseline
17,54,2013-01-25,23.92,-11.0,False,23.92,2012-10-26,13,Seasonal baseline
17,55,2013-01-25,8735.06,11635.84,False,8735.06,2012-10-26,13,Seasonal baseline
17,56,2013-01-25,243.74,82.2,False,243.74,2012-10-26,13,Seasonal baseline
17,58,2013-01-25,1615.0,1510.0,False,1615.0,2012-10-26,13,Seasonal baseline
17,59,2013-01-25,432.11,399.1,False,432.11,2012-10-26,13,Seasonal baseline
17,60,2013-01-25,376.2,387.0,False,376.2,2012-10-26,13,Seasonal baseline
17,67,2013-01-25,6589.77,8634.78,False,6589.77,2012-10-26,13,Seasonal baseline
17,71,2013-01-25,1925.72,3652.15,False,1925.72,2012-10-26,13,Seasonal baseline
17,72,2013-01-25,48255.13,36690.34,False,48255.13,2012-10-26,13,Seasonal baseline
17,74,2013-01-25,10340.63,12954.07,False,10340.63,2012-10-26,13,Seasonal baseline
17,79,2013-01-25,24863.2,27616.32,False,24863.2,2012-10-26,13,Seasonal baseline
17,80,2013-01-25,679.63,1252.92,False,679.63,2012-10-26,13,Seasonal baseline
17,81,2013-01-25,13855.59,15855.85,False,13855.59,2012-10-26,13,Seasonal baseline
17,82,2013-01-25,13037.92,18505.76,False,13037.92,2012-10-26,13,Seasonal baseline
17,83,2013-01-25,459.96,604.18,False,459.96,2012-10-26,13,Seasonal baseline
17,85,2013-01-25,2466.47,3910.82,False,2466.47,2012-10-26,13,Seasonal baseline
17,87,2013-01-25,11649.04,15015.83,False,11649.04,2012-10-26,13,Seasonal baseline
17,90,2013-01-25,38079.12,41870.6,False,38079.12,2012-10-26,13,Seasonal baseline
17,91,2013-01-25,14223.55,14318.51,False,14223.55,2012-10-26,13,Seasonal baseline
17,92,2013-01-25,56070.85,68052.93,False,56070.85,2012-10-26,13,Seasonal baseline
17,93,2013-01-25,4159.69,4262.39,False,4159.69,2012-10-26,13,Seasonal baseline
17,94,2013-01-25,,3227.4,True,3227.4,2012-10-26,13,Seasonal baseline
17,95,2013-01-25,47807.72,51697.72,False,47807.72,2012-10-26,13,Seasonal baseline
17,96,2013-01-25,363.58,704.63,False,363.58,2012-10-26,13,Seasonal baseline
17,97,2013-01-25,7072.17,8404.32,False,7072.17,2012-10-26,13,Seasonal baseline
17,98,2013-01-25,176.04,597.91,False,176.04,2012-10-26,13,Seasonal baseline
18,1,2013-01-25,13390.57,35198.5,False,13390.57,2012-10-26,13,Seasonal baseline
18,2,2013-01-25,47192.3,61082.86,False,47192.3,2012-10-26,13,Seasonal baseline
18,3,2013-01-25,12816.49,9929.02,False,12816.49,2012-10-26,13,Seasonal baseline
18,4,2013-01-25,21440.27,30371.8,False,21440.27,2012-10-26,13,Seasonal baseline
18,5,2013-01-25,16002.15,21466.31,False,16002.15,2012-10-26,13,Seasonal baseline
18,6,2013-01-25,3360.96,3212.84,False,3360.96,2012-10-26,13,Seasonal baseline
18,7,2013-01-25,12839.27,28305.05,False,12839.27,2012-10-26,13,Seasonal baseline
18,8,2013-01-25,24540.94,33880.77,False,24540.94,2012-10-26,13,Seasonal baseline
18,9,2013-01-25,8295.99,18809.08,False,8295.99,2012-10-26,13,Seasonal baseline
18,10,2013-01-25,14901.59,15671.66,False,14901.59,2012-10-26,13,Seasonal baseline
18,11,2013-01-25,13750.0,16922.99,False,13750.0,2012-10-26,13,Seasonal baseline
18,12,2013-01-25,2089.1,3855.48,False,2089.1,2012-10-26,13,Seasonal baseline
18,13,2013-01-25,30850.95,43219.77,False,30850.95,2012-10-26,13,Seasonal baseline
18,14,2013-01-25,14273.91,18941.94,False,14273.91,2012-10-26,13,Seasonal baseline
18,16,2013-01-25,3718.92,5060.51,False,3718.92,2012-10-26,13,Seasonal baseline
18,17,2013-01-25,11900.78,17741.17,False,11900.78,2012-10-26,13,Seasonal baseline
18,18,2013-01-25,1881.24,23402.78,False,1881.24,2012-10-26,13,Seasonal baseline
18,19,2013-01-25,2133.28,2435.45,False,2133.28,2012-10-26,13,Seasonal baseline
18,20,2013-01-25,4618.6,6831.11,False,4618.6,2012-10-26,13,Seasonal baseline
18,21,2013-01-25,2830.24,4130.41,False,2830.24,2012-10-26,13,Seasonal baseline
18,22,2013-01-25,9524.45,14520.65,False,9524.45,2012-10-26,13,Seasonal baseline
18,23,2013-01-25,23746.89,34150.91,False,23746.89,2012-10-26,13,Seasonal baseline
18,24,2013-01-25,5459.88,7290.09,False,5459.88,2012-10-26,13,Seasonal baseline
18,25,2013-01-25,12527.11,16932.77,False,12527.11,2012-10-26,13,Seasonal baseline
18,26,2013-01-25,6830.05,9701.51,False,6830.05,2012-10-26,13,Seasonal baseline
18,27,2013-01-25,2806.86,3083.2,False,2806.86,2012-10-26,13,Seasonal baseline
18,28,2013-01-25,950.04,2316.79,False,950.04,2012-10-26,13,Seasonal baseline
18,29,2013-01-25,7905.45,9657.13,False,7905.45,2012-10-26,13,Seasonal baseline
18,30,2013-01-25,3850.46,5917.68,False,3850.46,2012-10-26,13,Seasonal baseline
18,31,2013-01-25,2079.31,2459.71,False,2079.31,2012-10-26,13,Seasonal baseline
18,32,2013-01-25,5102.21,6842.45,False,5102.21,2012-10-26,13,Seasonal baseline
18,33,2013-01-25,5324.71,6841.77,False,5324.71,2012-10-26,13,Seasonal baseline
18,34,2013-01-25,13667.5,19055.36,False,13667.5,2012-10-26,13,Seasonal baseline
18,35,2013-01-25,1739.2,4034.94,False,1739.2,2012-10-26,13,Seasonal baseline
18,36,2013-01-25,1256.7,2320.55,False,1256.7,2012-10-26,13,Seasonal baseline
18,38,2013-01-25,62833.02,61940.58,False,62833.02,2012-10-26,13,Seasonal baseline
18,40,2013-01-25,53639.14,60018.08,False,53639.14,2012-10-26,13,Seasonal baseline
18,41,2013-01-25,272.5,450.94,False,272.5,2012-10-26,13,Seasonal baseline
18,42,2013-01-25,4375.49,8046.23,False,4375.49,2012-10-26,13,Seasonal baseline
18,44,2013-01-25,3911.82,6626.8,False,3911.82,2012-10-26,13,Seasonal baseline
18,46,2013-01-25,19077.65,22651.95,False,19077.65,2012-10-26,13,Seasonal baseline
18,49,2013-01-25,6930.15,9405.73,False,6930.15,2012-10-26,13,Seasonal baseline
18,50,2013-01-25,1685.0,1042.0,False,1685.0,2012-10-26,13,Seasonal baseline
18,52,2013-01-25,2063.31,2226.1,False,2063.31,2012-10-26,13,Seasonal baseline
18,55,2013-01-25,6816.89,8752.39,False,6816.89,2012-10-26,13,Seasonal baseline
18,56,2013-01-25,153.24,855.21,False,153.24,2012-10-26,13,Seasonal baseline
18,58,2013-01-25,1310.0,2175.0,False,1310.0,2012-10-26,13,Seasonal baseline
18,59,2013-01-25,172.07,169.82,False,172.07,2012-10-26,13,Seasonal baseline
18,60,2013-01-25,105.6,153.0,False,105.6,2012-10-26,13,Seasonal baseline
18,67,2013-01-25,5096.15,6612.4,False,5096.15,2012-10-26,13,Seasonal baseline
18,71,2013-01-25,5381.08,5721.31,False,5381.08,2012-10-26,13,Seasonal baseline
18,72,2013-01-25,42322.7,59084.72,False,42322.7,2012-10-26,13,Seasonal baseline
18,74,2013-01-25,13988.7,20132.84,False,13988.7,2012-10-26,13,Seasonal baseline
18,79,2013-01-25,18369.72,21832.43,False,18369.72,2012-10-26,13,Seasonal baseline
18,80,2013-01-25,801.02,634.37,False,801.02,2012-10-26,13,Seasonal baseline
18,81,2013-01-25,12164.19,14036.52,False,12164.19,2012-10-26,13,Seasonal baseline
18,82,2013-01-25,10274.83,28394.02,False,10274.83,2012-10-26,13,Seasonal baseline
18,83,2013-01-25,1404.97,1622.36,False,1404.97,2012-10-26,13,Seasonal baseline
18,85,2013-01-25,1373.62,2374.69,False,1373.62,2012-10-26,13,Seasonal baseline
18,87,2013-01-25,17943.46,17935.77,False,17943.46,2012-10-26,13,Seasonal baseline
18,90,2013-01-25,24277.32,28935.82,False,24277.32,2012-10-26,13,Seasonal baseline
18,91,2013-01-25,23001.65,25552.73,False,23001.65,2012-10-26,13,Seasonal baseline
18,92,2013-01-25,54759.26,79880.45,False,54759.26,2012-10-26,13,Seasonal baseline
18,93,2013-01-25,2575.36,3040.58,False,2575.36,2012-10-26,13,Seasonal baseline
18,94,2013-01-25,8814.53,8188.72,False,8814.53,2012-10-26,13,Seasonal baseline
18,95,2013-01-25,46437.5,63251.27,False,46437.5,2012-10-26,13,Seasonal baseline
18,96,2013-01-25,23.18,-11.51,False,23.18,2012-10-26,13,Seasonal baseline
18,97,2013-01-25,6115.3,7883.3,False,6115.3,2012-10-26,13,Seasonal baseline
18,98,2013-01-25,1366.81,2304.62,False,1366.81,2012-10-26,13,Seasonal baseline
19,1,2013-01-25,16279.46,33686.67,False,16279.46,2012-10-26,13,Seasonal baseline
19,2,2013-01-25,46701.89,46788.18,False,46701.89,2012-10-26,13,Seasonal baseline
19,3,2013-01-25,28469.21,11691.02,False,28469.21,2012-10-26,13,Seasonal baseline
19,4,2013-01-25,29574.3,27783.22,False,29574.3,2012-10-26,13,Seasonal baseline
19,5,2013-01-25,18018.47,25760.45,False,18018.47,2012-10-26,13,Seasonal baseline
19,6,2013-01-25,2840.22,3857.38,False,2840.22,2012-10-26,13,Seasonal baseline
19,7,2013-01-25,18390.59,22844.02,False,18390.59,2012-10-26,13,Seasonal baseline
19,8,2013-01-25,39258.31,42484.11,False,39258.31,2012-10-26,13,Seasonal baseline
19,9,2013-01-25,12450.45,31404.13,False,12450.45,2012-10-26,13,Seasonal baseline
19,10,2013-01-25,18107.58,28101.78,False,18107.58,2012-10-26,13,Seasonal baseline
19,11,2013-01-25,16568.15,15790.65,False,16568.15,2012-10-26,13,Seasonal baseline
19,12,2013-01-25,5352.42,6370.86,False,5352.42,2012-10-26,13,Seasonal baseline
19,13,2013-01-25,31289.19,31426.88,False,31289.19,2012-10-26,13,Seasonal baseline
19,14,2013-01-25,16106.88,16746.9,False,16106.88,2012-10-26,13,Seasonal baseline
19,16,2013-01-25,4210.95,6855.51,False,4210.95,2012-10-26,13,Seasonal baseline
19,17,2013-01-25,16716.18,15292.5,False,16716.18,2012-10-26,13,Seasonal baseline
19,18,2013-01-25,2047.71,22735.49,False,2047.71,2012-10-26,13,Seasonal baseline
19,20,2013-01-25,5578.68,4747.05,False,5578.68,2012-10-26,13,Seasonal baseline
19,21,2013-01-25,5441.39,5716.74,False,5441.39,2012-10-26,13,Seasonal baseline
19,22,2013-01-25,10384.26,9916.15,False,10384.26,2012-10-26,13,Seasonal baseline
19,23,2013-01-25,19383.8,28532.5,False,19383.8,2012-10-26,13,Seasonal baseline
19,24,2013-01-25,2734.02,4935.41,False,2734.02,2012-10-26,13,Seasonal baseline
19,25,2013-01-25,7380.31,11198.84,False,7380.31,2012-10-26,13,Seasonal baseline
19,26,2013-01-25,5184.05,7135.21,False,5184.05,2012-10-26,13,Seasonal baseline
19,27,2013-01-25,2620.47,3177.65,False,2620.47,2012-10-26,13,Seasonal baseline
19,28,2013-01-25,809.16,1837.59,False,809.16,2012-10-26,13,Seasonal baseline
19,29,2013-01-25,4091.3,5988.33,False,4091.3,2012-10-26,13,Seasonal baseline
19,30,2013-01-25,3038.2,3740.12,False,3038.2,2012-10-26,13,Seasonal baseline
19,31,2013-01-25,2329.52,3128.17,False,2329.52,2012-10-26,13,Seasonal baseline
19,32,2013-01-25,4438.93,5341.61,False,4438.93,2012-10-26,13,Seasonal baseline
19,33,2013-01-25,3192.76,5740.14,False,3192.76,2012-10-26,13,Seasonal baseline
19,34,2013-01-25,10724.97,15027.26,False,10724.97,2012-10-26,13,Seasonal baseline
19,35,2013-01-25,2130.26,2643.91,False,2130.26,2012-10-26,13,Seasonal baseline
19,36,2013-01-25,924.88,1547.72,False,924.88,2012-10-26,13,Seasonal baseline
19,37,2013-01-25,2232.31,3308.75,False,2232.31,2012-10-26,13,Seasonal baseline
19,38,2013-01-25,89508.71,69839.22,False,89508.71,2012-10-26,13,Seasonal baseline
19,39,2013-01-25,,28.31,True,28.31,2012-10-26,13,Seasonal baseline
19,40,2013-01-25,56554.82,52994.85,False,56554.82,2012-10-26,13,Seasonal baseline
19,41,2013-01-25,1991.25,3266.79,False,1991.25,2012-10-26,13,Seasonal baseline
19,42,2013-01-25,5045.55,6984.87,False,5045.55,2012-10-26,13,Seasonal baseline
19,44,2013-01-25,4439.02,7295.79,False,4439.02,2012-10-26,13,Seasonal baseline
19,46,2013-01-25,20732.84,18463.67,False,20732.84,2012-10-26,13,Seasonal baseline
19,47,2013-01-25,,-18.0,True,-18.0,2012-10-26,13,Seasonal baseline
19,49,2013-01-25,7472.91,5009.53,False,7472.91,2012-10-26,13,Seasonal baseline
19,50,2013-01-25,1150.0,877.0,False,1150.0,2012-10-26,13,Seasonal baseline
19,52,2013-01-25,1177.52,1788.22,False,1177.52,2012-10-26,13,Seasonal baseline
19,54,2013-01-25,50.04,28.92,False,50.04,2012-10-26,13,Seasonal baseline
19,55,2013-01-25,8144.36,10844.43,False,8144.36,2012-10-26,13,Seasonal baseline
19,56,2013-01-25,504.19,1047.77,False,504.19,2012-10-26,13,Seasonal baseline
19,58,2013-01-25,1260.0,8420.0,False,1260.0,2012-10-26,13,Seasonal baseline
19,59,2013-01-25,220.52,240.24,False,220.52,2012-10-26,13,Seasonal baseline
19,60,2013-01-25,454.2,351.0,False,454.2,2012-10-26,13,Seasonal baseline
19,67,2013-01-25,10309.57,11158.49,False,10309.57,2012-10-26,13,Seasonal baseline
19,71,2013-01-25,4717.5,4131.37,False,4717.5,2012-10-26,13,Seasonal baseline
19,72,2013-01-25,74503.88,66604.37,False,74503.88,2012-10-26,13,Seasonal baseline
19,74,2013-01-25,16969.7,15044.53,False,16969.7,2012-10-26,13,Seasonal baseline
19,79,2013-01-25,19283.11,17854.65,False,19283.11,2012-10-26,13,Seasonal baseline
19,80,2013-01-25,20778.86,20890.52,False,20778.86,2012-10-26,13,Seasonal baseline
19,81,2013-01-25,21858.39,20118.44,False,21858.39,2012-10-26,13,Seasonal baseline
19,82,2013-01-25,18670.0,20545.67,False,18670.0,2012-10-26,13,Seasonal baseline
19,83,2013-01-25,3872.16,2926.69,False,3872.16,2012-10-26,13,Seasonal baseline
19,85,2013-01-25,3000.15,4599.0,False,3000.15,2012-10-26,13,Seasonal baseline
19,87,2013-01-25,15113.74,20049.66,False,15113.74,2012-10-26,13,Seasonal baseline
19,90,2013-01-25,70948.69,64921.67,False,70948.69,2012-10-26,13,Seasonal baseline
19,91,2013-01-25,57032.68,47371.14,False,57032.68,2012-10-26,13,Seasonal baseline
19,92,2013-01-25,122906.96,109033.04,False,122906.96,2012-10-26,13,Seasonal baseline
19,93,2013-01-25,34806.75,32969.9,False,34806.75,2012-10-26,13,Seasonal baseline
19,94,2013-01-25,37278.36,31937.9,False,37278.36,2012-10-26,13,Seasonal baseline
19,95,2013-01-25,92325.62,85833.32,False,92325.62,2012-10-26,13,Seasonal baseline
19,96,2013-01-25,12472.79,14940.26,False,12472.79,2012-10-26,13,Seasonal baseline
19,97,2013-01-25,18137.04,16879.99,False,18137.04,2012-10-26,13,Seasonal baseline
19,98,2013-01-25,10930.15,13561.84,False,10930.15,2012-10-26,13,Seasonal baseline
20,1,2013-01-25,26339.8,55623.24,False,26339.8,2012-10-26,13,Seasonal baseline
20,2,2013-01-25,71700.91,71738.18,False,71700.91,2012-10-26,13,Seasonal baseline
20,3,2013-01-25,15884.55,10885.25,False,15884.55,2012-10-26,13,Seasonal baseline
20,4,2013-01-25,45272.12,49009.46,False,45272.12,2012-10-26,13,Seasonal baseline
20,5,2013-01-25,29568.19,43753.95,False,29568.19,2012-10-26,13,Seasonal baseline
20,6,2013-01-25,3472.76,6802.56,False,3472.76,2012-10-26,13,Seasonal baseline
20,7,2013-01-25,22001.9,64594.17,False,22001.9,2012-10-26,13,Seasonal baseline
20,8,2013-01-25,68134.48,81543.54,False,68134.48,2012-10-26,13,Seasonal baseline
20,9,2013-01-25,14311.87,37357.51,False,14311.87,2012-10-26,13,Seasonal baseline
20,10,2013-01-25,34251.33,51032.27,False,34251.33,2012-10-26,13,Seasonal baseline
20,11,2013-01-25,18859.74,20101.09,False,18859.74,2012-10-26,13,Seasonal baseline
20,12,2013-01-25,4891.89,8411.45,False,4891.89,2012-10-26,13,Seasonal baseline
20,13,2013-01-25,50508.59,52274.87,False,50508.59,2012-10-26,13,Seasonal baseline
20,14,2013-01-25,20049.87,20237.54,False,20049.87,2012-10-26,13,Seasonal baseline
20,16,2013-01-25,5671.94,4841.71,False,5671.94,2012-10-26,13,Seasonal baseline
20,17,2013-01-25,14707.59,18535.65,False,14707.59,2012-10-26,13,Seasonal baseline
20,18,2013-01-25,3938.69,22957.53,False,3938.69,2012-10-26,13,Seasonal baseline
20,19,2013-01-25,,-3.97,True,-3.97,2012-10-26,13,Seasonal baseline
20,20,2013-01-25,5779.38,4926.16,False,5779.38,2012-10-26,13,Seasonal baseline
20,21,2013-01-25,10246.61,11958.56,False,10246.61,2012-10-26,13,Seasonal baseline
20,22,2013-01-25,10113.03,11996.42,False,10113.03,2012-10-26,13,Seasonal baseline
20,23,2013-01-25,23647.71,32653.58,False,23647.71,2012-10-26,13,Seasonal baseline
20,24,2013-01-25,3387.03,9558.02,False,3387.03,2012-10-26,13,Seasonal baseline
20,25,2013-01-25,11248.94,15507.0,False,11248.94,2012-10-26,13,Seasonal baseline
20,26,2013-01-25,8236.58,13804.9,False,8236.58,2012-10-26,13,Seasonal baseline
20,27,2013-01-25,2459.66,2794.01,False,2459.66,2012-10-26,13,Seasonal baseline
20,28,2013-01-25,830.02,1493.63,False,830.02,2012-10-26,13,Seasonal baseline
20,29,2013-01-25,6514.37,7034.57,False,6514.37,2012-10-26,13,Seasonal baseline
20,30,2013-01-25,4566.84,4767.98,False,4566.84,2012-10-26,13,Seasonal baseline
20,31,2013-01-25,2666.44,2861.83,False,2666.44,2012-10-26,13,Seasonal baseline
20,32,2013-01-25,8787.16,10498.09,False,8787.16,2012-10-26,13,Seasonal baseline
20,33,2013-01-25,4873.74,9676.34,False,4873.74,2012-10-26,13,Seasonal baseline
20,34,2013-01-25,12979.08,20153.13,False,12979.08,2012-10-26,13,Seasonal baseline
20,35,2013-01-25,3659.84,5331.93,False,3659.84,2012-10-26,13,Seasonal baseline
20,36,2013-01-25,2802.16,2004.44,False,2802.16,2012-10-26,13,Seasonal baseline
20,37,2013-01-25,3913.21,4735.38,False,3913.21,2012-10-26,13,Seasonal baseline
20,38,2013-01-25,123303.36,108597.09,False,123303.36,2012-10-26,13,Seasonal baseline
20,40,2013-01-25,87469.02,87201.43,False,87469.02,2012-10-26,13,Seasonal baseline
20,41,2013-01-25,1021.25,6934.46,False,1021.25,2012-10-26,13,Seasonal baseline
20,42,2013-01-25,8000.53,9964.13,False,8000.53,2012-10-26,13,Seasonal baseline
20,44,2013-01-25,6728.78,10273.49,False,6728.78,2012-10-26,13,Seasonal baseline
20,46,2013-01-25,28886.19,29213.23,False,28886.19,2012-10-26,13,Seasonal baseline
20,48,2013-01-25,709.0,2437.0,False,709.0,2012-10-26,13,Seasonal baseline
20,49,2013-01-25,23634.93,18650.94,False,23634.93,2012-10-26,13,Seasonal baseline
20,50,2013-01-25,3825.5,2486.5,False,3825.5,2012-10-26,13,Seasonal baseline
20,52,2013-01-25,2330.35,2562.04,False,2330.35,2012-10-26,13,Seasonal baseline
20,54,2013-01-25,58.92,9.76,False,58.92,2012-10-26,13,Seasonal baseline
20,55,2013-01-25,12489.2,18965.73,False,12489.2,2012-10-26,13,Seasonal baseline
20,56,2013-01-25,1050.8,590.64,False,1050.8,2012-10-26,13,Seasonal baseline
20,58,2013-01-25,,6195.0,True,6195.0,2012-10-26,13,Seasonal baseline
20,59,2013-01-25,613.96,526.01,False,613.96,2012-10-26,13,Seasonal baseline
20,60,2013-01-25,641.0,531.0,False,641.0,2012-10-26,13,Seasonal baseline
20,67,2013-01-25,12047.86,16394.56,False,12047.86,2012-10-26,13,Seasonal baseline
20,71,2013-01-25,6794.49,6407.73,False,6794.49,2012-10-26,13,Seasonal baseline
20,72,2013-01-25,78550.53,86319.25,False,78550.53,2012-10-26,13,Seasonal baseline
20,74,2013-01-25,20068.42,18137.52,False,20068.42,2012-10-26,13,Seasonal baseline
20,79,2013-01-25,34791.86,34659.33,False,34791.86,2012-10-26,13,Seasonal baseline
20,80,2013-01-25,36867.25,38326.84,False,36867.25,2012-10-26,13,Seasonal baseline
20,81,2013-01-25,30435.99,34302.02,False,30435.99,2012-10-26,13,Seasonal baseline
20,82,2013-01-25,22887.28,32798.62,False,22887.28,2012-10-26,13,Seasonal baseline
20,83,2013-01-25,5396.41,3863.3,False,5396.41,2012-10-26,13,Seasonal baseline
20,85,2013-01-25,2794.1,4807.21,False,2794.1,2012-10-26,13,Seasonal baseline
20,87,2013-01-25,44381.59,45057.81,False,44381.59,2012-10-26,13,Seasonal baseline
20,90,2013-01-25,93961.42,93460.57,False,93961.42,2012-10-26,13,Seasonal baseline
20,91,2013-01-25,73363.05,68510.86,False,73363.05,2012-10-26,13,Seasonal baseline
20,92,2013-01-25,155429.53,160785.98,False,155429.53,2012-10-26,13,Seasonal baseline
20,93,2013-01-25,44872.2,45077.0,False,44872.2,2012-10-26,13,Seasonal baseline
20,94,2013-01-25,57668.77,59836.84,False,57668.77,2012-10-26,13,Seasonal baseline
20,95,2013-01-25,125089.71,141644.44,False,125089.71,2012-10-26,13,Seasonal baseline
20,97,2013-01-25,22008.78,22627.7,False,22008.78,2012-10-26,13,Seasonal baseline
20,98,2013-01-25,16566.46,22042.55,False,16566.46,2012-10-26,13,Seasonal baseline
21,1,2013-01-25,13300.3,17417.37,False,13300.3,2012-10-26,13,Seasonal baseline
21,2,2013-01-25,42044.33,45086.05,False,42044.33,2012-10-26,13,Seasonal baseline
21,3,2013-01-25,12378.74,8472.29,False,12378.74,2012-10-26,13,Seasonal baseline
21,4,2013-01-25,17346.41,16549.33,False,17346.41,2012-10-26,13,Seasonal baseline
21,5,2013-01-25,12180.38,14560.82,False,12180.38,2012-10-26,13,Seasonal baseline
21,6,2013-01-25,1738.88,1721.05,False,1738.88,2012-10-26,13,Seasonal baseline
21,7,2013-01-25,11647.81,18901.07,False,11647.81,2012-10-26,13,Seasonal baseline
21,8,2013-01-25,15480.88,16066.44,False,15480.88,2012-10-26,13,Seasonal baseline
21,9,2013-01-25,9780.41,14822.42,False,9780.41,2012-10-26,13,Seasonal baseline
21,10,2013-01-25,11407.96,12538.6,False,11407.96,2012-10-26,13,Seasonal baseline
21,11,2013-01-25,9088.78,10170.58,False,9088.78,2012-10-26,13,Seasonal baseline
21,12,2013-01-25,2408.67,2475.61,False,2408.67,2012-10-26,13,Seasonal baseline
21,13,2013-01-25,26188.5,25437.03,False,26188.5,2012-10-26,13,Seasonal baseline
21,14,2013-01-25,12234.39,12839.17,False,12234.39,2012-10-26,13,Seasonal baseline
21,16,2013-01-25,1619.33,1354.08,False,1619.33,2012-10-26,13,Seasonal baseline
21,17,2013-01-25,5493.35,5775.76,False,5493.35,2012-10-26,13,Seasonal baseline
21,18,2013-01-25,1802.04,12669.05,False,1802.04,2012-10-26,13,Seasonal baseline
21,19,2013-01-25,1303.09,2068.97,False,1303.09,2012-10-26,13,Seasonal baseline
21,20,2013-01-25,3499.43,4428.92,False,3499.43,2012-10-26,13,Seasonal baseline
21,21,2013-01-25,2618.73,2993.57,False,2618.73,2012-10-26,13,Seasonal baseline
21,22,2013-01-25,5625.8,7964.78,False,5625.8,2012-10-26,13,Seasonal baseline
21,23,2013-01-25,25640.99,33724.7,False,25640.99,2012-10-26,13,Seasonal baseline
21,24,2013-01-25,4521.42,9739.17,False,4521.42,2012-10-26,13,Seasonal baseline
21,25,2013-01-25,12054.17,16775.68,False,12054.17,2012-10-26,13,Seasonal baseline
21,26,2013-01-25,6975.63,11819.2,False,6975.63,2012-10-26,13,Seasonal baseline
21,27,2013-01-25,1515.22,2574.93,False,1515.22,2012-10-26,13,Seasonal baseline
21,28,2013-01-25,855.15,735.86,False,855.15,2012-10-26,13,Seasonal baseline
21,29,2013-01-25,4098.42,5058.1,False,4098.42,2012-10-26,13,Seasonal baseline
21,30,2013-01-25,3109.08,4318.48,False,3109.08,2012-10-26,13,Seasonal baseline
21,31,2013-01-25,2709.2,3668.43,False,2709.2,2012-10-26,13,Seasonal baseline
21,32,2013-01-25,3720.64,4805.04,False,3720.64,2012-10-26,13,Seasonal baseline
21,33,2013-01-25,5118.12,9098.5,False,5118.12,2012-10-26,13,Seasonal baseline
21,34,2013-01-25,13628.44,18124.24,False,13628.44,2012-10-26,13,Seasonal baseline
21,35,2013-01-25,1569.86,2191.29,False,1569.86,2012-10-26,13,Seasonal baseline
21,36,2013-01-25,1340.31,1376.48,False,1340.31,2012-10-26,13,Seasonal baseline
21,38,2013-01-25,42348.52,29891.62,False,42348.52,2012-10-26,13,Seasonal baseline
21,40,2013-01-25,38066.22,38642.59,False,38066.22,2012-10-26,13,Seasonal baseline
21,41,2013-01-25,954.0,3607.14,False,954.0,2012-10-26,13,Seasonal baseline
21,42,2013-01-25,4999.01,5704.4,False,4999.01,2012-10-26,13,Seasonal baseline
21,44,2013-01-25,4197.64,5534.94,False,4197.64,2012-10-26,13,Seasonal baseline
21,46,2013-01-25,16419.42,16432.01,False,16419.42,2012-10-26,13,Seasonal baseline
21,49,2013-01-25,8912.94,11692.02,False,8912.94,2012-10-26,13,Seasonal baseline
21,52,2013-01-25,2218.95,2975.42,False,2218.95,2012-10-26,13,Seasonal baseline
21,55,2013-01-25,5867.18,5374.32,False,5867.18,2012-10-26,13,Seasonal baseline
21,56,2013-01-25,101.61,398.79,False,101.61,2012-10-26,13,Seasonal baseline
21,58,2013-01-25,,640.0,True,640.0,2012-10-26,13,Seasonal baseline
21,59,2013-01-25,124.33,192.5,False,124.33,2012-10-26,13,Seasonal baseline
21,60,2013-01-25,179.4,135.0,False,179.4,2012-10-26,13,Seasonal baseline
21,67,2013-01-25,3510.6,5009.14,False,3510.6,2012-10-26,13,Seasonal baseline
21,71,2013-01-25,2989.03,3878.9,False,2989.03,2012-10-26,13,Seasonal baseline
21,72,2013-01-25,30205.56,28988.28,False,30205.56,2012-10-26,13,Seasonal baseline
21,74,2013-01-25,11119.84,9257.78,False,11119.84,2012-10-26,13,Seasonal baseline
21,79,2013-01-25,23235.41,18356.24,False,23235.41,2012-10-26,13,Seasonal baseline
21,80,2013-01-25,65.99,10.97,False,65.99,2012-10-26,13,Seasonal baseline
21,81,2013-01-25,5466.46,6087.83,False,5466.46,2012-10-26,13,Seasonal baseline
21,82,2013-01-25,13615.64,14190.06,False,13615.64,2012-10-26,13,Seasonal baseline
21,83,2013-01-25,103.08,132.38,False,103.08,2012-10-26,13,Seasonal baseline
21,85,2013-01-25,1128.16,789.78,False,1128.16,2012-10-26,13,Seasonal baseline
21,87,2013-01-25,5930.34,5649.49,False,5930.34,2012-10-26,13,Seasonal baseline
21,90,2013-01-25,12003.1,11201.39,False,12003.1,2012-10-26,13,Seasonal baseline
21,91,2013-01-25,5906.28,6273.45,False,5906.28,2012-10-26,13,Seasonal baseline
21,92,2013-01-25,25813.9,24871.26,False,25813.9,2012-10-26,13,Seasonal baseline
21,93,2013-01-25,634.14,499.9,False,634.14,2012-10-26,13,Seasonal baseline
21,94,2013-01-25,285.0,523.25,False,285.0,2012-10-26,13,Seasonal baseline
21,95,2013-01-25,35427.22,36753.31,False,35427.22,2012-10-26,13,Seasonal baseline
21,97,2013-01-25,3254.58,3157.53,False,3254.58,2012-10-26,13,Seasonal baseline
21,98,2013-01-25,155.18,28.12,False,155.18,2012-10-26,13,Seasonal baseline
22,1,2013-01-25,14342.27,38973.0,False,14342.27,2012-10-26,13,Seasonal baseline
22,2,2013-01-25,43131.91,51685.86,False,43131.91,2012-10-26,13,Seasonal baseline
22,3,2013-01-25,10100.17,7737.38,False,10100.17,2012-10-26,13,Seasonal baseline
22,4,2013-01-25,26045.81,37655.25,False,26045.81,2012-10-26,13,Seasonal baseline
22,5,2013-01-25,14664.76,22700.1,False,14664.76,2012-10-26,13,Seasonal baseline
22,6,2013-01-25,2974.02,2946.16,False,2974.02,2012-10-26,13,Seasonal baseline
22,7,2013-01-25,14600.03,24205.43,False,14600.03,2012-10-26,13,Seasonal baseline
22,8,2013-01-25,31336.04,42911.56,False,31336.04,2012-10-26,13,Seasonal baseline
22,9,2013-01-25,9779.08,26417.14,False,9779.08,2012-10-26,13,Seasonal baseline
22,10,2013-01-25,17728.45,20541.58,False,17728.45,2012-10-26,13,Seasonal baseline
22,11,2013-01-25,10475.89,11678.8,False,10475.89,2012-10-26,13,Seasonal baseline
22,12,2013-01-25,2363.41,3306.16,False,2363.41,2012-10-26,13,Seasonal baseline
22,13,2013-01-25,29349.08,40691.78,False,29349.08,2012-10-26,13,Seasonal baseline
22,14,2013-01-25,12413.46,16601.85,False,12413.46,2012-10-26,13,Seasonal baseline
22,16,2013-01-25,4007.39,4210.0,False,4007.39,2012-10-26,13,Seasonal baseline
22,17,2013-01-25,11738.68,15295.02,False,11738.68,2012-10-26,13,Seasonal baseline
22,18,2013-01-25,2603.79,27441.04,False,2603.79,2012-10-26,13,Seasonal baseline
22,19,2013-01-25,910.76,2031.74,False,910.76,2012-10-26,13,Seasonal baseline
22,20,2013-01-25,4613.1,4928.61,False,4613.1,2012-10-26,13,Seasonal baseline
22,21,2013-01-25,3515.62,5907.63,False,3515.62,2012-10-26,13,Seasonal baseline
22,22,2013-01-25,8056.73,10741.48,False,8056.73,2012-10-26,13,Seasonal baseline
22,23,2013-01-25,18022.2,30307.26,False,18022.2,2012-10-26,13,Seasonal baseline
22,24,2013-01-25,5596.06,8343.45,False,5596.06,2012-10-26,13,Seasonal baseline
22,25,2013-01-25,8647.92,10918.5,False,8647.92,2012-10-26,13,Seasonal baseline
22,26,2013-01-25,5040.49,9881.33,False,5040.49,2012-10-26,13,Seasonal baseline
22,27,2013-01-25,2052.93,2616.5,False,2052.93,2012-10-26,13,Seasonal baseline
22,28,2013-01-25,739.62,1396.64,False,739.62,2012-10-26,13,Seasonal baseline
22,29,2013-01-25,6015.71,7662.57,False,6015.71,2012-10-26,13,Seasonal baseline
22,30,2013-01-25,2707.34,3616.92,False,2707.34,2012-10-26,13,Seasonal baseline
22,31,2013-01-25,1481.57,3211.24,False,1481.57,2012-10-26,13,Seasonal baseline
22,32,2013-01-25,3893.22,5051.14,False,3893.22,2012-10-26,13,Seasonal baseline
22,33,2013-01-25,4486.71,8032.91,False,4486.71,2012-10-26,13,Seasonal baseline
22,34,2013-01-25,13127.91,22569.23,False,13127.91,2012-10-26,13,Seasonal baseline
22,35,2013-01-25,1672.97,4945.25,False,1672.97,2012-10-26,13,Seasonal baseline
22,36,2013-01-25,1177.22,2177.56,False,1177.22,2012-10-26,13,Seasonal baseline
22,38,2013-01-25,78296.21,75239.03,False,78296.21,2012-10-26,13,Seasonal baseline
22,40,2013-01-25,47989.37,59152.96,False,47989.37,2012-10-26,13,Seasonal baseline
22,41,2013-01-25,476.5,775.94,False,476.5,2012-10-26,13,Seasonal baseline
22,42,2013-01-25,5623.65,8581.38,False,5623.65,2012-10-26,13,Seasonal baseline
22,44,2013-01-25,4851.94,8169.98,False,4851.94,2012-10-26,13,Seasonal baseline
22,46,2013-01-25,18198.55,21552.42,False,18198.55,2012-10-26,13,Seasonal baseline
22,49,2013-01-25,-35.76,20.94,False,-35.76,2012-10-26,13,Seasonal baseline
22,52,2013-01-25,1704.0,2462.16,False,1704.0,2012-10-26,13,Seasonal baseline
22,54,2013-01-25,24.88,70.84,False,24.88,2012-10-26,13,Seasonal baseline
22,55,2013-01-25,5566.5,9158.8,False,5566.5,2012-10-26,13,Seasonal baseline
22,56,2013-01-25,671.82,645.05,False,671.82,2012-10-26,13,Seasonal baseline
22,58,2013-01-25,1040.0,5680.0,False,1040.0,2012-10-26,13,Seasonal baseline
22,59,2013-01-25,458.9,343.56,False,458.9,2012-10-26,13,Seasonal baseline
22,60,2013-01-25,150.2,567.0,False,150.2,2012-10-26,13,Seasonal baseline
22,67,2013-01-25,8926.57,12381.77,False,8926.57,2012-10-26,13,Seasonal baseline
22,71,2013-01-25,4263.12,3709.35,False,4263.12,2012-10-26,13,Seasonal baseline
22,72,2013-01-25,46475.12,65284.84,False,46475.12,2012-10-26,13,Seasonal baseline
22,74,2013-01-25,13343.92,15270.62,False,13343.92,2012-10-26,13,Seasonal baseline
22,79,2013-01-25,15127.95,17199.82,False,15127.95,2012-10-26,13,Seasonal baseline
22,80,2013-01-25,1580.5,1790.93,False,1580.5,2012-10-26,13,Seasonal baseline
22,81,2013-01-25,11048.85,13885.79,False,11048.85,2012-10-26,13,Seasonal baseline
22,82,2013-01-25,12969.21,28147.58,False,12969.21,2012-10-26,13,Seasonal baseline
22,83,2013-01-25,1286.01,1530.5,False,1286.01,2012-10-26,13,Seasonal baseline
22,85,2013-01-25,1938.45,2543.68,False,1938.45,2012-10-26,13,Seasonal baseline
22,87,2013-01-25,12423.13,14326.18,False,12423.13,2012-10-26,13,Seasonal baseline
22,90,2013-01-25,21852.89,25682.16,False,21852.89,2012-10-26,13,Seasonal baseline
22,91,2013-01-25,19565.83,21763.4,False,19565.83,2012-10-26,13,Seasonal baseline
22,92,2013-01-25,48126.14,65678.39,False,48126.14,2012-10-26,13,Seasonal baseline
22,93,2013-01-25,2051.82,2885.6,False,2051.82,2012-10-26,13,Seasonal baseline
22,94,2013-01-25,151.96,3.88,False,151.96,2012-10-26,13,Seasonal baseline
22,95,2013-01-25,46915.18,65248.72,False,46915.18,2012-10-26,13,Seasonal baseline
22,96,2013-01-25,,6.5,True,6.5,2012-10-26,13,Seasonal baseline
22,97,2013-01-25,3714.8,5095.64,False,3714.8,2012-10-26,13,Seasonal baseline
22,98,2013-01-25,268.7,229.21,False,268.7,2012-10-26,13,Seasonal baseline
23,1,2013-01-25,24373.88,57391.58,False,24373.88,2012-10-26,13,Seasonal baseline
23,2,2013-01-25,55293.72,66410.81,False,55293.72,2012-10-26,13,Seasonal baseline
23,3,2013-01-25,14621.27,12668.32,False,14621.27,2012-10-26,13,Seasonal baseline
23,4,2013-01-25,22167.45,28017.74,False,22167.45,2012-10-26,13,Seasonal baseline
23,5,2013-01-25,25710.13,35125.5,False,25710.13,2012-10-26,13,Seasonal baseline
23,6,2013-01-25,3098.1,4356.02,False,3098.1,2012-10-26,13,Seasonal baseline
23,7,2013-01-25,16151.44,33096.71,False,16151.44,2012-10-26,13,Seasonal baseline
23,8,2013-01-25,31637.38,40244.15,False,31637.38,2012-10-26,13,Seasonal baseline
23,9,2013-01-25,21186.98,41643.31,False,21186.98,2012-10-26,13,Seasonal baseline
23,10,2013-01-25,23707.46,27794.8,False,23707.46,2012-10-26,13,Seasonal baseline
23,11,2013-01-25,22916.69,25080.96,False,22916.69,2012-10-26,13,Seasonal baseline
23,12,2013-01-25,3188.51,5510.37,False,3188.51,2012-10-26,13,Seasonal baseline
23,13,2013-01-25,28994.31,36661.84,False,28994.31,2012-10-26,13,Seasonal baseline
23,14,2013-01-25,23919.41,30866.79,False,23919.41,2012-10-26,13,Seasonal baseline
23,16,2013-01-25,3665.13,4971.83,False,3665.13,2012-10-26,13,Seasonal baseline
23,17,2013-01-25,21042.98,25373.35,False,21042.98,2012-10-26,13,Seasonal baseline
23,18,2013-01-25,2108.57,27008.5,False,2108.57,2012-10-26,13,Seasonal baseline
23,19,2013-01-25,745.52,1436.75,False,745.52,2012-10-26,13,Seasonal baseline
23,20,2013-01-25,8454.46,9436.83,False,8454.46,2012-10-26,13,Seasonal baseline
23,21,2013-01-25,6350.49,8899.7,False,6350.49,2012-10-26,13,Seasonal baseline
23,22,2013-01-25,16711.92,19183.85,False,16711.92,2012-10-26,13,Seasonal baseline
23,23,2013-01-25,30749.32,51203.34,False,30749.32,2012-10-26,13,Seasonal baseline
23,24,2013-01-25,5885.59,11300.4,False,5885.59,2012-10-26,13,Seasonal baseline
23,25,2013-01-25,8409.68,15000.54,False,8409.68,2012-10-26,13,Seasonal baseline
23,26,2013-01-25,6928.67,13614.19,False,6928.67,2012-10-26,13,Seasonal baseline
23,27,2013-01-25,2688.56,4823.64,False,2688.56,2012-10-26,13,Seasonal baseline
23,28,2013-01-25,1144.97,2434.03,False,1144.97,2012-10-26,13,Seasonal baseline
23,29,2013-01-25,7743.59,11872.74,False,7743.59,2012-10-26,13,Seasonal baseline
23,30,2013-01-25,4997.52,6530.32,False,4997.52,2012-10-26,13,Seasonal baseline
23,31,2013-01-25,3185.42,4624.13,False,3185.42,2012-10-26,13,Seasonal baseline
23,32,2013-01-25,6473.72,8134.15,False,6473.72,2012-10-26,13,Seasonal baseline
23,33,2013-01-25,4921.04,10462.62,False,4921.04,2012-10-26,13,Seasonal baseline
23,34,2013-01-25,14981.6,24845.08,False,14981.6,2012-10-26,13,Seasonal baseline
23,35,2013-01-25,3078.35,4447.63,False,3078.35,2012-10-26,13,Seasonal baseline
23,36,2013-01-25,3153.98,2407.25,False,3153.98,2012-10-26,13,Seasonal baseline
23,38,2013-01-25,43200.02,46706.24,False,43200.02,2012-10-26,13,Seasonal baseline
23,40,2013-01-25,54584.17,62950.8,False,54584.17,2012-10-26,13,Seasonal baseline
23,41,2013-01-25,1458.5,2091.03,False,1458.5,2012-10-26,13,Seasonal baseline
23,42,2013-01-25,10134.34,12043.19,False,10134.34,2012-10-26,13,Seasonal baseline
23,44,2013-01-25,6061.57,8549.65,False,6061.57,2012-10-26,13,Seasonal baseline
23,46,2013-01-25,30307.28,32815.19,False,30307.28,2012-10-26,13,Seasonal baseline
23,49,2013-01-25,28824.77,30540.38,False,28824.77,2012-10-26,13,Seasonal baseline
23,50,2013-01-25,6200.0,7723.0,False,6200.0,2012-10-26,13,Seasonal baseline
23,52,2013-01-25,2264.41,2859.55,False,2264.41,2012-10-26,13,Seasonal baseline
23,54,2013-01-25,16.0,32.76,False,16.0,2012-10-26,13,Seasonal baseline
23,55,2013-01-25,9578.52,12614.78,False,9578.52,2012-10-26,13,Seasonal baseline
23,56,2013-01-25,575.01,1489.17,False,575.01,2012-10-26,13,Seasonal baseline
23,58,2013-01-25,520.0,5145.0,False,520.0,2012-10-26,13,Seasonal baseline
23,59,2013-01-25,424.97,354.37,False,424.97,2012-10-26,13,Seasonal baseline
23,60,2013-01-25,35.2,126.0,False,35.2,2012-10-26,13,Seasonal baseline
23,67,2013-01-25,11748.36,13241.28,False,11748.36,2012-10-26,13,Seasonal baseline
23,71,2013-01-25,9462.64,9824.98,False,9462.64,2012-10-26,13,Seasonal baseline
23,72,2013-01-25,53855.03,51421.23,False,53855.03,2012-10-26,13,Seasonal baseline
23,74,2013-01-25,27119.02,35005.78,False,27119.02,2012-10-26,13,Seasonal baseline
23,79,2013-01-25,26201.7,26685.99,False,26201.7,2012-10-26,13,Seasonal baseline
23,80,2013-01-25,1914.28,1564.84,False,1914.28,2012-10-26,13,Seasonal baseline
23,81,2013-01-25,7332.0,9131.38,False,7332.0,2012-10-26,13,Seasonal baseline
23,82,2013-01-25,13383.73,25884.17,False,13383.73,2012-10-26,13,Seasonal baseline
23,83,2013-01-25,1269.1,1062.54,False,1269.1,2012-10-26,13,Seasonal baseline
23,85,2013-01-25,2557.52,3935.06,False,2557.52,2012-10-26,13,Seasonal baseline
23,87,2013-01-25,25314.89,32810.03,False,25314.89,2012-10-26,13,Seasonal baseline
23,90,2013-01-25,23337.85,25010.53,False,23337.85,2012-10-26,13,Seasonal baseline
23,91,2013-01-25,26689.64,22229.8,False,26689.64,2012-10-26,13,Seasonal baseline
23,92,2013-01-25,61672.56,73499.33,False,61672.56,2012-10-26,13,Seasonal baseline
23,93,2013-01-25,2056.94,1882.72,False,2056.94,2012-10-26,13,Seasonal baseline
23,95,2013-01-25,50150.74,53512.83,False,50150.74,2012-10-26,13,Seasonal baseline
23,96,2013-01-25,12270.97,14767.63,False,12270.97,2012-10-26,13,Seasonal baseline
23,97,2013-01-25,6417.36,6900.44,False,6417.36,2012-10-26,13,Seasonal baseline
23,98,2013-01-25,149.48,163.15,False,149.48,2012-10-26,13,Seasonal baseline
24,1,2013-01-25,12677.35,26287.58,False,12677.35,2012-10-26,13,Seasonal baseline
24,2,2013-01-25,32459.07,38496.62,False,32459.07,2012-10-26,13,Seasonal baseline
24,3,2013-01-25,9161.16,7733.14,False,9161.16,2012-10-26,13,Seasonal baseline
24,4,2013-01-25,23478.48,28764.29,False,23478.48,2012-10-26,13,Seasonal baseline
24,5,2013-01-25,19874.15,22751.75,False,19874.15,2012-10-26,13,Seasonal baseline
24,6,2013-01-25,2090.33,3061.18,False,2090.33,2012-10-26,13,Seasonal baseline
24,7,2013-01-25,12990.37,21461.95,False,12990.37,2012-10-26,13,Seasonal baseline
24,8,2013-01-25,42884.2,55881.32,False,42884.2,2012-10-26,13,Seasonal baseline
24,9,2013-01-25,8104.91,22928.77,False,8104.91,2012-10-26,13,Seasonal baseline
24,10,2013-01-25,22290.36,27789.9,False,22290.36,2012-10-26,13,Seasonal baseline
24,11,2013-01-25,12964.62,15894.59,False,12964.62,2012-10-26,13,Seasonal baseline
24,12,2013-01-25,2845.59,4192.44,False,2845.59,2012-10-26,13,Seasonal baseline
24,13,2013-01-25,21775.34,29614.58,False,21775.34,2012-10-26,13,Seasonal baseline
24,14,2013-01-25,9941.55,14148.38,False,9941.55,2012-10-26,13,Seasonal baseline
24,16,2013-01-25,4680.05,5755.04,False,4680.05,2012-10-26,13,Seasonal baseline
24,17,2013-01-25,11247.03,14335.27,False,11247.03,2012-10-26,13,Seasonal baseline
24,18,2013-01-25,1241.94,18214.95,False,1241.94,2012-10-26,13,Seasonal baseline
24,19,2013-01-25,87.0,80.21,False,87.0,2012-10-26,13,Seasonal baseline
24,20,2013-01-25,3660.08,3892.23,False,3660.08,2012-10-26,13,Seasonal baseline
24,21,2013-01-25,4150.8,4830.34,False,4150.8,2012-10-26,13,Seasonal baseline
24,22,2013-01-25,7830.17,9159.0,False,7830.17,2012-10-26,13,Seasonal baseline
24,23,2013-01-25,13950.31,24398.95,False,13950.31,2012-10-26,13,Seasonal baseline
24,24,2013-01-25,3030.7,4549.13,False,3030.7,2012-10-26,13,Seasonal baseline
24,25,2013-01-25,8011.3,11557.37,False,8011.3,2012-10-26,13,Seasonal baseline
24,26,2013-01-25,4458.93,7654.17,False,4458.93,2012-10-26,13,Seasonal baseline
24,27,2013-01-25,1384.85,2345.21,False,1384.85,2012-10-26,13,Seasonal baseline
24,28,2013-01-25,570.51,995.92,False,570.51,2012-10-26,13,Seasonal baseline
24,29,2013-01-25,3510.47,4984.47,False,3510.47,2012-10-26,13,Seasonal baseline
24,30,2013-01-25,1757.16,3863.05,False,1757.16,2012-10-26,13,Seasonal baseline
24,31,2013-01-25,1198.85,2301.26,False,1198.85,2012-10-26,13,Seasonal baseline
24,32,2013-01-25,1942.18,4831.1,False,1942.18,2012-10-26,13,Seasonal baseline
24,33,2013-01-25,2392.97,5637.1,False,2392.97,2012-10-26,13,Seasonal baseline
24,34,2013-01-25,7754.5,14724.14,False,7754.5,2012-10-26,13,Seasonal baseline
24,35,2013-01-25,1196.82,2205.6,False,1196.82,2012-10-26,13,Seasonal baseline
24,36,2013-01-25,1407.55,942.39,False,1407.55,2012-10-26,13,Seasonal baseline
24,37,2013-01-25,2607.26,3176.78,False,2607.26,2012-10-26,13,Seasonal baseline
24,38,2013-01-25,67078.93,57995.38,False,67078.93,2012-10-26,13,Seasonal baseline
24,40,2013-01-25,42019.64,45908.36,False,42019.64,2012-10-26,13,Seasonal baseline
24,41,2013-01-25,1539.75,1294.54,False,1539.75,2012-10-26,13,Seasonal baseline
24,42,2013-01-25,4696.95,6625.63,False,4696.95,2012-10-26,13,Seasonal baseline
24,44,2013-01-25,3834.52,5604.61,False,3834.52,2012-10-26,13,Seasonal baseline
24,46,2013-01-25,12499.35,14308.81,False,12499.35,2012-10-26,13,Seasonal baseline
24,49,2013-01-25,4439.89,4844.99,False,4439.89,2012-10-26,13,Seasonal baseline
24,50,2013-01-25,1400.0,595.0,False,1400.0,2012-10-26,13,Seasonal baseline
24,52,2013-01-25,913.22,1374.53,False,913.22,2012-10-26,13,Seasonal baseline
24,55,2013-01-25,8522.28,11487.57,False,8522.28,2012-10-26,13,Seasonal baseline
24,56,2013-01-25,589.43,461.03,False,589.43,2012-10-26,13,Seasonal baseline
24,58,2013-01-25,1205.0,2735.0,False,1205.0,2012-10-26,13,Seasonal baseline
24,59,2013-01-25,260.86,217.63,False,260.86,2012-10-26,13,Seasonal baseline
24,60,2013-01-25,160.4,90.0,False,160.4,2012-10-26,13,Seasonal baseline
24,67,2013-01-25,8254.73,9978.99,False,8254.73,2012-10-26,13,Seasonal baseline
24,71,2013-01-25,3289.22,3832.19,False,3289.22,2012-10-26,13,Seasonal baseline
24,72,2013-01-25,47184.74,47111.51,False,47184.74,2012-10-26,13,Seasonal baseline
24,74,2013-01-25,11011.78,14334.32,False,11011.78,2012-10-26,13,Seasonal baseline
24,79,2013-01-25,17995.14,20413.54,False,17995.14,2012-10-26,13,Seasonal baseline
24,80,2013-01-25,26766.27,28520.29,False,26766.27,2012-10-26,13,Seasonal baseline
24,81,2013-01-25,21084.73,25379.61,False,21084.73,2012-10-26,13,Seasonal baseline
24,82,2013-01-25,13019.96,24047.83,False,13019.96,2012-10-26,13,Seasonal baseline
24,83,2013-01-25,3396.55,3606.65,False,3396.55,2012-10-26,13,Seasonal baseline
24,85,2013-01-25,1028.94,1566.93,False,1028.94,2012-10-26,13,Seasonal baseline
24,87,2013-01-25,23102.86,25692.58,False,23102.86,2012-10-26,13,Seasonal baseline
24,90,2013-01-25,68478.4,78170.17,False,68478.4,2012-10-26,13,Seasonal baseline
24,91,2013-01-25,46828.19,49890.67,False,46828.19,2012-10-26,13,Seasonal baseline
24,92,2013-01-25,110034.95,134136.75,False,110034.95,2012-10-26,13,Seasonal baseline
24,93,2013-01-25,32163.85,37830.97,False,32163.85,2012-10-26,13,Seasonal baseline
24,94,2013-01-25,44973.75,47756.14,False,44973.75,2012-10-26,13,Seasonal baseline
24,95,2013-01-25,74880.32,90839.46,False,74880.32,2012-10-26,13,Seasonal baseline
24,96,2013-01-25,9791.29,11920.07,False,9791.29,2012-10-26,13,Seasonal baseline
24,97,2013-01-25,15082.8,18062.9,False,15082.8,2012-10-26,13,Seasonal baseline
24,98,2013-01-25,8097.65,11107.47,False,8097.65,2012-10-26,13,Seasonal baseline
25,1,2013-01-25,13600.06,35637.21,False,13600.06,2012-10-26,13,Seasonal baseline
25,2,2013-01-25,32771.13,34201.23,False,32771.13,2012-10-26,13,Seasonal baseline
25,3,2013-01-25,10134.79,7727.57,False,10134.79,2012-10-26,13,Seasonal baseline
25,4,2013-01-25,17114.11,20031.95,False,17114.11,2012-10-26,13,Seasonal baseline
25,5,2013-01-25,7799.02,10425.7,False,7799.02,2012-10-26,13,Seasonal baseline
25,6,2013-01-25,2046.5,2819.75,False,2046.5,2012-10-26,13,Seasonal baseline
25,7,2013-01-25,9670.14,13370.66,False,9670.14,2012-10-26,13,Seasonal baseline
25,8,2013-01-25,27595.4,32508.41,False,27595.4,2012-10-26,13,Seasonal baseline
25,9,2013-01-25,6681.55,11117.87,False,6681.55,2012-10-26,13,Seasonal baseline
25,10,2013-01-25,18556.45,25195.37,False,18556.45,2012-10-26,13,Seasonal baseline
25,11,2013-01-25,9318.23,9121.5,False,9318.23,2012-10-26,13,Seasonal baseline
25,12,2013-01-25,1834.73,3140.9,False,1834.73,2012-10-26,13,Seasonal baseline
25,13,2013-01-25,23890.72,24581.56,False,23890.72,2012-10-26,13,Seasonal baseline
25,14,2013-01-25,9003.34,7891.3,False,9003.34,2012-10-26,13,Seasonal baseline
25,16,2013-01-25,3471.03,4215.16,False,3471.03,2012-10-26,13,Seasonal baseline
25,17,2013-01-25,8189.52,11676.0,False,8189.52,2012-10-26,13,Seasonal baseline
25,18,2013-01-25,1060.61,12514.17,False,1060.61,2012-10-26,13,Seasonal baseline
25,20,2013-01-25,2786.93,2926.94,False,2786.93,2012-10-26,13,Seasonal baseline
25,21,2013-01-25,4252.54,4520.55,False,4252.54,2012-10-26,13,Seasonal baseline
25,22,2013-01-25,5766.59,4879.69,False,5766.59,2012-10-26,13,Seasonal baseline
25,23,2013-01-25,10733.16,16779.65,False,10733.16,2012-10-26,13,Seasonal baseline
25,24,2013-01-25,2293.03,3059.35,False,2293.03,2012-10-26,13,Seasonal baseline
25,25,2013-01-25,7439.35,6538.7,False,7439.35,2012-10-26,13,Seasonal baseline
25,26,2013-01-25,3333.03,4181.85,False,3333.03,2012-10-26,13,Seasonal baseline
25,27,2013-01-25,1054.94,1350.67,False,1054.94,2012-10-26,13,Seasonal baseline
25,28,2013-01-25,644.52,1230.11,False,644.52,2012-10-26,13,Seasonal baseline
25,29,2013-01-25,3078.96,4051.68,False,3078.96,2012-10-26,13,Seasonal baseline
25,30,2013-01-25,1351.58,2325.52,False,1351.58,2012-10-26,13,Seasonal baseline
25,31,2013-01-25,1389.42,1382.47,False,1389.42,2012-10-26,13,Seasonal baseline
25,32,2013-01-25,1893.93,3228.58,False,1893.93,2012-10-26,13,Seasonal baseline
25,33,2013-01-25,1795.88,2758.19,False,1795.88,2012-10-26,13,Seasonal baseline
25,34,2013-01-25,5115.66,9987.7,False,5115.66,2012-10-26,13,Seasonal baseline
25,35,2013-01-25,1625.5,1585.7,False,1625.5,2012-10-26,13,Seasonal baseline
25,36,2013-01-25,742.82,675.78,False,742.82,2012-10-26,13,Seasonal baseline
25,37,2013-01-25,2978.06,3550.39,False,2978.06,2012-10-26,13,Seasonal baseline
25,38,2013-01-25,48252.34,37972.24,False,48252.34,2012-10-26,13,Seasonal baseline
25,40,2013-01-25,41912.99,42616.74,False,41912.99,2012-10-26,13,Seasonal baseline
25,41,2013-01-25,477.5,4278.74,False,477.5,2012-10-26,13,Seasonal baseline
25,42,2013-01-25,4191.36,5179.22,False,4191.36,2012-10-26,13,Seasonal baseline
25,44,2013-01-25,3506.85,5456.08,False,3506.85,2012-10-26,13,Seasonal baseline
25,46,2013-01-25,17202.99,17684.37,False,17202.99,2012-10-26,13,Seasonal baseline
25,49,2013-01-25,7624.39,11189.63,False,7624.39,2012-10-26,13,Seasonal baseline
25,50,2013-01-25,2095.0,2317.0,False,2095.0,2012-10-26,13,Seasonal baseline
25,52,2013-01-25,952.85,1494.53,False,952.85,2012-10-26,13,Seasonal baseline
25,55,2013-01-25,4460.49,4567.47,False,4460.49,2012-10-26,13,Seasonal baseline
25,56,2013-01-25,589.53,1078.63,False,589.53,2012-10-26,13,Seasonal baseline
25,58,2013-01-25,,535.0,True,535.0,2012-10-26,13,Seasonal baseline
25,59,2013-01-25,234.95,220.51,False,234.95,2012-10-26,13,Seasonal baseline
25,60,2013-01-25,178.6,234.0,False,178.6,2012-10-26,13,Seasonal baseline
25,67,2013-01-25,6318.27,9053.76,False,6318.27,2012-10-26,13,Seasonal baseline
25,71,2013-01-25,2116.39,3356.45,False,2116.39,2012-10-26,13,Seasonal baseline
25,72,2013-01-25,30323.71,28271.73,False,30323.71,2012-10-26,13,Seasonal baseline
25,74,2013-01-25,11516.26,9984.12,False,11516.26,2012-10-26,13,Seasonal baseline
25,79,2013-01-25,7858.81,7600.15,False,7858.81,2012-10-26,13,Seasonal baseline
25,80,2013-01-25,453.97,548.41,False,453.97,2012-10-26,13,Seasonal baseline
25,81,2013-01-25,8479.17,9679.36,False,8479.17,2012-10-26,13,Seasonal baseline
25,82,2013-01-25,10107.11,11610.9,False,10107.11,2012-10-26,13,Seasonal baseline
25,83,2013-01-25,217.42,206.16,False,217.42,2012-10-26,13,Seasonal baseline
25,85,2013-01-25,2233.61,3549.28,False,2233.61,2012-10-26,13,Seasonal baseline
25,87,2013-01-25,5507.88,6477.27,False,5507.88,2012-10-26,13,Seasonal baseline
25,90,2013-01-25,12593.04,13810.77,False,12593.04,2012-10-26,13,Seasonal baseline
25,91,2013-01-25,7986.65,8770.7,False,7986.65,2012-10-26,13,Seasonal baseline
25,92,2013-01-25,40441.95,44974.22,False,40441.95,2012-10-26,13,Seasonal baseline
25,93,2013-01-25,852.04,848.14,False,852.04,2012-10-26,13,Seasonal baseline
25,94,2013-01-25,4888.1,4793.88,False,4888.1,2012-10-26,13,Seasonal baseline
25,95,2013-01-25,41215.99,45344.8,False,41215.99,2012-10-26,13,Seasonal baseline
25,97,2013-01-25,2430.58,3001.31,False,2430.58,2012-10-26,13,Seasonal baseline
25,98,2013-01-25,1302.42,1045.54,False,1302.42,2012-10-26,13,Seasonal baseline
26,1,2013-01-25,13765.73,23949.13,False,13765.73,2012-10-26,13,Seasonal baseline
26,2,2013-01-25,21827.81,26726.13,False,21827.81,2012-10-26,13,Seasonal baseline
26,3,2013-01-25,8712.2,5584.94,False,8712.2,2012-10-26,13,Seasonal baseline
26,4,2013-01-25,20917.14,24704.77,False,20917.14,2012-10-26,13,Seasonal baseline
26,5,2013-01-25,10456.34,16452.91,False,10456.34,2012-10-26,13,Seasonal baseline
26,6,2013-01-25,2745.8,2596.09,False,2745.8,2012-10-26,13,Seasonal baseline
26,7,2013-01-25,6170.99,12859.0,False,6170.99,2012-10-26,13,Seasonal baseline
26,8,2013-01-25,26730.95,29359.34,False,26730.95,2012-10-26,13,Seasonal baseline
26,9,2013-01-25,6596.12,17203.65,False,6596.12,2012-10-26,13,Seasonal baseline
26,10,2013-01-25,7717.12,8421.15,False,7717.12,2012-10-26,13,Seasonal baseline
26,11,2013-01-25,10191.9,12248.0,False,10191.9,2012-10-26,13,Seasonal baseline
26,12,2013-01-25,2447.02,3722.16,False,2447.02,2012-10-26,13,Seasonal baseline
26,13,2013-01-25,17559.23,21404.9,False,17559.23,2012-10-26,13,Seasonal baseline
26,14,2013-01-25,7783.39,9983.27,False,7783.39,2012-10-26,13,Seasonal baseline
26,16,2013-01-25,4567.91,3929.43,False,4567.91,2012-10-26,13,Seasonal baseline
26,17,2013-01-25,5865.27,8358.99,False,5865.27,2012-10-26,13,Seasonal baseline
26,18,2013-01-25,521.68,8100.77,False,521.68,2012-10-26,13,Seasonal baseline
26,19,2013-01-25,1158.83,1597.03,False,1158.83,2012-10-26,13,Seasonal baseline
26,20,2013-01-25,2618.71,2702.27,False,2618.71,2012-10-26,13,Seasonal baseline
26,21,2013-01-25,3577.31,5651.55,False,3577.31,2012-10-26,13,Seasonal baseline
26,22,2013-01-25,4223.67,5897.86,False,4223.67,2012-10-26,13,Seasonal baseline
26,23,2013-01-25,6120.86,14525.28,False,6120.86,2012-10-26,13,Seasonal baseline
26,24,2013-01-25,1203.35,2707.95,False,1203.35,2012-10-26,13,Seasonal baseline
26,25,2013-01-25,3574.89,5442.85,False,3574.89,2012-10-26,13,Seasonal baseline
26,26,2013-01-25,2247.34,3817.41,False,2247.34,2012-10-26,13,Seasonal baseline
26,27,2013-01-25,671.09,1594.85,False,671.09,2012-10-26,13,Seasonal baseline
26,28,2013-01-25,216.71,708.67,False,216.71,2012-10-26,13,Seasonal baseline
26,29,2013-01-25,1859.57,3821.2,False,1859.57,2012-10-26,13,Seasonal baseline
26,30,2013-01-25,1106.15,2287.9,False,1106.15,2012-10-26,13,Seasonal baseline
26,31,2013-01-25,756.52,1335.68,False,756.52,2012-10-26,13,Seasonal baseline
26,32,2013-01-25,2043.07,3695.64,False,2043.07,2012-10-26,13,Seasonal baseline
26,33,2013-01-25,1465.63,3145.38,False,1465.63,2012-10-26,13,Seasonal baseline
26,34,2013-01-25,3746.16,7763.88,False,3746.16,2012-10-26,13,Seasonal baseline
26,35,2013-01-25,940.43,1754.69,False,940.43,2012-10-26,13,Seasonal baseline
26,36,2013-01-25,357.91,880.43,False,357.91,2012-10-26,13,Seasonal baseline
26,38,2013-01-25,111140.52,86813.55,False,111140.52,2012-10-26,13,Seasonal baseline
26,40,2013-01-25,34021.61,36454.82,False,34021.61,2012-10-26,13,Seasonal baseline
26,41,2013-01-25,877.5,497.03,False,877.5,2012-10-26,13,Seasonal baseline
26,42,2013-01-25,2302.39,2918.55,False,2302.39,2012-10-26,13,Seasonal baseline
26,44,2013-01-25,3050.72,5347.21,False,3050.72,2012-10-26,13,Seasonal baseline
26,46,2013-01-25,8086.94,9999.77,False,8086.94,2012-10-26,13,Seasonal baseline
26,47,2013-01-25,,35.92,True,35.92,2012-10-26,13,Seasonal baseline
26,48,2013-01-25,397.0,496.0,False,397.0,2012-10-26,13,Seasonal baseline
26,49,2013-01-25,3714.54,3230.7,False,3714.54,2012-10-26,13,Seasonal baseline
26,52,2013-01-25,1463.86,1863.11,False,1463.86,2012-10-26,13,Seasonal baseline
26,55,2013-01-25,4687.16,6935.85,False,4687.16,2012-10-26,13,Seasonal baseline
26,56,2013-01-25,578.32,906.11,False,578.32,2012-10-26,13,Seasonal baseline
26,59,2013-01-25,48.67,130.12,False,48.67,2012-10-26,13,Seasonal baseline
26,60,2013-01-25,89.8,144.0,False,89.8,2012-10-26,13,Seasonal baseline
26,67,2013-01-25,4174.33,6076.42,False,4174.33,2012-10-26,13,Seasonal baseline
26,71,2013-01-25,2844.77,2281.08,False,2844.77,2012-10-26,13,Seasonal baseline
26,72,2013-01-25,32181.36,44430.12,False,32181.36,2012-10-26,13,Seasonal baseline
26,74,2013-01-25,5989.75,8643.21,False,5989.75,2012-10-26,13,Seasonal baseline
26,79,2013-01-25,10045.91,9013.11,False,10045.91,2012-10-26,13,Seasonal baseline
26,80,2013-01-25,16694.4,18753.31,False,16694.4,2012-10-26,13,Seasonal baseline
26,81,2013-01-25,16521.83,18578.18,False,16521.83,2012-10-26,13,Seasonal baseline
26,82,2013-01-25,9741.61,16438.21,False,9741.61,2012-10-26,13,Seasonal baseline
26,83,2013-01-25,2253.29,2043.14,False,2253.29,2012-10-26,13,Seasonal baseline
26,85,2013-01-25,1191.86,1664.35,False,1191.86,2012-10-26,13,Seasonal baseline
26,87,2013-01-25,19572.68,25372.67,False,19572.68,2012-10-26,13,Seasonal baseline
26,90,2013-01-25,53185.04,56582.33,False,53185.04,2012-10-26,13,Seasonal baseline
26,91,2013-01-25,37140.02,35367.67,False,37140.02,2012-10-26,13,Seasonal baseline
26,92,2013-01-25,78459.57,85968.84,False,78459.57,2012-10-26,13,Seasonal baseline
26,93,2013-01-25,20979.98,23714.72,False,20979.98,2012-10-26,13,Seasonal baseline
26,94,2013-01-25,35914.59,38364.02,False,35914.59,2012-10-26,13,Seasonal baseline
26,95,2013-01-25,60079.39,66967.51,False,60079.39,2012-10-26,13,Seasonal baseline
26,96,2013-01-25,12783.48,16828.71,False,12783.48,2012-10-26,13,Seasonal baseline
26,97,2013-01-25,10956.86,13246.7,False,10956.86,2012-10-26,13,Seasonal baseline
26,98,2013-01-25,6401.4,7577.61,False,6401.4,2012-10-26,13,Seasonal baseline
27,1,2013-01-25,19814.81,52612.95,False,19814.81,2012-10-26,13,Seasonal baseline
27,2,2013-01-25,56842.64,76929.73,False,56842.64,2012-10-26,13,Seasonal baseline
27,3,2013-01-25,14591.13,12431.35,False,14591.13,2012-10-26,13,Seasonal baseline
27,4,2013-01-25,32026.6,43600.31,False,32026.6,2012-10-26,13,Seasonal baseline
27,5,2013-01-25,16949.96,25572.59,False,16949.96,2012-10-26,13,Seasonal baseline
27,6,2013-01-25,3248.07,5339.65,False,3248.07,2012-10-26,13,Seasonal baseline
27,7,2013-01-25,17388.4,33897.78,False,17388.4,2012-10-26,13,Seasonal baseline
27,8,2013-01-25,32829.93,47216.92,False,32829.93,2012-10-26,13,Seasonal baseline
27,9,2013-01-25,12136.98,28038.06,False,12136.98,2012-10-26,13,Seasonal baseline
27,10,2013-01-25,33355.15,33511.6,False,33355.15,2012-10-26,13,Seasonal baseline
27,11,2013-01-25,13728.19,16125.75,False,13728.19,2012-10-26,13,Seasonal baseline
27,12,2013-01-25,2618.79,3602.38,False,2618.79,2012-10-26,13,Seasonal baseline
27,13,2013-01-25,38210.99,53524.43,False,38210.99,2012-10-26,13,Seasonal baseline
27,14,2013-01-25,18660.33,25627.42,False,18660.33,2012-10-26,13,Seasonal baseline
27,16,2013-01-25,5376.21,5413.89,False,5376.21,2012-10-26,13,Seasonal baseline
27,17,2013-01-25,14180.56,20325.55,False,14180.56,2012-10-26,13,Seasonal baseline
27,18,2013-01-25,3320.39,25771.23,False,3320.39,2012-10-26,13,Seasonal baseline
27,19,2013-01-25,1061.22,1985.16,False,1061.22,2012-10-26,13,Seasonal baseline
27,20,2013-01-25,6510.96,9968.84,False,6510.96,2012-10-26,13,Seasonal baseline
27,21,2013-01-25,4190.54,5320.02,False,4190.54,2012-10-26,13,Seasonal baseline
27,22,2013-01-25,11868.32,17449.06,False,11868.32,2012-10-26,13,Seasonal baseline
27,23,2013-01-25,19488.96,36183.8,False,19488.96,2012-10-26,13,Seasonal baseline
27,24,2013-01-25,4301.51,11944.2,False,4301.51,2012-10-26,13,Seasonal baseline
27,25,2013-01-25,9664.72,13348.51,False,9664.72,2012-10-26,13,Seasonal baseline
27,26,2013-01-25,6723.01,13540.63,False,6723.01,2012-10-26,13,Seasonal baseline
27,27,2013-01-25,1638.47,2580.02,False,1638.47,2012-10-26,13,Seasonal baseline
27,28,2013-01-25,742.27,1475.8,False,742.27,2012-10-26,13,Seasonal baseline
27,29,2013-01-25,4719.82,8245.66,False,4719.82,2012-10-26,13,Seasonal baseline
27,30,2013-01-25,2568.1,3815.98,False,2568.1,2012-10-26,13,Seasonal baseline
27,31,2013-01-25,2400.44,2702.52,False,2400.44,2012-10-26,13,Seasonal baseline
27,32,2013-01-25,4835.53,6806.78,False,4835.53,2012-10-26,13,Seasonal baseline
27,33,2013-01-25,4837.41,10910.01,False,4837.41,2012-10-26,13,Seasonal baseline
27,34,2013-01-25,8147.19,17854.65,False,8147.19,2012-10-26,13,Seasonal baseline
27,35,2013-01-25,1463.19,3822.65,False,1463.19,2012-10-26,13,Seasonal baseline
27,36,2013-01-25,785.49,3490.54,False,785.49,2012-10-26,13,Seasonal baseline
27,37,2013-01-25,1845.81,2234.67,False,1845.81,2012-10-26,13,Seasonal baseline
27,38,2013-01-25,37663.95,32357.95,False,37663.95,2012-10-26,13,Seasonal baseline
27,40,2013-01-25,58995.64,69795.8,False,58995.64,2012-10-26,13,Seasonal baseline
27,41,2013-01-25,3542.75,2345.37,False,3542.75,2012-10-26,13,Seasonal baseline
27,42,2013-01-25,7384.62,10184.01,False,7384.62,2012-10-26,13,Seasonal baseline
27,44,2013-01-25,3646.09,5126.27,False,3646.09,2012-10-26,13,Seasonal baseline
27,46,2013-01-25,26626.18,37986.41,False,26626.18,2012-10-26,13,Seasonal baseline
27,49,2013-01-25,7804.79,10740.42,False,7804.79,2012-10-26,13,Seasonal baseline
27,50,2013-01-25,2148.0,2540.5,False,2148.0,2012-10-26,13,Seasonal baseline
27,52,2013-01-25,3091.09,2694.89,False,3091.09,2012-10-26,13,Seasonal baseline
27,54,2013-01-25,60.72,66.84,False,60.72,2012-10-26,13,Seasonal baseline
27,55,2013-01-25,6531.83,14935.98,False,6531.83,2012-10-26,13,Seasonal baseline
27,56,2013-01-25,396.13,597.13,False,396.13,2012-10-26,13,Seasonal baseline
27,58,2013-01-25,,585.0,True,585.0,2012-10-26,13,Seasonal baseline
27,59,2013-01-25,293.13,392.79,False,293.13,2012-10-26,13,Seasonal baseline
27,60,2013-01-25,141.0,117.0,False,141.0,2012-10-26,13,Seasonal baseline
27,67,2013-01-25,7075.33,10633.7,False,7075.33,2012-10-26,13,Seasonal baseline
27,71,2013-01-25,8237.27,9505.18,False,8237.27,2012-10-26,13,Seasonal baseline
27,72,2013-01-25,41964.65,46623.71,False,41964.65,2012-10-26,13,Seasonal baseline
27,74,2013-01-25,20093.83,23144.44,False,20093.83,2012-10-26,13,Seasonal baseline
27,79,2013-01-25,28992.38,34962.06,False,28992.38,2012-10-26,13,Seasonal baseline
27,80,2013-01-25,23389.38,24943.85,False,23389.38,2012-10-26,13,Seasonal baseline
27,81,2013-01-25,23780.33,28777.23,False,23780.33,2012-10-26,13,Seasonal baseline
27,82,2013-01-25,15582.27,32167.24,False,15582.27,2012-10-26,13,Seasonal baseline
27,83,2013-01-25,7306.7,6994.34,False,7306.7,2012-10-26,13,Seasonal baseline
27,85,2013-01-25,3286.88,2974.29,False,3286.88,2012-10-26,13,Seasonal baseline
27,87,2013-01-25,11501.3,16192.9,False,11501.3,2012-10-26,13,Seasonal baseline
27,90,2013-01-25,80930.21,97305.99,False,80930.21,2012-10-26,13,Seasonal baseline
27,91,2013-01-25,56720.14,61129.74,False,56720.14,2012-10-26,13,Seasonal baseline
27,92,2013-01-25,118083.31,156059.63,False,118083.31,2012-10-26,13,Seasonal baseline
27,93,2013-01-25,40889.54,51656.24,False,40889.54,2012-10-26,13,Seasonal baseline
27,94,2013-01-25,56982.34,63096.92,False,56982.34,2012-10-26,13,Seasonal baseline
27,95,2013-01-25,91626.05,113812.81,False,91626.05,2012-10-26,13,Seasonal baseline
27,96,2013-01-25,12673.66,17548.61,False,12673.66,2012-10-26,13,Seasonal baseline
27,97,2013-01-25,14353.67,18608.71,False,14353.67,2012-10-26,13,Seasonal baseline
27,98,2013-01-25,8667.61,13222.7,False,8667.61,2012-10-26,13,Seasonal baseline
28,1,2013-01-25,16607.51,23731.03,False,16607.51,2012-10-26,13,Seasonal baseline
28,2,2013-01-25,55658.74,50532.41,False,55658.74,2012-10-26,13,Seasonal baseline
28,3,2013-01-25,12120.29,8104.09,False,12120.29,2012-10-26,13,Seasonal baseline
28,4,2013-01-25,26238.08,26239.54,False,26238.08,2012-10-26,13,Seasonal baseline
28,5,2013-01-25,24220.34,22406.18,False,24220.34,2012-10-26,13,Seasonal baseline
28,6,2013-01-25,2754.05,2768.09,False,2754.05,2012-10-26,13,Seasonal baseline
28,7,2013-01-25,17917.93,30576.3,False,17917.93,2012-10-26,13,Seasonal baseline
28,8,2013-01-25,33583.07,32453.2,False,33583.07,2012-10-26,13,Seasonal baseline
28,9,2013-01-25,12454.79,15969.29,False,12454.79,2012-10-26,13,Seasonal baseline
28,10,2013-01-25,15406.0,21961.92,False,15406.0,2012-10-26,13,Seasonal baseline
28,11,2013-01-25,12703.11,10369.2,False,12703.11,2012-10-26,13,Seasonal baseline
28,12,2013-01-25,2807.26,3167.25,False,2807.26,2012-10-26,13,Seasonal baseline
28,13,2013-01-25,34309.02,35417.45,False,34309.02,2012-10-26,13,Seasonal baseline
28,14,2013-01-25,13211.43,13636.68,False,13211.43,2012-10-26,13,Seasonal baseline
28,16,2013-01-25,3887.88,2920.97,False,3887.88,2012-10-26,13,Seasonal baseline
28,17,2013-01-25,7659.7,8438.35,False,7659.7,2012-10-26,13,Seasonal baseline
28,18,2013-01-25,1677.19,21095.83,False,1677.19,2012-10-26,13,Seasonal baseline
28,19,2013-01-25,1424.3,1264.66,False,1424.3,2012-10-26,13,Seasonal baseline
28,20,2013-01-25,5070.44,3673.6,False,5070.44,2012-10-26,13,Seasonal baseline
28,21,2013-01-25,4134.85,4083.05,False,4134.85,2012-10-26,13,Seasonal baseline
28,22,2013-01-25,8667.97,8641.45,False,8667.97,2012-10-26,13,Seasonal baseline
28,23,2013-01-25,25001.25,28722.94,False,25001.25,2012-10-26,13,Seasonal baseline
28,24,2013-01-25,5720.08,7599.19,False,5720.08,2012-10-26,13,Seasonal baseline
28,25,2013-01-25,12261.21,14772.63,False,12261.21,2012-10-26,13,Seasonal baseline
28,26,2013-01-25,8751.35,11780.5,False,8751.35,2012-10-26,13,Seasonal baseline
28,27,2013-01-25,1750.91,1938.99,False,1750.91,2012-10-26,13,Seasonal baseline
28,28,2013-01-25,693.65,541.62,False,693.65,2012-10-26,13,Seasonal baseline
28,29,2013-01-25,4542.45,4333.59,False,4542.45,2012-10-26,13,Seasonal baseline
28,30,2013-01-25,2904.94,2205.18,False,2904.94,2012-10-26,13,Seasonal baseline
28,31,2013-01-25,1450.15,1900.03,False,1450.15,2012-10-26,13,Seasonal baseline
28,32,2013-01-25,7013.15,6088.59,False,7013.15,2012-10-26,13,Seasonal baseline
28,33,2013-01-25,6293.08,8846.1,False,6293.08,2012-10-26,13,Seasonal baseline
28,34,2013-01-25,11703.25,15406.14,False,11703.25,2012-10-26,13,Seasonal baseline
28,35,2013-01-25,2204.01,1886.59,False,2204.01,2012-10-26,13,Seasonal baseline
28,36,2013-01-25,1393.37,1330.7,False,1393.37,2012-10-26,13,Seasonal baseline
28,37,2013-01-25,1277.83,1849.92,False,1277.83,2012-10-26,13,Seasonal baseline
28,38,2013-01-25,44974.03,56649.43,False,44974.03,2012-10-26,13,Seasonal baseline
28,40,2013-01-25,45166.0,44681.51,False,45166.0,2012-10-26,13,Seasonal baseline
28,41,2013-01-25,602.5,1359.3,False,602.5,2012-10-26,13,Seasonal baseline
28,42,2013-01-25,6213.0,7046.05,False,6213.0,2012-10-26,13,Seasonal baseline
28,44,2013-01-25,3944.46,5433.67,False,3944.46,2012-10-26,13,Seasonal baseline
28,46,2013-01-25,16733.37,18249.34,False,16733.37,2012-10-26,13,Seasonal baseline
28,49,2013-01-25,11467.41,12339.18,False,11467.41,2012-10-26,13,Seasonal baseline
28,52,2013-01-25,1789.0,1899.88,False,1789.0,2012-10-26,13,Seasonal baseline
28,54,2013-01-25,-23.92,28.8,False,-23.92,2012-10-26,13,Seasonal baseline
28,55,2013-01-25,8431.65,6820.54,False,8431.65,2012-10-26,13,Seasonal baseline
28,56,2013-01-25,271.24,92.92,False,271.24,2012-10-26,13,Seasonal baseline
28,58,2013-01-25,2740.0,7585.0,False,2740.0,2012-10-26,13,Seasonal baseline
28,59,2013-01-25,137.99,127.8,False,137.99,2012-10-26,13,Seasonal baseline
28,60,2013-01-25,572.0,450.0,False,572.0,2012-10-26,13,Seasonal baseline
28,67,2013-01-25,4564.16,5361.64,False,4564.16,2012-10-26,13,Seasonal baseline
28,71,2013-01-25,5576.65,4962.61,False,5576.65,2012-10-26,13,Seasonal baseline
28,72,2013-01-25,49968.84,42532.22,False,49968.84,2012-10-26,13,Seasonal baseline
28,74,2013-01-25,11381.72,9552.8,False,11381.72,2012-10-26,13,Seasonal baseline
28,79,2013-01-25,41336.36,39065.13,False,41336.36,2012-10-26,13,Seasonal baseline
28,80,2013-01-25,15589.11,17707.94,False,15589.11,2012-10-26,13,Seasonal baseline
28,81,2013-01-25,20631.08,20497.92,False,20631.08,2012-10-26,13,Seasonal baseline
28,82,2013-01-25,16252.07,17771.19,False,16252.07,2012-10-26,13,Seasonal baseline
28,83,2013-01-25,4475.66,4577.44,False,4475.66,2012-10-26,13,Seasonal baseline
28,85,2013-01-25,1031.24,1141.93,False,1031.24,2012-10-26,13,Seasonal baseline
28,87,2013-01-25,12273.28,15255.36,False,12273.28,2012-10-26,13,Seasonal baseline
28,90,2013-01-25,62248.83,60974.68,False,62248.83,2012-10-26,13,Seasonal baseline
28,91,2013-01-25,45206.07,46311.17,False,45206.07,2012-10-26,13,Seasonal baseline
28,92,2013-01-25,92500.38,87256.69,False,92500.38,2012-10-26,13,Seasonal baseline
28,93,2013-01-25,39212.59,38865.25,False,39212.59,2012-10-26,13,Seasonal baseline
28,94,2013-01-25,31552.72,35638.2,False,31552.72,2012-10-26,13,Seasonal baseline
28,95,2013-01-25,77590.63,82940.07,False,77590.63,2012-10-26,13,Seasonal baseline
28,96,2013-01-25,24048.65,34107.66,False,24048.65,2012-10-26,13,Seasonal baseline
28,97,2013-01-25,18919.4,20298.12,False,18919.4,2012-10-26,13,Seasonal baseline
28,98,2013-01-25,10032.24,9625.92,False,10032.24,2012-10-26,13,Seasonal baseline
29,1,2013-01-25,10756.1,22637.67,False,10756.1,2012-10-26,13,Seasonal baseline
29,2,2013-01-25,20462.55,26070.1,False,20462.55,2012-10-26,13,Seasonal baseline
29,3,2013-01-25,7820.68,6541.84,False,7820.68,2012-10-26,13,Seasonal baseline
29,4,2013-01-25,11256.38,16512.89,False,11256.38,2012-10-26,13,Seasonal baseline
29,5,2013-01-25,9631.64,10328.06,False,9631.64,2012-10-26,13,Seasonal baseline
29,6,2013-01-25,890.02,1062.59,False,890.02,2012-10-26,13,Seasonal baseline
29,7,2013-01-25,6257.44,11260.3,False,6257.44,2012-10-26,13,Seasonal baseline
29,8,2013-01-25,16859.93,23498.69,False,16859.93,2012-10-26,13,Seasonal baseline
29,9,2013-01-25,4919.27,12002.24,False,4919.27,2012-10-26,13,Seasonal baseline
29,10,2013-01-25,8576.83,9292.04,False,8576.83,2012-10-26,13,Seasonal baseline
29,11,2013-01-25,5853.32,6392.46,False,5853.32,2012-10-26,13,Seasonal baseline
29,12,2013-01-25,1264.55,2083.55,False,1264.55,2012-10-26,13,Seasonal baseline
29,13,2013-01-25,13963.23,19051.93,False,13963.23,2012-10-26,13,Seasonal baseline
29,14,2013-01-25,7348.37,9291.2,False,7348.37,2012-10-26,13,Seasonal baseline
29,16,2013-01-25,1977.95,2143.74,False,1977.95,2012-10-26,13,Seasonal baseline
29,17,2013-01-25,7058.23,9197.5,False,7058.23,2012-10-26,13,Seasonal baseline
29,18,2013-01-25,658.05,5024.88,False,658.05,2012-10-26,13,Seasonal baseline
29,19,2013-01-25,,3.0,True,3.0,2012-10-26,13,Seasonal baseline
29,20,2013-01-25,2379.03,3255.52,False,2379.03,2012-10-26,13,Seasonal baseline
29,21,2013-01-25,2613.63,3992.13,False,2613.63,2012-10-26,13,Seasonal baseline
29,22,2013-01-25,4917.02,4565.55,False,4917.02,2012-10-26,13,Seasonal baseline
29,23,2013-01-25,12235.04,18203.08,False,12235.04,2012-10-26,13,Seasonal baseline
29,24,2013-01-25,2608.85,4350.97,False,2608.85,2012-10-26,13,Seasonal baseline
29,25,2013-01-25,6515.08,7406.58,False,6515.08,2012-10-26,13,Seasonal baseline
29,26,2013-01-25,2795.77,4028.87,False,2795.77,2012-10-26,13,Seasonal baseline
29,27,2013-01-25,851.09,1829.64,False,851.09,2012-10-26,13,Seasonal baseline
29,28,2013-01-25,475.57,977.54,False,475.57,2012-10-26,13,Seasonal baseline
29,29,2013-01-25,3304.47,5606.54,False,3304.47,2012-10-26,13,Seasonal baseline
29,30,2013-01-25,1596.05,2593.19,False,1596.05,2012-10-26,13,Seasonal baseline
29,31,2013-01-25,1368.09,1472.98,False,1368.09,2012-10-26,13,Seasonal baseline
29,32,2013-01-25,1740.06,3019.17,False,1740.06,2012-10-26,13,Seasonal baseline
29,33,2013-01-25,1847.79,4292.09,False,1847.79,2012-10-26,13,Seasonal baseline
29,34,2013-01-25,4791.16,11550.4,False,4791.16,2012-10-26,13,Seasonal baseline
29,35,2013-01-25,1177.07,2122.16,False,1177.07,2012-10-26,13,Seasonal baseline
29,36,2013-01-25,975.64,1261.62,False,975.64,2012-10-26,13,Seasonal baseline
29,38,2013-01-25,35853.95,40069.89,False,35853.95,2012-10-26,13,Seasonal baseline
29,40,2013-01-25,24465.66,30458.8,False,24465.66,2012-10-26,13,Seasonal baseline
29,41,2013-01-25,539.0,254.0,False,539.0,2012-10-26,13,Seasonal baseline
29,42,2013-01-25,3014.96,4142.21,False,3014.96,2012-10-26,13,Seasonal baseline
29,44,2013-01-25,1127.53,2096.09,False,1127.53,2012-10-26,13,Seasonal baseline
29,46,2013-01-25,10029.26,12104.74,False,10029.26,2012-10-26,13,Seasonal baseline
29,52,2013-01-25,562.76,904.44,False,562.76,2012-10-26,13,Seasonal baseline
29,55,2013-01-25,3826.02,3816.63,False,3826.02,2012-10-26,13,Seasonal baseline
29,56,2013-01-25,12.0,704.55,False,12.0,2012-10-26,13,Seasonal baseline
29,59,2013-01-25,114.96,93.66,False,114.96,2012-10-26,13,Seasonal baseline
29,60,2013-01-25,142.0,387.0,False,142.0,2012-10-26,13,Seasonal baseline
29,67,2013-01-25,4672.71,6091.76,False,4672.71,2012-10-26,13,Seasonal baseline
29,71,2013-01-25,2280.96,1764.98,False,2280.96,2012-10-26,13,Seasonal baseline
29,72,2013-01-25,24409.38,26375.3,False,24409.38,2012-10-26,13,Seasonal baseline
29,74,2013-01-25,6937.49,7727.01,False,6937.49,2012-10-26,13,Seasonal baseline
29,79,2013-01-25,6370.43,8196.17,False,6370.43,2012-10-26,13,Seasonal baseline
29,80,2013-01-25,31.4,-178.15,False,31.4,2012-10-26,13,Seasonal baseline
29,81,2013-01-25,4716.6,6083.32,False,4716.6,2012-10-26,13,Seasonal baseline
29,82,2013-01-25,6608.59,14796.89,False,6608.59,2012-10-26,13,Seasonal baseline
29,83,2013-01-25,625.61,755.94,False,625.61,2012-10-26,13,Seasonal baseline
29,85,2013-01-25,1401.55,1261.94,False,1401.55,2012-10-26,13,Seasonal baseline
29,87,2013-01-25,7638.88,8604.29,False,7638.88,2012-10-26,13,Seasonal baseline
29,90,2013-01-25,9991.05,12445.77,False,9991.05,2012-10-26,13,Seasonal baseline
29,91,2013-01-25,3530.88,4470.02,False,3530.88,2012-10-26,13,Seasonal baseline
29,92,2013-01-25,23202.73,31432.83,False,23202.73,2012-10-26,13,Seasonal baseline
29,93,2013-01-25,781.94,1350.64,False,781.94,2012-10-26,13,Seasonal baseline
29,94,2013-01-25,,5.88,True,5.88,2012-10-26,13,Seasonal baseline
29,95,2013-01-25,23168.76,33247.02,False,23168.76,2012-10-26,13,Seasonal baseline
29,97,2013-01-25,1814.18,2248.38,False,1814.18,2012-10-26,13,Seasonal baseline
29,98,2013-01-25,85.5,335.97,False,85.5,2012-10-26,13,Seasonal baseline
30,1,2013-01-25,7834.01,12863.85,False,7834.01,2012-10-26,13,Seasonal baseline
30,2,2013-01-25,11930.72,12919.04,False,11930.72,2012-10-26,13,Seasonal baseline
30,3,2013-01-25,751.53,628.68,False,751.53,2012-10-26,13,Seasonal baseline
30,4,2013-01-25,12709.72,12908.33,False,12709.72,2012-10-26,13,Seasonal baseline
30,5,2013-01-25,413.44,464.32,False,413.44,2012-10-26,13,Seasonal baseline
30,6,2013-01-25,5.94,7.94,False,5.94,2012-10-26,13,Seasonal baseline
30,7,2013-01-25,76.81,226.63,False,76.81,2012-10-26,13,Seasonal baseline
30,8,2013-01-25,11597.93,12860.53,False,11597.93,2012-10-26,13,Seasonal baseline
30,9,2013-01-25,3.51,5.34,False,3.51,2012-10-26,13,Seasonal baseline
30,10,2013-01-25,210.78,195.99,False,210.78,2012-10-26,13,Seasonal baseline
30,11,2013-01-25,763.2,821.41,False,763.2,2012-10-26,13,Seasonal baseline
30,12,2013-01-25,39.16,112.95,False,39.16,2012-10-26,13,Seasonal baseline
30,13,2013-01-25,9965.99,10646.97,False,9965.99,2012-10-26,13,Seasonal baseline
30,14,2013-01-25,743.36,703.87,False,743.36,2012-10-26,13,Seasonal baseline
30,16,2013-01-25,796.92,1400.31,False,796.92,2012-10-26,13,Seasonal baseline
30,18,2013-01-25,238.23,747.67,False,238.23,2012-10-26,13,Seasonal baseline
30,20,2013-01-25,12.0,36.0,False,12.0,2012-10-26,13,Seasonal baseline
30,21,2013-01-25,1256.66,977.54,False,1256.66,2012-10-26,13,Seasonal baseline
30,25,2013-01-25,35.34,40.0,False,35.34,2012-10-26,13,Seasonal baseline
30,28,2013-01-25,52.31,44.19,False,52.31,2012-10-26,13,Seasonal baseline
30,31,2013-01-25,240.38,26.5,False,240.38,2012-10-26,13,Seasonal baseline
30,32,2013-01-25,19.83,46.88,False,19.83,2012-10-26,13,Seasonal baseline
30,38,2013-01-25,64325.44,58445.43,False,64325.44,2012-10-26,13,Seasonal baseline
30,40,2013-01-25,24449.89,23521.23,False,24449.89,2012-10-26,13,Seasonal baseline
30,42,2013-01-25,68.52,110.18,False,68.52,2012-10-26,13,Seasonal baseline
30,46,2013-01-25,5461.3,5256.16,False,5461.3,2012-10-26,13,Seasonal baseline
30,52,2013-01-25,19.46,2.94,False,19.46,2012-10-26,13,Seasonal baseline
30,56,2013-01-25,,16.84,True,16.84,2012-10-26,13,Seasonal baseline
30,59,2013-01-25,17.96,17.0,False,17.96,2012-10-26,13,Seasonal baseline
30,60,2013-01-25,588.2,531.0,False,588.2,2012-10-26,13,Seasonal baseline
30,67,2013-01-25,1111.57,1265.64,False,1111.57,2012-10-26,13,Seasonal baseline
30,72,2013-01-25,85.85,25.88,False,85.85,2012-10-26,13,Seasonal baseline
30,74,2013-01-25,148.96,4.0,False,148.96,2012-10-26,13,Seasonal baseline
30,79,2013-01-25,5458.16,5868.19,False,5458.16,2012-10-26,13,Seasonal baseline
30,80,2013-01-25,7193.32,6441.39,False,7193.32,2012-10-26,13,Seasonal baseline
30,81,2013-01-25,11065.41,10423.29,False,11065.41,2012-10-26,13,Seasonal baseline
30,82,2013-01-25,4251.31,3780.05,False,4251.31,2012-10-26,13,Seasonal baseline
30,83,2013-01-25,2124.11,1194.45,False,2124.11,2012-10-26,13,Seasonal baseline
30,85,2013-01-25,26.26,99.78,False,26.26,2012-10-26,13,Seasonal baseline
30,87,2013-01-25,315.46,215.32,False,315.46,2012-10-26,13,Seasonal baseline
30,90,2013-01-25,36213.36,37110.15,False,36213.36,2012-10-26,13,Seasonal baseline
30,91,2013-01-25,30381.27,30092.5,False,30381.27,2012-10-26,13,Seasonal baseline
30,92,2013-01-25,56376.68,56424.87,False,56376.68,2012-10-26,13,Seasonal baseline
30,93,2013-01-25,22894.32,23674.79,False,22894.32,2012-10-26,13,Seasonal baseline
30,94,2013-01-25,23645.89,25389.19,False,23645.89,2012-10-26,13,Seasonal baseline
30,95,2013-01-25,43298.73,44954.61,False,43298.73,2012-10-26,13,Seasonal baseline
30,96,2013-01-25,17447.13,19227.7,False,17447.13,2012-10-26,13,Seasonal baseline
30,97,2013-01-25,12841.21,12765.38,False,12841.21,2012-10-26,13,Seasonal baseline
30,98,2013-01-25,3447.75,3881.6,False,3447.75,2012-10-26,13,Seasonal baseline
31,1,2013-01-25,14948.26,22652.14,False,14948.26,2012-10-26,13,Seasonal baseline
31,2,2013-01-25,54073.89,58208.08,False,54073.89,2012-10-26,13,Seasonal baseline
31,3,2013-01-25,9773.19,7066.53,False,9773.19,2012-10-26,13,Seasonal baseline
31,4,2013-01-25,33628.93,33445.26,False,33628.93,2012-10-26,13,Seasonal baseline
31,5,2013-01-25,11857.76,16614.57,False,11857.76,2012-10-26,13,Seasonal baseline
31,6,2013-01-25,2766.09,1755.65,False,2766.09,2012-10-26,13,Seasonal baseline
31,7,2013-01-25,11331.92,18942.1,False,11331.92,2012-10-26,13,Seasonal baseline
31,8,2013-01-25,23080.94,25442.7,False,23080.94,2012-10-26,13,Seasonal baseline
31,9,2013-01-25,5656.36,8574.93,False,5656.36,2012-10-26,13,Seasonal baseline
31,10,2013-01-25,14262.67,16275.47,False,14262.67,2012-10-26,13,Seasonal baseline
31,11,2013-01-25,8779.42,10107.07,False,8779.42,2012-10-26,13,Seasonal baseline
31,12,2013-01-25,2833.56,3024.97,False,2833.56,2012-10-26,13,Seasonal baseline
31,13,2013-01-25,40779.44,43482.72,False,40779.44,2012-10-26,13,Seasonal baseline
31,14,2013-01-25,14772.91,14431.39,False,14772.91,2012-10-26,13,Seasonal baseline
31,16,2013-01-25,3512.9,3019.24,False,3512.9,2012-10-26,13,Seasonal baseline
31,17,2013-01-25,5106.58,7661.51,False,5106.58,2012-10-26,13,Seasonal baseline
31,18,2013-01-25,1088.94,11766.47,False,1088.94,2012-10-26,13,Seasonal baseline
31,19,2013-01-25,12.76,19.73,False,12.76,2012-10-26,13,Seasonal baseline
31,20,2013-01-25,6095.02,5663.45,False,6095.02,2012-10-26,13,Seasonal baseline
31,21,2013-01-25,3364.72,3672.37,False,3364.72,2012-10-26,13,Seasonal baseline
31,22,2013-01-25,6580.23,6784.87,False,6580.23,2012-10-26,13,Seasonal baseline
31,23,2013-01-25,15359.5,21771.37,False,15359.5,2012-10-26,13,Seasonal baseline
31,24,2013-01-25,2869.61,5016.15,False,2869.61,2012-10-26,13,Seasonal baseline
31,25,2013-01-25,7563.9,9677.62,False,7563.9,2012-10-26,13,Seasonal baseline
31,26,2013-01-25,4716.05,8074.3,False,4716.05,2012-10-26,13,Seasonal baseline
31,27,2013-01-25,1224.67,1411.46,False,1224.67,2012-10-26,13,Seasonal baseline
31,28,2013-01-25,647.82,803.29,False,647.82,2012-10-26,13,Seasonal baseline
31,29,2013-01-25,3609.68,4674.11,False,3609.68,2012-10-26,13,Seasonal baseline
31,30,2013-01-25,1328.56,2621.7,False,1328.56,2012-10-26,13,Seasonal baseline
31,31,2013-01-25,1951.53,2522.04,False,1951.53,2012-10-26,13,Seasonal baseline
31,32,2013-01-25,4715.62,3673.4,False,4715.62,2012-10-26,13,Seasonal baseline
31,33,2013-01-25,2997.1,4996.8,False,2997.1,2012-10-26,13,Seasonal baseline
31,34,2013-01-25,10096.05,12975.36,False,10096.05,2012-10-26,13,Seasonal baseline
31,35,2013-01-25,1320.98,1639.6,False,1320.98,2012-10-26,13,Seasonal baseline
31,36,2013-01-25,517.85,742.04,False,517.85,2012-10-26,13,Seasonal baseline
31,37,2013-01-25,2512.64,2208.17,False,2512.64,2012-10-26,13,Seasonal baseline
31,38,2013-01-25,84821.45,83599.59,False,84821.45,2012-10-26,13,Seasonal baseline
31,40,2013-01-25,60059.57,58784.04,False,60059.57,2012-10-26,13,Seasonal baseline
31,41,2013-01-25,574.5,2194.39,False,574.5,2012-10-26,13,Seasonal baseline
31,42,2013-01-25,4860.89,5903.68,False,4860.89,2012-10-26,13,Seasonal baseline
31,44,2013-01-25,1985.3,2511.43,False,1985.3,2012-10-26,13,Seasonal baseline
31,46,2013-01-25,22797.43,23221.21,False,22797.43,2012-10-26,13,Seasonal baseline
31,49,2013-01-25,9828.43,9075.7,False,9828.43,2012-10-26,13,Seasonal baseline
31,52,2013-01-25,632.24,750.54,False,632.24,2012-10-26,13,Seasonal baseline
31,54,2013-01-25,10.0,69.84,False,10.0,2012-10-26,13,Seasonal baseline
31,55,2013-01-25,5723.71,5562.76,False,5723.71,2012-10-26,13,Seasonal baseline
31,56,2013-01-25,305.69,903.39,False,305.69,2012-10-26,13,Seasonal baseline
31,58,2013-01-25,1865.0,4390.0,False,1865.0,2012-10-26,13,Seasonal baseline
31,59,2013-01-25,151.84,137.84,False,151.84,2012-10-26,13,Seasonal baseline
31,60,2013-01-25,335.6,369.0,False,335.6,2012-10-26,13,Seasonal baseline
31,67,2013-01-25,4439.17,5452.91,False,4439.17,2012-10-26,13,Seasonal baseline
31,71,2013-01-25,3995.17,3248.08,False,3995.17,2012-10-26,13,Seasonal baseline
31,72,2013-01-25,39145.62,43471.72,False,39145.62,2012-10-26,13,Seasonal baseline
31,74,2013-01-25,12917.29,12713.52,False,12917.29,2012-10-26,13,Seasonal baseline
31,79,2013-01-25,31986.02,30681.1,False,31986.02,2012-10-26,13,Seasonal baseline
31,80,2013-01-25,18554.75,17860.81,False,18554.75,2012-10-26,13,Seasonal baseline
31,81,2013-01-25,25580.04,22832.36,False,25580.04,2012-10-26,13,Seasonal baseline
31,82,2013-01-25,18545.28,22068.99,False,18545.28,2012-10-26,13,Seasonal baseline
31,83,2013-01-25,7898.1,7718.8,False,7898.1,2012-10-26,13,Seasonal baseline
31,85,2013-01-25,1580.42,1142.64,False,1580.42,2012-10-26,13,Seasonal baseline
31,87,2013-01-25,6899.8,13224.92,False,6899.8,2012-10-26,13,Seasonal baseline
31,90,2013-01-25,87643.76,84924.7,False,87643.76,2012-10-26,13,Seasonal baseline
31,91,2013-01-25,65338.06,62784.8,False,65338.06,2012-10-26,13,Seasonal baseline
31,92,2013-01-25,126010.75,124776.52,False,126010.75,2012-10-26,13,Seasonal baseline
31,93,2013-01-25,53991.85,58160.69,False,53991.85,2012-10-26,13,Seasonal baseline
31,94,2013-01-25,63221.57,66154.79,False,63221.57,2012-10-26,13,Seasonal baseline
31,95,2013-01-25,97971.92,97478.08,False,97971.92,2012-10-26,13,Seasonal baseline
31,96,2013-01-25,26787.52,28213.66,False,26787.52,2012-10-26,13,Seasonal baseline
31,97,2013-01-25,28309.78,27702.32,False,28309.78,2012-10-26,13,Seasonal baseline
31,98,2013-01-25,9231.91,10729.1,False,9231.91,2012-10-26,13,Seasonal baseline
32,1,2013-01-25,19664.35,40245.23,False,19664.35,2012-10-26,13,Seasonal baseline
32,2,2013-01-25,45773.46,53135.12,False,45773.46,2012-10-26,13,Seasonal baseline
32,3,2013-01-25,14236.37,11839.77,False,14236.37,2012-10-26,13,Seasonal baseline
32,4,2013-01-25,26912.76,28346.49,False,26912.76,2012-10-26,13,Seasonal baseline
32,5,2013-01-25,15081.6,20783.62,False,15081.6,2012-10-26,13,Seasonal baseline
32,6,2013-01-25,1870.12,2803.06,False,1870.12,2012-10-26,13,Seasonal baseline
32,7,2013-01-25,14269.16,19144.84,False,14269.16,2012-10-26,13,Seasonal baseline
32,8,2013-01-25,24936.75,24995.5,False,24936.75,2012-10-26,13,Seasonal baseline
32,9,2013-01-25,12646.49,20180.94,False,12646.49,2012-10-26,13,Seasonal baseline
32,10,2013-01-25,19379.01,35044.14,False,19379.01,2012-10-26,13,Seasonal baseline
32,11,2013-01-25,14041.2,16900.85,False,14041.2,2012-10-26,13,Seasonal baseline
32,12,2013-01-25,2918.43,3195.0,False,2918.43,2012-10-26,13,Seasonal baseline
32,13,2013-01-25,28366.27,30561.07,False,28366.27,2012-10-26,13,Seasonal baseline
32,14,2013-01-25,11762.03,15168.71,False,11762.03,2012-10-26,13,Seasonal baseline
32,16,2013-01-25,2215.48,3895.62,False,2215.48,2012-10-26,13,Seasonal baseline
32,17,2013-01-25,9053.4,11031.9,False,9053.4,2012-10-26,13,Seasonal baseline
32,18,2013-01-25,1104.98,15979.84,False,1104.98,2012-10-26,13,Seasonal baseline
32,19,2013-01-25,1205.35,2325.68,False,1205.35,2012-10-26,13,Seasonal baseline
32,20,2013-01-25,3431.03,3663.8,False,3431.03,2012-10-26,13,Seasonal baseline
32,21,2013-01-25,3529.03,4610.3,False,3529.03,2012-10-26,13,Seasonal baseline
32,22,2013-01-25,6526.72,8776.94,False,6526.72,2012-10-26,13,Seasonal baseline
32,23,2013-01-25,15200.37,23670.93,False,15200.37,2012-10-26,13,Seasonal baseline
32,24,2013-01-25,2358.65,4739.54,False,2358.65,2012-10-26,13,Seasonal baseline
32,25,2013-01-25,5331.2,9554.08,False,5331.2,2012-10-26,13,Seasonal baseline
32,26,2013-01-25,4605.21,6823.5,False,4605.21,2012-10-26,13,Seasonal baseline
32,27,2013-01-25,1158.28,1609.99,False,1158.28,2012-10-26,13,Seasonal baseline
32,28,2013-01-25,717.03,1152.92,False,717.03,2012-10-26,13,Seasonal baseline
32,29,2013-01-25,2899.52,4165.3,False,2899.52,2012-10-26,13,Seasonal baseline
32,30,2013-01-25,1737.82,2400.56,False,1737.82,2012-10-26,13,Seasonal baseline
32,31,2013-01-25,917.68,3492.14,False,917.68,2012-10-26,13,Seasonal baseline
32,32,2013-01-25,2848.57,4325.79,False,2848.57,2012-10-26,13,Seasonal baseline
32,33,2013-01-25,1622.49,4066.76,False,1622.49,2012-10-26,13,Seasonal baseline
32,34,2013-01-25,7428.73,11576.35,False,7428.73,2012-10-26,13,Seasonal baseline
32,35,2013-01-25,1378.54,1813.76,False,1378.54,2012-10-26,13,Seasonal baseline
32,36,2013-01-25,965.7,1959.04,False,965.7,2012-10-26,13,Seasonal baseline
32,37,2013-01-25,2422.88,3464.39,False,2422.88,2012-10-26,13,Seasonal baseline
32,38,2013-01-25,70200.92,66073.32,False,70200.92,2012-10-26,13,Seasonal baseline
32,40,2013-01-25,62124.36,61745.56,False,62124.36,2012-10-26,13,Seasonal baseline
32,41,2013-01-25,251.0,3867.61,False,251.0,2012-10-26,13,Seasonal baseline
32,42,2013-01-25,6581.69,6480.29,False,6581.69,2012-10-26,13,Seasonal baseline
32,44,2013-01-25,3842.29,6225.76,False,3842.29,2012-10-26,13,Seasonal baseline
32,46,2013-01-25,23329.6,27296.18,False,23329.6,2012-10-26,13,Seasonal baseline
32,49,2013-01-25,5187.37,6194.51,False,5187.37,2012-10-26,13,Seasonal baseline
32,52,2013-01-25,2203.5,2893.68,False,2203.5,2012-10-26,13,Seasonal baseline
32,54,2013-01-25,23.88,83.76,False,23.88,2012-10-26,13,Seasonal baseline
32,55,2013-01-25,5346.24,7947.36,False,5346.24,2012-10-26,13,Seasonal baseline
32,56,2013-01-25,818.51,1091.11,False,818.51,2012-10-26,13,Seasonal baseline
32,58,2013-01-25,5150.0,1775.0,False,5150.0,2012-10-26,13,Seasonal baseline
32,59,2013-01-25,270.94,291.28,False,270.94,2012-10-26,13,Seasonal baseline
32,60,2013-01-25,653.4,648.0,False,653.4,2012-10-26,13,Seasonal baseline
32,67,2013-01-25,7680.66,8464.65,False,7680.66,2012-10-26,13,Seasonal baseline
32,71,2013-01-25,4704.77,6904.09,False,4704.77,2012-10-26,13,Seasonal baseline
32,72,2013-01-25,38884.11,44371.44,False,38884.11,2012-10-26,13,Seasonal baseline
32,74,2013-01-25,13640.59,14064.37,False,13640.59,2012-10-26,13,Seasonal baseline
32,79,2013-01-25,15565.68,13961.73,False,15565.68,2012-10-26,13,Seasonal baseline
32,80,2013-01-25,15217.6,18107.09,False,15217.6,2012-10-26,13,Seasonal baseline
32,81,2013-01-25,16441.89,15691.63,False,16441.89,2012-10-26,13,Seasonal baseline
32,82,2013-01-25,14539.01,17825.67,False,14539.01,2012-10-26,13,Seasonal baseline
32,83,2013-01-25,3277.05,3497.29,False,3277.05,2012-10-26,13,Seasonal baseline
32,85,2013-01-25,1232.6,1868.42,False,1232.6,2012-10-26,13,Seasonal baseline
32,87,2013-01-25,6490.46,8705.97,False,6490.46,2012-10-26,13,Seasonal baseline
32,90,2013-01-25,63297.68,65223.73,False,63297.68,2012-10-26,13,Seasonal baseline
32,91,2013-01-25,48646.25,46239.79,False,48646.25,2012-10-26,13,Seasonal baseline
32,92,2013-01-25,103168.04,110741.63,False,103168.04,2012-10-26,13,Seasonal baseline
32,93,2013-01-25,29629.78,31877.0,False,29629.78,2012-10-26,13,Seasonal baseline
32,94,2013-01-25,46901.28,52074.67,False,46901.28,2012-10-26,13,Seasonal baseline
32,95,2013-01-25,80657.94,82670.31,False,80657.94,2012-10-26,13,Seasonal baseline
32,96,2013-01-25,2103.67,2424.13,False,2103.67,2012-10-26,13,Seasonal baseline
32,97,2013-01-25,15872.15,16184.29,False,15872.15,2012-10-26,13,Seasonal baseline
32,98,2013-01-25,7413.03,9012.5,False,7413.03,2012-10-26,13,Seasonal baseline
32,99,2013-01-25,,12.0,True,12.0,2012-10-26,13,Seasonal baseline
33,1,2013-01-25,2655.25,3210.15,False,2655.25,2012-10-26,13,Seasonal baseline
33,2,2013-01-25,7316.53,8218.23,False,7316.53,2012-10-26,13,Seasonal baseline
33,3,2013-01-25,375.99,213.02,False,375.99,2012-10-26,13,Seasonal baseline
33,4,2013-01-25,5960.28,6218.49,False,5960.28,2012-10-26,13,Seasonal baseline
33,5,2013-01-25,85.0,90.0,False,85.0,2012-10-26,13,Seasonal baseline
33,7,2013-01-25,216.11,252.72,False,216.11,2012-10-26,13,Seasonal baseline
33,8,2013-01-25,4560.03,4712.1,False,4560.03,2012-10-26,13,Seasonal baseline
33,9,2013-01-25,25.0,22.76,False,25.0,2012-10-26,13,Seasonal baseline
33,10,2013-01-25,64.09,73.63,False,64.09,2012-10-26,13,Seasonal baseline
33,11,2013-01-25,166.42,190.51,False,166.42,2012-10-26,13,Seasonal baseline
33,12,2013-01-25,10.11,12.41,False,10.11,2012-10-26,13,Seasonal baseline
33,13,2013-01-25,7362.48,7172.26,False,7362.48,2012-10-26,13,Seasonal baseline
33,14,2013-01-25,775.51,602.16,False,775.51,2012-10-26,13,Seasonal baseline
33,16,2013-01-25,305.14,248.24,False,305.14,2012-10-26,13,Seasonal baseline
33,17,2013-01-25,258.55,218.57,False,258.55,2012-10-26,13,Seasonal baseline
33,18,2013-01-25,159.19,610.61,False,159.19,2012-10-26,13,Seasonal baseline
33,20,2013-01-25,37.09,13.97,False,37.09,2012-10-26,13,Seasonal baseline
33,21,2013-01-25,183.72,181.01,False,183.72,2012-10-26,13,Seasonal baseline
33,26,2013-01-25,143.65,114.6,False,143.65,2012-10-26,13,Seasonal baseline
33,32,2013-01-25,,9.0,True,9.0,2012-10-26,13,Seasonal baseline
33,38,2013-01-25,16203.32,24841.05,False,16203.32,2012-10-26,13,Seasonal baseline
33,40,2013-01-25,7691.19,7962.87,False,7691.19,2012-10-26,13,Seasonal baseline
33,42,2013-01-25,72.86,111.22,False,72.86,2012-10-26,13,Seasonal baseline
33,46,2013-01-25,1638.39,1730.72,False,1638.39,2012-10-26,13,Seasonal baseline
33,49,2013-01-25,,5.0,True,5.0,2012-10-26,13,Seasonal baseline
33,55,2013-01-25,28.0,25.0,False,28.0,2012-10-26,13,Seasonal baseline
33,60,2013-01-25,61.6,45.0,False,61.6,2012-10-26,13,Seasonal baseline
33,67,2013-01-25,332.67,815.8,False,332.67,2012-10-26,13,Seasonal baseline
33,74,2013-01-25,330.88,313.12,False,330.88,2012-10-26,13,Seasonal baseline
33,79,2013-01-25,10628.81,12536.24,False,10628.81,2012-10-26,13,Seasonal baseline
33,80,2013-01-25,7378.59,6101.03,False,7378.59,2012-10-26,13,Seasonal baseline
33,81,2013-01-25,9143.32,8605.28,False,9143.32,2012-10-26,13,Seasonal baseline
33,82,2013-01-25,3146.16,3209.13,False,3146.16,2012-10-26,13,Seasonal baseline
33,83,2013-01-25,1461.64,1440.23,False,1461.64,2012-10-26,13,Seasonal baseline
33,87,2013-01-25,328.65,474.98,False,328.65,2012-10-26,13,Seasonal baseline
33,90,2013-01-25,23943.2,24327.91,False,23943.2,2012-10-26,13,Seasonal baseline
33,91,2013-01-25,8651.11,9275.64,False,8651.11,2012-10-26,13,Seasonal baseline
33,92,2013-01-25,30698.14,29769.62,False,30698.14,2012-10-26,13,Seasonal baseline
33,93,2013-01-25,18790.28,15982.31,False,18790.28,2012-10-26,13,Seasonal baseline
33,94,2013-01-25,20901.81,24224.13,False,20901.81,2012-10-26,13,Seasonal baseline
33,95,2013-01-25,24381.56,26681.23,False,24381.56,2012-10-26,13,Seasonal baseline
33,96,2013-01-25,9191.42,11491.88,False,9191.42,2012-10-26,13,Seasonal baseline
33,97,2013-01-25,4617.43,4879.55,False,4617.43,2012-10-26,13,Seasonal baseline
33,98,2013-01-25,6570.24,6497.75,False,6570.24,2012-10-26,13,Seasonal baseline
34,1,2013-01-25,20136.4,25051.36,False,20136.4,2012-10-26,13,Seasonal baseline
34,2,2013-01-25,33928.51,31785.25,False,33928.51,2012-10-26,13,Seasonal baseline
34,3,2013-01-25,8107.47,5715.89,False,8107.47,2012-10-26,13,Seasonal baseline
34,4,2013-01-25,18653.17,20716.55,False,18653.17,2012-10-26,13,Seasonal baseline
34,5,2013-01-25,22298.19,18541.14,False,22298.19,2012-10-26,13,Seasonal baseline
34,6,2013-01-25,1626.74,2484.78,False,1626.74,2012-10-26,13,Seasonal baseline
34,7,2013-01-25,8338.5,15372.42,False,8338.5,2012-10-26,13,Seasonal baseline
34,8,2013-01-25,25566.5,27484.98,False,25566.5,2012-10-26,13,Seasonal baseline
34,9,2013-01-25,11083.47,28344.58,False,11083.47,2012-10-26,13,Seasonal baseline
34,10,2013-01-25,12644.48,16652.1,False,12644.48,2012-10-26,13,Seasonal baseline
34,11,2013-01-25,12951.98,14501.59,False,12951.98,2012-10-26,13,Seasonal baseline
34,12,2013-01-25,4749.24,5127.58,False,4749.24,2012-10-26,13,Seasonal baseline
34,13,2013-01-25,22304.19,22592.17,False,22304.19,2012-10-26,13,Seasonal baseline
34,14,2013-01-25,8940.15,8930.71,False,8940.15,2012-10-26,13,Seasonal baseline
34,16,2013-01-25,4261.43,4841.81,False,4261.43,2012-10-26,13,Seasonal baseline
34,17,2013-01-25,6393.2,7035.13,False,6393.2,2012-10-26,13,Seasonal baseline
34,18,2013-01-25,1649.15,13001.02,False,1649.15,2012-10-26,13,Seasonal baseline
34,20,2013-01-25,3019.31,2124.6,False,3019.31,2012-10-26,13,Seasonal baseline
34,21,2013-01-25,3803.87,3912.19,False,3803.87,2012-10-26,13,Seasonal baseline
34,22,2013-01-25,5211.4,5282.29,False,5211.4,2012-10-26,13,Seasonal baseline
34,23,2013-01-25,9981.83,14123.03,False,9981.83,2012-10-26,13,Seasonal baseline
34,24,2013-01-25,1880.47,3515.74,False,1880.47,2012-10-26,13,Seasonal baseline
34,25,2013-01-25,4159.57,6035.94,False,4159.57,2012-10-26,13,Seasonal baseline
34,26,2013-01-25,4319.56,4737.55,False,4319.56,2012-10-26,13,Seasonal baseline
34,27,2013-01-25,706.19,1090.09,False,706.19,2012-10-26,13,Seasonal baseline
34,28,2013-01-25,304.94,297.91,False,304.94,2012-10-26,13,Seasonal baseline
34,29,2013-01-25,1822.13,2106.57,False,1822.13,2012-10-26,13,Seasonal baseline
34,30,2013-01-25,1117.58,1713.1,False,1117.58,2012-10-26,13,Seasonal baseline
34,31,2013-01-25,361.54,1023.69,False,361.54,2012-10-26,13,Seasonal baseline
34,32,2013-01-25,3916.08,4236.17,False,3916.08,2012-10-26,13,Seasonal baseline
34,33,2013-01-25,2495.96,3946.93,False,2495.96,2012-10-26,13,Seasonal baseline
34,34,2013-01-25,5846.58,6244.65,False,5846.58,2012-10-26,13,Seasonal baseline
34,35,2013-01-25,880.88,903.43,False,880.88,2012-10-26,13,Seasonal baseline
34,36,2013-01-25,289.67,619.79,False,289.67,2012-10-26,13,Seasonal baseline
34,37,2013-01-25,1623.01,2203.04,False,1623.01,2012-10-26,13,Seasonal baseline
34,38,2013-01-25,47950.26,40344.49,False,47950.26,2012-10-26,13,Seasonal baseline
34,40,2013-01-25,40508.05,39153.07,False,40508.05,2012-10-26,13,Seasonal baseline
34,41,2013-01-25,217.97,537.46,False,217.97,2012-10-26,13,Seasonal baseline
34,42,2013-01-25,3588.3,4057.83,False,3588.3,2012-10-26,13,Seasonal baseline
34,44,2013-01-25,4849.66,4046.07,False,4849.66,2012-10-26,13,Seasonal baseline
34,46,2013-01-25,15566.27,14810.59,False,15566.27,2012-10-26,13,Seasonal baseline
34,48,2013-01-25,1272.0,5679.0,False,1272.0,2012-10-26,13,Seasonal baseline
34,49,2013-01-25,4572.86,3039.8,False,4572.86,2012-10-26,13,Seasonal baseline
34,52,2013-01-25,1469.56,1267.62,False,1469.56,2012-10-26,13,Seasonal baseline
34,54,2013-01-25,,14.88,True,14.88,2012-10-26,13,Seasonal baseline
34,55,2013-01-25,8300.41,8620.67,False,8300.41,2012-10-26,13,Seasonal baseline
34,56,2013-01-25,391.16,469.95,False,391.16,2012-10-26,13,Seasonal baseline
34,59,2013-01-25,287.26,243.82,False,287.26,2012-10-26,13,Seasonal baseline
34,60,2013-01-25,52.8,72.0,False,52.8,2012-10-26,13,Seasonal baseline
34,65,2013-01-25,34133.89,41457.76,False,34133.89,2012-10-26,13,Seasonal baseline
34,67,2013-01-25,5493.97,6700.94,False,5493.97,2012-10-26,13,Seasonal baseline
34,71,2013-01-25,2366.75,2435.5,False,2366.75,2012-10-26,13,Seasonal baseline
34,72,2013-01-25,33387.66,27439.9,False,33387.66,2012-10-26,13,Seasonal baseline
34,74,2013-01-25,7913.62,7031.77,False,7913.62,2012-10-26,13,Seasonal baseline
34,79,2013-01-25,14172.24,14284.24,False,14172.24,2012-10-26,13,Seasonal baseline
34,80,2013-01-25,12752.49,12171.4,False,12752.49,2012-10-26,13,Seasonal baseline
34,81,2013-01-25,15923.78,16549.14,False,15923.78,2012-10-26,13,Seasonal baseline
34,82,2013-01-25,15427.05,17253.23,False,15427.05,2012-10-26,13,Seasonal baseline
34,83,2013-01-25,3433.19,2478.48,False,3433.19,2012-10-26,13,Seasonal baseline
34,85,2013-01-25,1196.98,1277.38,False,1196.98,2012-10-26,13,Seasonal baseline
34,87,2013-01-25,5429.67,8077.01,False,5429.67,2012-10-26,13,Seasonal baseline
34,90,2013-01-25,44709.28,46830.95,False,44709.28,2012-10-26,13,Seasonal baseline
34,91,2013-01-25,32510.72,34330.26,False,32510.72,2012-10-26,13,Seasonal baseline
34,92,2013-01-25,68081.87,72991.31,False,68081.87,2012-10-26,13,Seasonal baseline
34,93,2013-01-25,29483.74,32093.5,False,29483.74,2012-10-26,13,Seasonal baseline
34,94,2013-01-25,36023.83,39055.63,False,36023.83,2012-10-26,13,Seasonal baseline
34,95,2013-01-25,65039.53,68644.81,False,65039.53,2012-10-26,13,Seasonal baseline
34,96,2013-01-25,16979.11,23704.32,False,16979.11,2012-10-26,13,Seasonal baseline
34,97,2013-01-25,16308.0,18521.65,False,16308.0,2012-10-26,13,Seasonal baseline
34,98,2013-01-25,7283.1,9005.61,False,7283.1,2012-10-26,13,Seasonal baseline
35,1,2013-01-25,11397.84,25693.46,False,11397.84,2012-10-26,13,Seasonal baseline
35,2,2013-01-25,30991.75,46016.07,False,30991.75,2012-10-26,13,Seasonal baseline
35,3,2013-01-25,9015.6,8319.5,False,9015.6,2012-10-26,13,Seasonal baseline
35,4,2013-01-25,13031.21,19932.02,False,13031.21,2012-10-26,13,Seasonal baseline
35,5,2013-01-25,15041.88,19590.53,False,15041.88,2012-10-26,13,Seasonal baseline
35,6,2013-01-25,3793.74,2002.85,False,3793.74,2012-10-26,13,Seasonal baseline
35,7,2013-01-25,10354.51,25195.73,False,10354.51,2012-10-26,13,Seasonal baseline
35,8,2013-01-25,13894.2,20084.18,False,13894.2,2012-10-26,13,Seasonal baseline
35,9,2013-01-25,8806.65,13630.92,False,8806.65,2012-10-26,13,Seasonal baseline
35,10,2013-01-25,10620.18,15071.72,False,10620.18,2012-10-26,13,Seasonal baseline
35,11,2013-01-25,8387.97,11101.9,False,8387.97,2012-10-26,13,Seasonal baseline
35,12,2013-01-25,999.05,1950.78,False,999.05,2012-10-26,13,Seasonal baseline
35,13,2013-01-25,21524.71,31487.59,False,21524.71,2012-10-26,13,Seasonal baseline
35,14,2013-01-25,15571.36,22116.65,False,15571.36,2012-10-26,13,Seasonal baseline
35,16,2013-01-25,1687.65,222.38,False,1687.65,2012-10-26,13,Seasonal baseline
35,17,2013-01-25,10832.47,15590.18,False,10832.47,2012-10-26,13,Seasonal baseline
35,18,2013-01-25,1197.91,13855.4,False,1197.91,2012-10-26,13,Seasonal baseline
35,20,2013-01-25,8054.68,8193.81,False,8054.68,2012-10-26,13,Seasonal baseline
35,21,2013-01-25,1877.89,2755.56,False,1877.89,2012-10-26,13,Seasonal baseline
35,22,2013-01-25,15308.31,18699.67,False,15308.31,2012-10-26,13,Seasonal baseline
35,23,2013-01-25,23676.7,36645.68,False,23676.7,2012-10-26,13,Seasonal baseline
35,24,2013-01-25,5106.44,10363.85,False,5106.44,2012-10-26,13,Seasonal baseline
35,25,2013-01-25,10982.97,14510.04,False,10982.97,2012-10-26,13,Seasonal baseline
35,26,2013-01-25,6696.91,13486.77,False,6696.91,2012-10-26,13,Seasonal baseline
35,27,2013-01-25,1527.78,1891.06,False,1527.78,2012-10-26,13,Seasonal baseline
35,28,2013-01-25,504.08,1208.87,False,504.08,2012-10-26,13,Seasonal baseline
35,29,2013-01-25,5960.86,8356.5,False,5960.86,2012-10-26,13,Seasonal baseline
35,30,2013-01-25,3064.16,3619.99,False,3064.16,2012-10-26,13,Seasonal baseline
35,31,2013-01-25,3002.56,3621.67,False,3002.56,2012-10-26,13,Seasonal baseline
35,32,2013-01-25,3934.32,4598.33,False,3934.32,2012-10-26,13,Seasonal baseline
35,33,2013-01-25,5597.22,11750.73,False,5597.22,2012-10-26,13,Seasonal baseline
35,34,2013-01-25,12001.08,26943.79,False,12001.08,2012-10-26,13,Seasonal baseline
35,35,2013-01-25,1933.05,3109.18,False,1933.05,2012-10-26,13,Seasonal baseline
35,36,2013-01-25,1335.64,3494.23,False,1335.64,2012-10-26,13,Seasonal baseline
35,38,2013-01-25,30044.38,40767.08,False,30044.38,2012-10-26,13,Seasonal baseline
35,40,2013-01-25,28983.88,38386.21,False,28983.88,2012-10-26,13,Seasonal baseline
35,41,2013-01-25,7143.25,1370.25,False,7143.25,2012-10-26,13,Seasonal baseline
35,42,2013-01-25,4994.39,8200.44,False,4994.39,2012-10-26,13,Seasonal baseline
35,44,2013-01-25,1447.66,2271.14,False,1447.66,2012-10-26,13,Seasonal baseline
35,46,2013-01-25,9845.03,15956.49,False,9845.03,2012-10-26,13,Seasonal baseline
35,49,2013-01-25,20.79,10.0,False,20.79,2012-10-26,13,Seasonal baseline
35,52,2013-01-25,612.49,1853.77,False,612.49,2012-10-26,13,Seasonal baseline
35,54,2013-01-25,-29.0,15.0,False,-29.0,2012-10-26,13,Seasonal baseline
35,55,2013-01-25,6813.45,7245.52,False,6813.45,2012-10-26,13,Seasonal baseline
35,56,2013-01-25,101.61,140.22,False,101.61,2012-10-26,13,Seasonal baseline
35,58,2013-01-25,855.0,2235.0,False,855.0,2012-10-26,13,Seasonal baseline
35,59,2013-01-25,35.26,29.14,False,35.26,2012-10-26,13,Seasonal baseline
35,60,2013-01-25,80.2,90.0,False,80.2,2012-10-26,13,Seasonal baseline
35,67,2013-01-25,4544.09,5866.27,False,4544.09,2012-10-26,13,Seasonal baseline
35,71,2013-01-25,7368.34,9076.24,False,7368.34,2012-10-26,13,Seasonal baseline
35,72,2013-01-25,58255.35,78390.69,False,58255.35,2012-10-26,13,Seasonal baseline
35,74,2013-01-25,13073.59,18804.61,False,13073.59,2012-10-26,13,Seasonal baseline
35,79,2013-01-25,17205.22,24084.72,False,17205.22,2012-10-26,13,Seasonal baseline
35,80,2013-01-25,90.08,-16.51,False,90.08,2012-10-26,13,Seasonal baseline
35,81,2013-01-25,4866.62,6503.07,False,4866.62,2012-10-26,13,Seasonal baseline
35,82,2013-01-25,6889.85,14683.35,False,6889.85,2012-10-26,13,Seasonal baseline
35,83,2013-01-25,2155.0,1781.87,False,2155.0,2012-10-26,13,Seasonal baseline
35,85,2013-01-25,968.99,1605.47,False,968.99,2012-10-26,13,Seasonal baseline
35,87,2013-01-25,9738.2,15740.67,False,9738.2,2012-10-26,13,Seasonal baseline
35,90,2013-01-25,10862.96,14287.37,False,10862.96,2012-10-26,13,Seasonal baseline
35,91,2013-01-25,5761.15,6662.84,False,5761.15,2012-10-26,13,Seasonal baseline
35,92,2013-01-25,25645.77,38065.58,False,25645.77,2012-10-26,13,Seasonal baseline
35,93,2013-01-25,1094.0,1045.94,False,1094.0,2012-10-26,13,Seasonal baseline
35,94,2013-01-25,-4.48,11.64,False,-4.48,2012-10-26,13,Seasonal baseline
35,95,2013-01-25,28931.16,41216.59,False,28931.16,2012-10-26,13,Seasonal baseline
35,97,2013-01-25,2608.38,3620.74,False,2608.38,2012-10-26,13,Seasonal baseline
35,98,2013-01-25,7.0,24.6,False,7.0,2012-10-26,13,Seasonal baseline
36,1,2013-01-25,2138.36,2832.48,False,2138.36,2012-10-26,13,Seasonal baseline
36,2,2013-01-25,12097.22,11811.88,False,12097.22,2012-10-26,13,Seasonal baseline
36,3,2013-01-25,561.08,344.46,False,561.08,2012-10-26,13,Seasonal baseline
36,4,2013-01-25,8181.89,8051.92,False,8181.89,2012-10-26,13,Seasonal baseline
36,5,2013-01-25,98.75,280.46,False,98.75,2012-10-26,13,Seasonal baseline
36,7,2013-01-25,447.58,271.16,False,447.58,2012-10-26,13,Seasonal baseline
36,8,2013-01-25,3338.08,3146.71,False,3338.08,2012-10-26,13,Seasonal baseline
36,9,2013-01-25,,26.04,True,26.04,2012-10-26,13,Seasonal baseline
36,10,2013-01-25,176.93,351.86,False,176.93,2012-10-26,13,Seasonal baseline
36,11,2013-01-25,254.71,198.67,False,254.71,2012-10-26,13,Seasonal baseline
36,12,2013-01-25,33.97,39.87,False,33.97,2012-10-26,13,Seasonal baseline
36,13,2013-01-25,11093.94,10339.15,False,11093.94,2012-10-26,13,Seasonal baseline
36,14,2013-01-25,1419.92,1353.79,False,1419.92,2012-10-26,13,Seasonal baseline
36,16,2013-01-25,442.26,564.5,False,442.26,2012-10-26,13,Seasonal baseline
36,17,2013-01-25,283.02,209.55,False,283.02,2012-10-26,13,Seasonal baseline
36,18,2013-01-25,271.78,557.69,False,271.78,2012-10-26,13,Seasonal baseline
36,20,2013-01-25,4.0,32.0,False,4.0,2012-10-26,13,Seasonal baseline
36,21,2013-01-25,227.06,131.2,False,227.06,2012-10-26,13,Seasonal baseline
36,25,2013-01-25,2.96,2.96,False,2.96,2012-10-26,13,Seasonal baseline
36,26,2013-01-25,167.4,182.35,False,167.4,2012-10-26,13,Seasonal baseline
36,31,2013-01-25,57.0,15.0,False,57.0,2012-10-26,13,Seasonal baseline
36,38,2013-01-25,18287.54,18005.46,False,18287.54,2012-10-26,13,Seasonal baseline
36,40,2013-01-25,10569.85,10216.27,False,10569.85,2012-10-26,13,Seasonal baseline
36,42,2013-01-25,70.88,149.64,False,70.88,2012-10-26,13,Seasonal baseline
36,44,2013-01-25,,2.28,True,2.28,2012-10-26,13,Seasonal baseline
36,46,2013-01-25,2077.95,2060.09,False,2077.95,2012-10-26,13,Seasonal baseline
36,49,2013-01-25,,5.0,True,5.0,2012-10-26,13,Seasonal baseline
36,60,2013-01-25,116.4,54.0,False,116.4,2012-10-26,13,Seasonal baseline
36,67,2013-01-25,646.16,507.9,False,646.16,2012-10-26,13,Seasonal baseline
36,74,2013-01-25,514.77,454.73,False,514.77,2012-10-26,13,Seasonal baseline
36,79,2013-01-25,14525.0,11836.83,False,14525.0,2012-10-26,13,Seasonal baseline
36,80,2013-01-25,17066.38,14048.35,False,17066.38,2012-10-26,13,Seasonal baseline
36,81,2013-01-25,10421.47,9621.23,False,10421.47,2012-10-26,13,Seasonal baseline
36,82,2013-01-25,5199.75,4678.06,False,5199.75,2012-10-26,13,Seasonal baseline
36,83,2013-01-25,1954.35,1698.82,False,1954.35,2012-10-26,13,Seasonal baseline
36,90,2013-01-25,29832.47,24848.51,False,29832.47,2012-10-26,13,Seasonal baseline
36,91,2013-01-25,8413.72,7258.41,False,8413.72,2012-10-26,13,Seasonal baseline
36,92,2013-01-25,33641.2,29277.0,False,33641.2,2012-10-26,13,Seasonal baseline
36,93,2013-01-25,16529.99,13552.16,False,16529.99,2012-10-26,13,Seasonal baseline
36,94,2013-01-25,33167.63,27246.98,False,33167.63,2012-10-26,13,Seasonal baseline
36,95,2013-01-25,30490.99,30744.77,False,30490.99,2012-10-26,13,Seasonal baseline
36,96,2013-01-25,13951.12,15835.16,False,13951.12,2012-10-26,13,Seasonal baseline
36,97,2013-01-25,4983.32,4476.95,False,4983.32,2012-10-26,13,Seasonal baseline
36,98,2013-01-25,7219.71,5167.11,False,7219.71,2012-10-26,13,Seasonal baseline
37,1,2013-01-25,11020.37,16728.53,False,11020.37,2012-10-26,13,Seasonal baseline
37,2,2013-01-25,16038.56,17280.84,False,16038.56,2012-10-26,13,Seasonal baseline
37,3,2013-01-25,1453.32,1204.36,False,1453.32,2012-10-26,13,Seasonal baseline
37,4,2013-01-25,17900.44,17600.74,False,17900.44,2012-10-26,13,Seasonal baseline
37,5,2013-01-25,813.32,842.79,False,813.32,2012-10-26,13,Seasonal baseline
37,7,2013-01-25,469.67,686.92,False,469.67,2012-10-26,13,Seasonal baseline
37,8,2013-01-25,15917.57,17058.31,False,15917.57,2012-10-26,13,Seasonal baseline
37,9,2013-01-25,63.88,119.85,False,63.88,2012-10-26,13,Seasonal baseline
37,10,2013-01-25,397.04,405.76,False,397.04,2012-10-26,13,Seasonal baseline
37,11,2013-01-25,1708.32,1618.04,False,1708.32,2012-10-26,13,Seasonal baseline
37,12,2013-01-25,218.79,240.25,False,218.79,2012-10-26,13,Seasonal baseline
37,13,2013-01-25,16233.49,16484.81,False,16233.49,2012-10-26,13,Seasonal baseline
37,14,2013-01-25,1708.65,1391.12,False,1708.65,2012-10-26,13,Seasonal baseline
37,16,2013-01-25,1661.53,1630.38,False,1661.53,2012-10-26,13,Seasonal baseline
37,17,2013-01-25,241.1,534.43,False,241.1,2012-10-26,13,Seasonal baseline
37,18,2013-01-25,234.03,966.16,False,234.03,2012-10-26,13,Seasonal baseline
37,21,2013-01-25,1980.22,1732.69,False,1980.22,2012-10-26,13,Seasonal baseline
37,22,2013-01-25,12.88,87.34,False,12.88,2012-10-26,13,Seasonal baseline
37,23,2013-01-25,50.02,10.88,False,50.02,2012-10-26,13,Seasonal baseline
37,25,2013-01-25,58.0,57.08,False,58.0,2012-10-26,13,Seasonal baseline
37,27,2013-01-25,28.85,41.02,False,28.85,2012-10-26,13,Seasonal baseline
37,28,2013-01-25,146.09,64.89,False,146.09,2012-10-26,13,Seasonal baseline
37,31,2013-01-25,261.92,81.5,False,261.92,2012-10-26,13,Seasonal baseline
37,32,2013-01-25,,39.0,True,39.0,2012-10-26,13,Seasonal baseline
37,38,2013-01-25,60275.35,62209.94,False,60275.35,2012-10-26,13,Seasonal baseline
37,40,2013-01-25,27637.3,27908.57,False,27637.3,2012-10-26,13,Seasonal baseline
37,42,2013-01-25,89.14,190.69,False,89.14,2012-10-26,13,Seasonal baseline
37,46,2013-01-25,8092.25,9189.65,False,8092.25,2012-10-26,13,Seasonal baseline
37,49,2013-01-25,8.91,10.94,False,8.91,2012-10-26,13,Seasonal baseline
37,52,2013-01-25,12.65,31.27,False,12.65,2012-10-26,13,Seasonal baseline
37,56,2013-01-25,15.13,20.44,False,15.13,2012-10-26,13,Seasonal baseline
37,59,2013-01-25,97.97,70.85,False,97.97,2012-10-26,13,Seasonal baseline
37,60,2013-01-25,618.8,702.0,False,618.8,2012-10-26,13,Seasonal baseline
37,67,2013-01-25,1957.98,2759.83,False,1957.98,2012-10-26,13,Seasonal baseline
37,72,2013-01-25,222.16,121.17,False,222.16,2012-10-26,13,Seasonal baseline
37,74,2013-01-25,689.11,677.62,False,689.11,2012-10-26,13,Seasonal baseline
37,79,2013-01-25,8138.18,7431.55,False,8138.18,2012-10-26,13,Seasonal baseline
37,80,2013-01-25,10411.93,11444.05,False,10411.93,2012-10-26,13,Seasonal baseline
37,81,2013-01-25,11356.0,10760.12,False,11356.0,2012-10-26,13,Seasonal baseline
37,82,2013-01-25,5320.42,7199.1,False,5320.42,2012-10-26,13,Seasonal baseline
37,83,2013-01-25,2542.63,2098.16,False,2542.63,2012-10-26,13,Seasonal baseline
37,85,2013-01-25,118.76,50.77,False,118.76,2012-10-26,13,Seasonal baseline
37,87,2013-01-25,1147.2,1333.02,False,1147.2,2012-10-26,13,Seasonal baseline
37,90,2013-01-25,47202.82,46478.88,False,47202.82,2012-10-26,13,Seasonal baseline
37,91,2013-01-25,31258.84,30877.66,False,31258.84,2012-10-26,13,Seasonal baseline
37,92,2013-01-25,62580.16,62498.77,False,62580.16,2012-10-26,13,Seasonal baseline
37,93,2013-01-25,22989.09,23058.73,False,22989.09,2012-10-26,13,Seasonal baseline
37,94,2013-01-25,32639.63,33659.27,False,32639.63,2012-10-26,13,Seasonal baseline
37,95,2013-01-25,51625.87,54142.93,False,51625.87,2012-10-26,13,Seasonal baseline
37,96,2013-01-25,19364.24,21465.02,False,19364.24,2012-10-26,13,Seasonal baseline
37,97,2013-01-25,14020.36,14987.27,False,14020.36,2012-10-26,13,Seasonal baseline
37,98,2013-01-25,5065.64,6452.47,False,5065.64,2012-10-26,13,Seasonal baseline
38,1,2013-01-25,7896.5,9241.43,False,7896.5,2012-10-26,13,Seasonal baseline
38,2,2013-01-25,10782.85,12395.34,False,10782.85,2012-10-26,13,Seasonal baseline
38,3,2013-01-25,725.34,485.84,False,725.34,2012-10-26,13,Seasonal baseline
38,4,2013-01-25,11607.22,11307.39,False,11607.22,2012-10-26,13,Seasonal baseline
38,5,2013-01-25,316.18,372.2,False,316.18,2012-10-26,13,Seasonal baseline
38,6,2013-01-25,,24.7,True,24.7,2012-10-26,13,Seasonal baseline
38,7,2013-01-25,202.72,199.95,False,202.72,2012-10-26,13,Seasonal baseline
38,8,2013-01-25,10730.59,10913.6,False,10730.59,2012-10-26,13,Seasonal baseline
38,9,2013-01-25,32.89,83.5,False,32.89,2012-10-26,13,Seasonal baseline
38,10,2013-01-25,320.89,302.2,False,320.89,2012-10-26,13,Seasonal baseline
38,11,2013-01-25,886.91,700.29,False,886.91,2012-10-26,13,Seasonal baseline
38,12,2013-01-25,66.71,38.41,False,66.71,2012-10-26,13,Seasonal baseline
38,13,2013-01-25,9891.92,10775.99,False,9891.92,2012-10-26,13,Seasonal baseline
38,14,2013-01-25,1063.02,884.23,False,1063.02,2012-10-26,13,Seasonal baseline
38,16,2013-01-25,450.15,637.47,False,450.15,2012-10-26,13,Seasonal baseline
38,17,2013-01-25,296.19,518.82,False,296.19,2012-10-26,13,Seasonal baseline
38,18,2013-01-25,264.93,619.74,False,264.93,2012-10-26,13,Seasonal baseline
38,21,2013-01-25,1074.35,956.91,False,1074.35,2012-10-26,13,Seasonal baseline
38,23,2013-01-25,17.24,53.12,False,17.24,2012-10-26,13,Seasonal baseline
38,25,2013-01-25,38.42,44.3,False,38.42,2012-10-26,13,Seasonal baseline
38,27,2013-01-25,11.54,11.54,False,11.54,2012-10-26,13,Seasonal baseline
38,28,2013-01-25,72.02,82.09,False,72.02,2012-10-26,13,Seasonal baseline
38,29,2013-01-25,,11.82,True,11.82,2012-10-26,13,Seasonal baseline
38,31,2013-01-25,16.0,13.5,False,16.0,2012-10-26,13,Seasonal baseline
38,32,2013-01-25,40.0,65.88,False,40.0,2012-10-26,13,Seasonal baseline
38,34,2013-01-25,,5.96,True,5.96,2012-10-26,13,Seasonal baseline
38,38,2013-01-25,70520.99,66530.78,False,70520.99,2012-10-26,13,Seasonal baseline
38,40,2013-01-25,17611.61,18503.79,False,17611.61,2012-10-26,13,Seasonal baseline
38,42,2013-01-25,112.63,92.86,False,112.63,2012-10-26,13,Seasonal baseline
38,44,2013-01-25,,9.47,True,9.47,2012-10-26,13,Seasonal baseline
38,46,2013-01-25,4642.79,4983.01,False,4642.79,2012-10-26,13,Seasonal baseline
38,49,2013-01-25,,5.94,True,5.94,2012-10-26,13,Seasonal baseline
38,52,2013-01-25,10.35,11.65,False,10.35,2012-10-26,13,Seasonal baseline
38,56,2013-01-25,,14.74,True,14.74,2012-10-26,13,Seasonal baseline
38,59,2013-01-25,34.78,83.69,False,34.78,2012-10-26,13,Seasonal baseline
38,60,2013-01-25,241.6,459.0,False,241.6,2012-10-26,13,Seasonal baseline
38,67,2013-01-25,582.57,846.38,False,582.57,2012-10-26,13,Seasonal baseline
38,72,2013-01-25,194.26,349.25,False,194.26,2012-10-26,13,Seasonal baseline
38,74,2013-01-25,368.9,245.75,False,368.9,2012-10-26,13,Seasonal baseline
38,79,2013-01-25,9950.78,9896.56,False,9950.78,2012-10-26,13,Seasonal baseline
38,80,2013-01-25,12085.45,10937.66,False,12085.45,2012-10-26,13,Seasonal baseline
38,81,2013-01-25,10749.28,10742.43,False,10749.28,2012-10-26,13,Seasonal baseline
38,82,2013-01-25,5344.91,6312.97,False,5344.91,2012-10-26,13,Seasonal baseline
38,83,2013-01-25,2208.33,1862.44,False,2208.33,2012-10-26,13,Seasonal baseline
38,87,2013-01-25,861.9,611.76,False,861.9,2012-10-26,13,Seasonal baseline
38,90,2013-01-25,38512.05,38095.02,False,38512.05,2012-10-26,13,Seasonal baseline
38,91,2013-01-25,25555.78,25067.57,False,25555.78,2012-10-26,13,Seasonal baseline
38,92,2013-01-25,49279.84,48608.39,False,49279.84,2012-10-26,13,Seasonal baseline
38,93,2013-01-25,19524.56,18739.49,False,19524.56,2012-10-26,13,Seasonal baseline
38,94,2013-01-25,20897.79,22348.91,False,20897.79,2012-10-26,13,Seasonal baseline
38,95,2013-01-25,39820.96,41940.71,False,39820.96,2012-10-26,13,Seasonal baseline
38,96,2013-01-25,12587.82,13494.37,False,12587.82,2012-10-26,13,Seasonal baseline
38,97,2013-01-25,9660.93,9865.01,False,9660.93,2012-10-26,13,Seasonal baseline
38,98,2013-01-25,4683.59,5884.56,False,4683.59,2012-10-26,13,Seasonal baseline
39,1,2013-01-25,19821.73,47633.95,False,19821.73,2012-10-26,13,Seasonal baseline
39,2,2013-01-25,64193.33,71474.75,False,64193.33,2012-10-26,13,Seasonal baseline
39,3,2013-01-25,17275.41,11457.46,False,17275.41,2012-10-26,13,Seasonal baseline
39,4,2013-01-25,43556.87,47179.95,False,43556.87,2012-10-26,13,Seasonal baseline
39,5,2013-01-25,15809.61,24117.99,False,15809.61,2012-10-26,13,Seasonal baseline
39,6,2013-01-25,1526.36,3628.82,False,1526.36,2012-10-26,13,Seasonal baseline
39,7,2013-01-25,23985.73,42034.35,False,23985.73,2012-10-26,13,Seasonal baseline
39,8,2013-01-25,34204.79,40634.31,False,34204.79,2012-10-26,13,Seasonal baseline
39,9,2013-01-25,14604.96,17179.96,False,14604.96,2012-10-26,13,Seasonal baseline
39,10,2013-01-25,13232.01,15850.01,False,13232.01,2012-10-26,13,Seasonal baseline
39,11,2013-01-25,17839.2,20710.56,False,17839.2,2012-10-26,13,Seasonal baseline
39,12,2013-01-25,4224.93,5434.23,False,4224.93,2012-10-26,13,Seasonal baseline
39,13,2013-01-25,52479.44,59603.9,False,52479.44,2012-10-26,13,Seasonal baseline
39,14,2013-01-25,17023.25,20728.25,False,17023.25,2012-10-26,13,Seasonal baseline
39,16,2013-01-25,13004.51,12297.05,False,13004.51,2012-10-26,13,Seasonal baseline
39,17,2013-01-25,10157.28,12049.51,False,10157.28,2012-10-26,13,Seasonal baseline
39,18,2013-01-25,2884.26,25595.0,False,2884.26,2012-10-26,13,Seasonal baseline
39,19,2013-01-25,,0.97,True,0.97,2012-10-26,13,Seasonal baseline
39,20,2013-01-25,8474.39,8087.99,False,8474.39,2012-10-26,13,Seasonal baseline
39,21,2013-01-25,4743.89,6628.6,False,4743.89,2012-10-26,13,Seasonal baseline
39,22,2013-01-25,11431.14,13374.34,False,11431.14,2012-10-26,13,Seasonal baseline
39,23,2013-01-25,14105.41,20056.26,False,14105.41,2012-10-26,13,Seasonal baseline
39,24,2013-01-25,3723.02,10458.03,False,3723.02,2012-10-26,13,Seasonal baseline
39,25,2013-01-25,5220.48,8437.06,False,5220.48,2012-10-26,13,Seasonal baseline
39,26,2013-01-25,7108.29,11520.18,False,7108.29,2012-10-26,13,Seasonal baseline
39,27,2013-01-25,1587.7,1968.25,False,1587.7,2012-10-26,13,Seasonal baseline
39,28,2013-01-25,788.4,1372.38,False,788.4,2012-10-26,13,Seasonal baseline
39,29,2013-01-25,4907.48,5196.27,False,4907.48,2012-10-26,13,Seasonal baseline
39,30,2013-01-25,2868.1,4272.62,False,2868.1,2012-10-26,13,Seasonal baseline
39,31,2013-01-25,1279.79,2460.98,False,1279.79,2012-10-26,13,Seasonal baseline
39,32,2013-01-25,4084.44,5181.1,False,4084.44,2012-10-26,13,Seasonal baseline
39,33,2013-01-25,3601.63,8494.43,False,3601.63,2012-10-26,13,Seasonal baseline
39,34,2013-01-25,11000.96,16204.3,False,11000.96,2012-10-26,13,Seasonal baseline
39,35,2013-01-25,1683.79,1404.21,False,1683.79,2012-10-26,13,Seasonal baseline
39,36,2013-01-25,583.73,380.16,False,583.73,2012-10-26,13,Seasonal baseline
39,38,2013-01-25,44914.5,42768.81,False,44914.5,2012-10-26,13,Seasonal baseline
39,40,2013-01-25,60162.2,67754.17,False,60162.2,2012-10-26,13,Seasonal baseline
39,41,2013-01-25,365.5,2926.31,False,365.5,2012-10-26,13,Seasonal baseline
39,42,2013-01-25,4278.88,4113.23,False,4278.88,2012-10-26,13,Seasonal baseline
39,44,2013-01-25,4923.21,6213.29,False,4923.21,2012-10-26,13,Seasonal baseline
39,46,2013-01-25,29697.57,33254.91,False,29697.57,2012-10-26,13,Seasonal baseline
39,49,2013-01-25,7052.89,8012.22,False,7052.89,2012-10-26,13,Seasonal baseline
39,52,2013-01-25,1934.61,2730.43,False,1934.61,2012-10-26,13,Seasonal baseline
39,54,2013-01-25,25.0,39.88,False,25.0,2012-10-26,13,Seasonal baseline
39,55,2013-01-25,7012.95,10390.99,False,7012.95,2012-10-26,13,Seasonal baseline
39,56,2013-01-25,1896.39,1357.35,False,1896.39,2012-10-26,13,Seasonal baseline
39,58,2013-01-25,1345.0,2390.0,False,1345.0,2012-10-26,13,Seasonal baseline
39,59,2013-01-25,271.44,204.82,False,271.44,2012-10-26,13,Seasonal baseline
39,60,2013-01-25,364.4,486.0,False,364.4,2012-10-26,13,Seasonal baseline
39,67,2013-01-25,10277.22,12192.45,False,10277.22,2012-10-26,13,Seasonal baseline
39,71,2013-01-25,4277.65,6218.67,False,4277.65,2012-10-26,13,Seasonal baseline
39,72,2013-01-25,45688.41,51833.63,False,45688.41,2012-10-26,13,Seasonal baseline
39,74,2013-01-25,22393.43,21779.11,False,22393.43,2012-10-26,13,Seasonal baseline
39,79,2013-01-25,38099.05,43880.45,False,38099.05,2012-10-26,13,Seasonal baseline
39,80,2013-01-25,12703.84,13909.82,False,12703.84,2012-10-26,13,Seasonal baseline
39,81,2013-01-25,20190.78,20232.22,False,20190.78,2012-10-26,13,Seasonal baseline
39,82,2013-01-25,17078.84,23266.28,False,17078.84,2012-10-26,13,Seasonal baseline
39,83,2013-01-25,5305.79,5687.21,False,5305.79,2012-10-26,13,Seasonal baseline
39,85,2013-01-25,1445.48,1069.1,False,1445.48,2012-10-26,13,Seasonal baseline
39,87,2013-01-25,5558.59,7806.35,False,5558.59,2012-10-26,13,Seasonal baseline
39,90,2013-01-25,81593.26,87632.95,False,81593.26,2012-10-26,13,Seasonal baseline
39,91,2013-01-25,61639.74,63392.5,False,61639.74,2012-10-26,13,Seasonal baseline
39,92,2013-01-25,118810.89,125396.21,False,118810.89,2012-10-26,13,Seasonal baseline
39,93,2013-01-25,39685.44,45735.05,False,39685.44,2012-10-26,13,Seasonal baseline
39,94,2013-01-25,59292.1,69672.5,False,59292.1,2012-10-26,13,Seasonal baseline
39,95,2013-01-25,100495.6,114734.96,False,100495.6,2012-10-26,13,Seasonal baseline
39,96,2013-01-25,25553.09,28887.53,False,25553.09,2012-10-26,13,Seasonal baseline
39,97,2013-01-25,23995.22,27092.3,False,23995.22,2012-10-26,13,Seasonal baseline
39,98,2013-01-25,8944.87,13332.12,False,8944.87,2012-10-26,13,Seasonal baseline
40,1,2013-01-25,13801.73,24689.25,False,13801.73,2012-10-26,13,Seasonal baseline
40,2,2013-01-25,21194.94,24220.81,False,21194.94,2012-10-26,13,Seasonal baseline
40,3,2013-01-25,5828.77,4998.45,False,5828.77,2012-10-26,13,Seasonal baseline
40,4,2013-01-25,20443.45,23462.71,False,20443.45,2012-10-26,13,Seasonal baseline
40,5,2013-01-25,12028.82,14285.09,False,12028.82,2012-10-26,13,Seasonal baseline
40,6,2013-01-25,966.52,1913.35,False,966.52,2012-10-26,13,Seasonal baseline
40,7,2013-01-25,8249.52,16327.91,False,8249.52,2012-10-26,13,Seasonal baseline
40,8,2013-01-25,30282.68,35684.99,False,30282.68,2012-10-26,13,Seasonal baseline
40,9,2013-01-25,6275.88,19661.48,False,6275.88,2012-10-26,13,Seasonal baseline
40,10,2013-01-25,13557.65,23942.44,False,13557.65,2012-10-26,13,Seasonal baseline
40,11,2013-01-25,11730.63,12216.53,False,11730.63,2012-10-26,13,Seasonal baseline
40,12,2013-01-25,2370.64,4078.23,False,2370.64,2012-10-26,13,Seasonal baseline
40,13,2013-01-25,16711.76,21119.09,False,16711.76,2012-10-26,13,Seasonal baseline
40,14,2013-01-25,8258.78,10920.75,False,8258.78,2012-10-26,13,Seasonal baseline
40,16,2013-01-25,3291.75,4343.71,False,3291.75,2012-10-26,13,Seasonal baseline
40,17,2013-01-25,5742.88,8468.22,False,5742.88,2012-10-26,13,Seasonal baseline
40,18,2013-01-25,583.61,11161.87,False,583.61,2012-10-26,13,Seasonal baseline
40,20,2013-01-25,2211.52,2895.03,False,2211.52,2012-10-26,13,Seasonal baseline
40,21,2013-01-25,4649.51,6069.21,False,4649.51,2012-10-26,13,Seasonal baseline
40,22,2013-01-25,4831.08,5292.07,False,4831.08,2012-10-26,13,Seasonal baseline
40,23,2013-01-25,6973.53,14027.6,False,6973.53,2012-10-26,13,Seasonal baseline
40,24,2013-01-25,1581.95,2697.35,False,1581.95,2012-10-26,13,Seasonal baseline
40,25,2013-01-25,3459.86,5252.15,False,3459.86,2012-10-26,13,Seasonal baseline
40,26,2013-01-25,2205.18,4172.15,False,2205.18,2012-10-26,13,Seasonal baseline
40,27,2013-01-25,726.65,1398.04,False,726.65,2012-10-26,13,Seasonal baseline
40,28,2013-01-25,222.84,466.49,False,222.84,2012-10-26,13,Seasonal baseline
40,29,2013-01-25,2387.31,2595.56,False,2387.31,2012-10-26,13,Seasonal baseline
40,30,2013-01-25,1412.56,2193.46,False,1412.56,2012-10-26,13,Seasonal baseline
40,31,2013-01-25,790.92,1200.92,False,790.92,2012-10-26,13,Seasonal baseline
40,32,2013-01-25,2307.09,4259.24,False,2307.09,2012-10-26,13,Seasonal baseline
40,33,2013-01-25,1245.6,3474.71,False,1245.6,2012-10-26,13,Seasonal baseline
40,34,2013-01-25,4026.23,7239.76,False,4026.23,2012-10-26,13,Seasonal baseline
40,35,2013-01-25,1131.02,1469.74,False,1131.02,2012-10-26,13,Seasonal baseline
40,36,2013-01-25,361.82,720.8,False,361.82,2012-10-26,13,Seasonal baseline
40,37,2013-01-25,1972.37,2469.25,False,1972.37,2012-10-26,13,Seasonal baseline
40,38,2013-01-25,32208.36,36641.71,False,32208.36,2012-10-26,13,Seasonal baseline
40,40,2013-01-25,32057.07,33158.41,False,32057.07,2012-10-26,13,Seasonal baseline
40,41,2013-01-25,425.47,192.44,False,425.47,2012-10-26,13,Seasonal baseline
40,42,2013-01-25,3257.14,5043.68,False,3257.14,2012-10-26,13,Seasonal baseline
40,44,2013-01-25,2810.09,3930.62,False,2810.09,2012-10-26,13,Seasonal baseline
40,45,2013-01-25,47.88,17.91,False,47.88,2012-10-26,13,Seasonal baseline
40,46,2013-01-25,6647.02,8087.91,False,6647.02,2012-10-26,13,Seasonal baseline
40,48,2013-01-25,177.0,894.0,False,177.0,2012-10-26,13,Seasonal baseline
40,49,2013-01-25,11.88,60.0,False,11.88,2012-10-26,13,Seasonal baseline
40,52,2013-01-25,923.12,913.76,False,923.12,2012-10-26,13,Seasonal baseline
40,54,2013-01-25,,25.0,True,25.0,2012-10-26,13,Seasonal baseline
40,55,2013-01-25,5818.78,7460.95,False,5818.78,2012-10-26,13,Seasonal baseline
40,56,2013-01-25,461.53,732.46,False,461.53,2012-10-26,13,Seasonal baseline
40,58,2013-01-25,2775.0,6975.0,False,2775.0,2012-10-26,13,Seasonal baseline
40,59,2013-01-25,41.54,134.01,False,41.54,2012-10-26,13,Seasonal baseline
40,60,2013-01-25,97.2,189.0,False,97.2,2012-10-26,13,Seasonal baseline
40,67,2013-01-25,4810.5,6056.88,False,4810.5,2012-10-26,13,Seasonal baseline
40,71,2013-01-25,2966.35,1594.56,False,2966.35,2012-10-26,13,Seasonal baseline
40,72,2013-01-25,34234.94,29888.04,False,34234.94,2012-10-26,13,Seasonal baseline
40,74,2013-01-25,7801.23,10099.56,False,7801.23,2012-10-26,13,Seasonal baseline
40,79,2013-01-25,11763.38,12232.71,False,11763.38,2012-10-26,13,Seasonal baseline
40,80,2013-01-25,14413.81,15630.14,False,14413.81,2012-10-26,13,Seasonal baseline
40,81,2013-01-25,17756.43,18686.25,False,17756.43,2012-10-26,13,Seasonal baseline
40,82,2013-01-25,9808.0,15933.08,False,9808.0,2012-10-26,13,Seasonal baseline
40,83,2013-01-25,2617.96,2421.15,False,2617.96,2012-10-26,13,Seasonal baseline
40,85,2013-01-25,1041.06,1691.51,False,1041.06,2012-10-26,13,Seasonal baseline
40,87,2013-01-25,18186.96,24638.96,False,18186.96,2012-10-26,13,Seasonal baseline
40,90,2013-01-25,59508.63,61155.87,False,59508.63,2012-10-26,13,Seasonal baseline
40,91,2013-01-25,41989.55,39716.14,False,41989.55,2012-10-26,13,Seasonal baseline
40,92,2013-01-25,88104.36,91275.7,False,88104.36,2012-10-26,13,Seasonal baseline
40,93,2013-01-25,22304.55,25158.46,False,22304.55,2012-10-26,13,Seasonal baseline
40,94,2013-01-25,33828.65,32845.06,False,33828.65,2012-10-26,13,Seasonal baseline
40,95,2013-01-25,56767.04,61950.15,False,56767.04,2012-10-26,13,Seasonal baseline
40,96,2013-01-25,10895.79,12911.09,False,10895.79,2012-10-26,13,Seasonal baseline
40,97,2013-01-25,13381.94,15555.73,False,13381.94,2012-10-26,13,Seasonal baseline
40,98,2013-01-25,6400.03,7978.21,False,6400.03,2012-10-26,13,Seasonal baseline
41,1,2013-01-25,18607.31,39498.1,False,18607.31,2012-10-26,13,Seasonal baseline
41,2,2013-01-25,44801.65,47645.15,False,44801.65,2012-10-26,13,Seasonal baseline
41,3,2013-01-25,15094.12,11582.4,False,15094.12,2012-10-26,13,Seasonal baseline
41,4,2013-01-25,27603.17,32699.78,False,27603.17,2012-10-26,13,Seasonal baseline
41,5,2013-01-25,17132.1,26750.82,False,17132.1,2012-10-26,13,Seasonal baseline
41,6,2013-01-25,2241.01,3191.19,False,2241.01,2012-10-26,13,Seasonal baseline
41,7,2013-01-25,15617.63,22784.76,False,15617.63,2012-10-26,13,Seasonal baseline
41,8,2013-01-25,32673.86,36680.47,False,32673.86,2012-10-26,13,Seasonal baseline
41,9,2013-01-25,16998.05,24740.34,False,16998.05,2012-10-26,13,Seasonal baseline
41,10,2013-01-25,9726.26,19876.67,False,9726.26,2012-10-26,13,Seasonal baseline
41,11,2013-01-25,12346.4,14446.58,False,12346.4,2012-10-26,13,Seasonal baseline
41,12,2013-01-25,3465.02,4550.3,False,3465.02,2012-10-26,13,Seasonal baseline
41,13,2013-01-25,29367.78,34076.71,False,29367.78,2012-10-26,13,Seasonal baseline
41,14,2013-01-25,13377.15,16355.99,False,13377.15,2012-10-26,13,Seasonal baseline
41,16,2013-01-25,1690.29,4686.39,False,1690.29,2012-10-26,13,Seasonal baseline
41,17,2013-01-25,10044.29,12472.95,False,10044.29,2012-10-26,13,Seasonal baseline
41,18,2013-01-25,1840.32,20517.78,False,1840.32,2012-10-26,13,Seasonal baseline
41,19,2013-01-25,926.88,2232.49,False,926.88,2012-10-26,13,Seasonal baseline
41,20,2013-01-25,3706.15,4399.35,False,3706.15,2012-10-26,13,Seasonal baseline
41,21,2013-01-25,3772.62,4417.46,False,3772.62,2012-10-26,13,Seasonal baseline
41,22,2013-01-25,8697.9,10365.66,False,8697.9,2012-10-26,13,Seasonal baseline
41,23,2013-01-25,13059.85,22995.55,False,13059.85,2012-10-26,13,Seasonal baseline
41,24,2013-01-25,2562.34,6206.37,False,2562.34,2012-10-26,13,Seasonal baseline
41,25,2013-01-25,4889.24,11299.92,False,4889.24,2012-10-26,13,Seasonal baseline
41,26,2013-01-25,4146.59,8688.87,False,4146.59,2012-10-26,13,Seasonal baseline
41,27,2013-01-25,1292.14,1993.6,False,1292.14,2012-10-26,13,Seasonal baseline
41,28,2013-01-25,494.58,1061.47,False,494.58,2012-10-26,13,Seasonal baseline
41,29,2013-01-25,3606.47,4893.9,False,3606.47,2012-10-26,13,Seasonal baseline
41,30,2013-01-25,2182.5,2521.34,False,2182.5,2012-10-26,13,Seasonal baseline
41,31,2013-01-25,1111.41,2411.66,False,1111.41,2012-10-26,13,Seasonal baseline
41,32,2013-01-25,3252.81,4339.15,False,3252.81,2012-10-26,13,Seasonal baseline
41,33,2013-01-25,3743.27,7067.08,False,3743.27,2012-10-26,13,Seasonal baseline
41,34,2013-01-25,9912.31,13533.02,False,9912.31,2012-10-26,13,Seasonal baseline
41,35,2013-01-25,1626.57,2555.56,False,1626.57,2012-10-26,13,Seasonal baseline
41,36,2013-01-25,466.64,1570.28,False,466.64,2012-10-26,13,Seasonal baseline
41,38,2013-01-25,53197.14,52724.84,False,53197.14,2012-10-26,13,Seasonal baseline
41,40,2013-01-25,55733.18,58540.86,False,55733.18,2012-10-26,13,Seasonal baseline
41,41,2013-01-25,662.12,2328.29,False,662.12,2012-10-26,13,Seasonal baseline
41,42,2013-01-25,5131.25,5535.55,False,5131.25,2012-10-26,13,Seasonal baseline
41,44,2013-01-25,4156.93,6264.97,False,4156.93,2012-10-26,13,Seasonal baseline
41,45,2013-01-25,11.94,41.82,False,11.94,2012-10-26,13,Seasonal baseline
41,46,2013-01-25,24840.82,24766.52,False,24840.82,2012-10-26,13,Seasonal baseline
41,48,2013-01-25,1534.0,3096.0,False,1534.0,2012-10-26,13,Seasonal baseline
41,49,2013-01-25,5520.53,5785.61,False,5520.53,2012-10-26,13,Seasonal baseline
41,52,2013-01-25,2407.2,3056.98,False,2407.2,2012-10-26,13,Seasonal baseline
41,54,2013-01-25,14.24,28.8,False,14.24,2012-10-26,13,Seasonal baseline
41,55,2013-01-25,4918.38,7325.34,False,4918.38,2012-10-26,13,Seasonal baseline
41,56,2013-01-25,696.12,383.35,False,696.12,2012-10-26,13,Seasonal baseline
41,58,2013-01-25,3965.0,6885.0,False,3965.0,2012-10-26,13,Seasonal baseline
41,59,2013-01-25,369.73,302.6,False,369.73,2012-10-26,13,Seasonal baseline
41,60,2013-01-25,348.2,576.0,False,348.2,2012-10-26,13,Seasonal baseline
41,67,2013-01-25,7605.91,9967.96,False,7605.91,2012-10-26,13,Seasonal baseline
41,71,2013-01-25,4590.23,3849.6,False,4590.23,2012-10-26,13,Seasonal baseline
41,72,2013-01-25,40061.45,43156.7,False,40061.45,2012-10-26,13,Seasonal baseline
41,74,2013-01-25,15316.22,16292.31,False,15316.22,2012-10-26,13,Seasonal baseline
41,79,2013-01-25,19164.65,22083.76,False,19164.65,2012-10-26,13,Seasonal baseline
41,80,2013-01-25,16095.73,17751.1,False,16095.73,2012-10-26,13,Seasonal baseline
41,81,2013-01-25,19157.88,19685.98,False,19157.88,2012-10-26,13,Seasonal baseline
41,82,2013-01-25,15393.51,19384.88,False,15393.51,2012-10-26,13,Seasonal baseline
41,83,2013-01-25,3771.97,3039.24,False,3771.97,2012-10-26,13,Seasonal baseline
41,85,2013-01-25,2140.75,1845.64,False,2140.75,2012-10-26,13,Seasonal baseline
41,87,2013-01-25,10665.84,14536.3,False,10665.84,2012-10-26,13,Seasonal baseline
41,90,2013-01-25,71020.8,79524.89,False,71020.8,2012-10-26,13,Seasonal baseline
41,91,2013-01-25,51061.37,55571.18,False,51061.37,2012-10-26,13,Seasonal baseline
41,92,2013-01-25,114963.57,131128.24,False,114963.57,2012-10-26,13,Seasonal baseline
41,93,2013-01-25,31289.65,38924.05,False,31289.65,2012-10-26,13,Seasonal baseline
41,94,2013-01-25,42732.27,52291.69,False,42732.27,2012-10-26,13,Seasonal baseline
41,95,2013-01-25,81436.31,90219.27,False,81436.31,2012-10-26,13,Seasonal baseline
41,96,2013-01-25,1901.13,2627.65,False,1901.13,2012-10-26,13,Seasonal baseline
41,97,2013-01-25,17684.61,20661.76,False,17684.61,2012-10-26,13,Seasonal baseline
41,98,2013-01-25,7769.94,11218.87,False,7769.94,2012-10-26,13,Seasonal baseline
41,99,2013-01-25,,29.88,True,29.88,2012-10-26,13,Seasonal baseline
42,1,2013-01-25,9357.2,13237.19,False,9357.2,2012-10-26,13,Seasonal baseline
42,2,2013-01-25,16287.87,15833.01,False,16287.87,2012-10-26,13,Seasonal baseline
42,3,2013-01-25,887.61,689.74,False,887.61,2012-10-26,13,Seasonal baseline
42,4,2013-01-25,14590.32,14585.63,False,14590.32,2012-10-26,13,Seasonal baseline
42,5,2013-01-25,746.67,775.92,False,746.67,2012-10-26,13,Seasonal baseline
42,7,2013-01-25,265.61,325.96,False,265.61,2012-10-26,13,Seasonal baseline
42,8,2013-01-25,20175.43,19046.81,False,20175.43,2012-10-26,13,Seasonal baseline
42,9,2013-01-25,31.3,236.75,False,31.3,2012-10-26,13,Seasonal baseline
42,10,2013-01-25,391.17,419.85,False,391.17,2012-10-26,13,Seasonal baseline
42,11,2013-01-25,1008.77,615.05,False,1008.77,2012-10-26,13,Seasonal baseline
42,12,2013-01-25,98.25,85.49,False,98.25,2012-10-26,13,Seasonal baseline
42,13,2013-01-25,14398.77,13620.56,False,14398.77,2012-10-26,13,Seasonal baseline
42,14,2013-01-25,1047.34,1180.09,False,1047.34,2012-10-26,13,Seasonal baseline
42,16,2013-01-25,704.43,762.14,False,704.43,2012-10-26,13,Seasonal baseline
42,17,2013-01-25,411.85,503.89,False,411.85,2012-10-26,13,Seasonal baseline
42,18,2013-01-25,253.3,995.5,False,253.3,2012-10-26,13,Seasonal baseline
42,21,2013-01-25,1159.65,1044.93,False,1159.65,2012-10-26,13,Seasonal baseline
42,23,2013-01-25,40.32,6.92,False,40.32,2012-10-26,13,Seasonal baseline
42,24,2013-01-25,,7.97,True,7.97,2012-10-26,13,Seasonal baseline
42,25,2013-01-25,50.22,30.9,False,50.22,2012-10-26,13,Seasonal baseline
42,27,2013-01-25,11.54,89.41,False,11.54,2012-10-26,13,Seasonal baseline
42,28,2013-01-25,50.62,49.56,False,50.62,2012-10-26,13,Seasonal baseline
42,31,2013-01-25,3.0,20.0,False,3.0,2012-10-26,13,Seasonal baseline
42,32,2013-01-25,45.0,8.0,False,45.0,2012-10-26,13,Seasonal baseline
42,38,2013-01-25,47363.16,39496.46,False,47363.16,2012-10-26,13,Seasonal baseline
42,40,2013-01-25,21676.35,19874.49,False,21676.35,2012-10-26,13,Seasonal baseline
42,42,2013-01-25,199.73,192.59,False,199.73,2012-10-26,13,Seasonal baseline
42,44,2013-01-25,,-2.47,True,-2.47,2012-10-26,13,Seasonal baseline
42,46,2013-01-25,6264.4,6014.05,False,6264.4,2012-10-26,13,Seasonal baseline
42,49,2013-01-25,,49.85,True,49.85,2012-10-26,13,Seasonal baseline
42,52,2013-01-25,25.45,22.71,False,25.45,2012-10-26,13,Seasonal baseline
42,56,2013-01-25,,6.88,True,6.88,2012-10-26,13,Seasonal baseline
42,59,2013-01-25,203.93,11.87,False,203.93,2012-10-26,13,Seasonal baseline
42,60,2013-01-25,268.2,216.0,False,268.2,2012-10-26,13,Seasonal baseline
42,67,2013-01-25,1098.22,1074.23,False,1098.22,2012-10-26,13,Seasonal baseline
42,74,2013-01-25,174.34,164.06,False,174.34,2012-10-26,13,Seasonal baseline
42,79,2013-01-25,13057.35,12248.12,False,13057.35,2012-10-26,13,Seasonal baseline
42,80,2013-01-25,14222.96,13897.88,False,14222.96,2012-10-26,13,Seasonal baseline
42,81,2013-01-25,15646.5,14529.72,False,15646.5,2012-10-26,13,Seasonal baseline
42,82,2013-01-25,7430.58,7825.99,False,7430.58,2012-10-26,13,Seasonal baseline
42,83,2013-01-25,3106.07,2718.18,False,3106.07,2012-10-26,13,Seasonal baseline
42,85,2013-01-25,20.31,15.2,False,20.31,2012-10-26,13,Seasonal baseline
42,87,2013-01-25,927.84,1109.98,False,927.84,2012-10-26,13,Seasonal baseline
42,90,2013-01-25,52530.23,48793.79,False,52530.23,2012-10-26,13,Seasonal baseline
42,91,2013-01-25,38112.75,34567.83,False,38112.75,2012-10-26,13,Seasonal baseline
42,92,2013-01-25,78538.48,74357.33,False,78538.48,2012-10-26,13,Seasonal baseline
42,93,2013-01-25,29305.73,26805.4,False,29305.73,2012-10-26,13,Seasonal baseline
42,94,2013-01-25,33880.57,33387.91,False,33880.57,2012-10-26,13,Seasonal baseline
42,95,2013-01-25,56658.84,54892.79,False,56658.84,2012-10-26,13,Seasonal baseline
42,96,2013-01-25,15398.58,17296.52,False,15398.58,2012-10-26,13,Seasonal baseline
42,97,2013-01-25,14878.93,14449.62,False,14878.93,2012-10-26,13,Seasonal baseline
42,98,2013-01-25,5947.17,6567.83,False,5947.17,2012-10-26,13,Seasonal baseline
43,1,2013-01-25,5776.26,10452.71,False,5776.26,2012-10-26,13,Seasonal baseline
43,2,2013-01-25,18106.15,18899.79,False,18106.15,2012-10-26,13,Seasonal baseline
43,3,2013-01-25,1199.52,968.42,False,1199.52,2012-10-26,13,Seasonal baseline
43,4,2013-01-25,15947.78,15885.89,False,15947.78,2012-10-26,13,Seasonal baseline
43,5,2013-01-25,1060.36,700.52,False,1060.36,2012-10-26,13,Seasonal baseline
43,6,2013-01-25,,9.88,True,9.88,2012-10-26,13,Seasonal baseline
43,7,2013-01-25,230.0,229.9,False,230.0,2012-10-26,13,Seasonal baseline
43,8,2013-01-25,13653.48,13118.75,False,13653.48,2012-10-26,13,Seasonal baseline
43,9,2013-01-25,30.88,63.67,False,30.88,2012-10-26,13,Seasonal baseline
43,10,2013-01-25,285.17,460.46,False,285.17,2012-10-26,13,Seasonal baseline
43,11,2013-01-25,477.56,397.39,False,477.56,2012-10-26,13,Seasonal baseline
43,12,2013-01-25,76.69,56.96,False,76.69,2012-10-26,13,Seasonal baseline
43,13,2013-01-25,16671.36,16135.77,False,16671.36,2012-10-26,13,Seasonal baseline
43,14,2013-01-25,1160.99,1366.85,False,1160.99,2012-10-26,13,Seasonal baseline
43,16,2013-01-25,1924.19,1441.77,False,1924.19,2012-10-26,13,Seasonal baseline
43,17,2013-01-25,422.36,375.88,False,422.36,2012-10-26,13,Seasonal baseline
43,18,2013-01-25,492.59,1022.81,False,492.59,2012-10-26,13,Seasonal baseline
43,20,2013-01-25,20.0,16.0,False,20.0,2012-10-26,13,Seasonal baseline
43,21,2013-01-25,1385.12,1503.97,False,1385.12,2012-10-26,13,Seasonal baseline
43,22,2013-01-25,12.88,7.94,False,12.88,2012-10-26,13,Seasonal baseline
43,25,2013-01-25,51.1,48.6,False,51.1,2012-10-26,13,Seasonal baseline
43,28,2013-01-25,1.32,0.66,False,1.32,2012-10-26,13,Seasonal baseline
43,38,2013-01-25,62885.67,67135.51,False,62885.67,2012-10-26,13,Seasonal baseline
43,40,2013-01-25,20508.7,17620.61,False,20508.7,2012-10-26,13,Seasonal baseline
43,42,2013-01-25,199.88,206.65,False,199.88,2012-10-26,13,Seasonal baseline
43,46,2013-01-25,5688.03,5591.3,False,5688.03,2012-10-26,13,Seasonal baseline
43,52,2013-01-25,16.88,15.03,False,16.88,2012-10-26,13,Seasonal baseline
43,56,2013-01-25,,15.42,True,15.42,2012-10-26,13,Seasonal baseline
43,60,2013-01-25,,270.0,True,270.0,2012-10-26,13,Seasonal baseline
43,67,2013-01-25,901.06,1193.73,False,901.06,2012-10-26,13,Seasonal baseline
43,72,2013-01-25,228.66,226.45,False,228.66,2012-10-26,13,Seasonal baseline
43,74,2013-01-25,699.2,769.55,False,699.2,2012-10-26,13,Seasonal baseline
43,79,2013-01-25,12177.76,11236.47,False,12177.76,2012-10-26,13,Seasonal baseline
43,80,2013-01-25,17058.42,15484.67,False,17058.42,2012-10-26,13,Seasonal baseline
43,81,2013-01-25,19893.9,17924.69,False,19893.9,2012-10-26,13,Seasonal baseline
43,82,2013-01-25,7183.9,7798.49,False,7183.9,2012-10-26,13,Seasonal baseline
43,83,2013-01-25,4409.68,3217.41,False,4409.68,2012-10-26,13,Seasonal baseline
43,85,2013-01-25,,0.38,True,0.38,2012-10-26,13,Seasonal baseline
43,87,2013-01-25,187.48,204.33,False,187.48,2012-10-26,13,Seasonal baseline
43,90,2013-01-25,63473.16,58738.96,False,63473.16,2012-10-26,13,Seasonal baseline
43,91,2013-01-25,28438.23,27716.48,False,28438.23,2012-10-26,13,Seasonal baseline
43,92,2013-01-25,78074.54,75010.86,False,78074.54,2012-10-26,13,Seasonal baseline
43,93,2013-01-25,33154.74,32093.15,False,33154.74,2012-10-26,13,Seasonal baseline
43,94,2013-01-25,44505.7,45399.62,False,44505.7,2012-10-26,13,Seasonal baseline
43,95,2013-01-25,63765.37,64937.96,False,63765.37,2012-10-26,13,Seasonal baseline
43,96,2013-01-25,20024.02,23772.1,False,20024.02,2012-10-26,13,Seasonal baseline
43,97,2013-01-25,17545.12,17697.16,False,17545.12,2012-10-26,13,Seasonal baseline
43,98,2013-01-25,7679.52,10161.98,False,7679.52,2012-10-26,13,Seasonal baseline
44,1,2013-01-25,7489.86,13117.6,False,7489.86,2012-10-26,13,Seasonal baseline
44,2,2013-01-25,8794.94,10631.3,False,8794.94,2012-10-26,13,Seasonal baseline
44,3,2013-01-25,553.72,572.63,False,553.72,2012-10-26,13,Seasonal baseline
44,4,2013-01-25,6961.81,8440.09,False,6961.81,2012-10-26,13,Seasonal baseline
44,5,2013-01-25,448.8,1059.55,False,448.8,2012-10-26,13,Seasonal baseline
44,6,2013-01-25,24.76,12.88,False,24.76,2012-10-26,13,Seasonal baseline
44,7,2013-01-25,175.44,312.95,False,175.44,2012-10-26,13,Seasonal baseline
44,8,2013-01-25,5342.01,5551.98,False,5342.01,2012-10-26,13,Seasonal baseline
44,9,2013-01-25,46.77,56.58,False,46.77,2012-10-26,13,Seasonal baseline
44,10,2013-01-25,143.44,102.88,False,143.44,2012-10-26,13,Seasonal baseline
44,11,2013-01-25,587.54,631.1,False,587.54,2012-10-26,13,Seasonal baseline
44,12,2013-01-25,90.84,106.44,False,90.84,2012-10-26,13,Seasonal baseline
44,13,2013-01-25,6532.41,8263.13,False,6532.41,2012-10-26,13,Seasonal baseline
44,14,2013-01-25,597.91,678.79,False,597.91,2012-10-26,13,Seasonal baseline
44,16,2013-01-25,650.9,514.16,False,650.9,2012-10-26,13,Seasonal baseline
44,17,2013-01-25,257.04,378.29,False,257.04,2012-10-26,13,Seasonal baseline
44,18,2013-01-25,331.49,884.9,False,331.49,2012-10-26,13,Seasonal baseline
44,20,2013-01-25,,12.0,True,12.0,2012-10-26,13,Seasonal baseline
44,21,2013-01-25,844.35,655.37,False,844.35,2012-10-26,13,Seasonal baseline
44,23,2013-01-25,17.24,11.94,False,17.24,2012-10-26,13,Seasonal baseline
44,24,2013-01-25,,15.94,True,15.94,2012-10-26,13,Seasonal baseline
44,25,2013-01-25,56.48,44.26,False,56.48,2012-10-26,13,Seasonal baseline
44,26,2013-01-25,,157.09,True,157.09,2012-10-26,13,Seasonal baseline
44,27,2013-01-25,,26.28,True,26.28,2012-10-26,13,Seasonal baseline
44,28,2013-01-25,44.91,64.41,False,44.91,2012-10-26,13,Seasonal baseline
44,31,2013-01-25,3.0,26.88,False,3.0,2012-10-26,13,Seasonal baseline
44,32,2013-01-25,15.0,36.02,False,15.0,2012-10-26,13,Seasonal baseline
44,33,2013-01-25,,6.97,True,6.97,2012-10-26,13,Seasonal baseline
44,38,2013-01-25,45611.19,66629.98,False,45611.19,2012-10-26,13,Seasonal baseline
44,40,2013-01-25,16090.95,18039.34,False,16090.95,2012-10-26,13,Seasonal baseline
44,42,2013-01-25,44.67,33.92,False,44.67,2012-10-26,13,Seasonal baseline
44,46,2013-01-25,5472.8,5144.5,False,5472.8,2012-10-26,13,Seasonal baseline
44,49,2013-01-25,,5.0,True,5.0,2012-10-26,13,Seasonal baseline
44,52,2013-01-25,28.81,22.0,False,28.81,2012-10-26,13,Seasonal baseline
44,56,2013-01-25,12.0,109.05,False,12.0,2012-10-26,13,Seasonal baseline
44,60,2013-01-25,394.6,306.0,False,394.6,2012-10-26,13,Seasonal baseline
44,67,2013-01-25,873.67,963.08,False,873.67,2012-10-26,13,Seasonal baseline
44,72,2013-01-25,40.35,246.4,False,40.35,2012-10-26,13,Seasonal baseline
44,74,2013-01-25,318.46,546.68,False,318.46,2012-10-26,13,Seasonal baseline
44,79,2013-01-25,4601.94,4838.87,False,4601.94,2012-10-26,13,Seasonal baseline
44,80,2013-01-25,5226.95,5632.62,False,5226.95,2012-10-26,13,Seasonal baseline
44,81,2013-01-25,8096.28,8096.15,False,8096.28,2012-10-26,13,Seasonal baseline
44,82,2013-01-25,3056.8,4310.25,False,3056.8,2012-10-26,13,Seasonal baseline
44,83,2013-01-25,941.15,623.61,False,941.15,2012-10-26,13,Seasonal baseline
44,85,2013-01-25,163.55,147.37,False,163.55,2012-10-26,13,Seasonal baseline
44,87,2013-01-25,352.68,325.08,False,352.68,2012-10-26,13,Seasonal baseline
44,90,2013-01-25,35410.18,37251.56,False,35410.18,2012-10-26,13,Seasonal baseline
44,91,2013-01-25,18878.41,18756.2,False,18878.41,2012-10-26,13,Seasonal baseline
44,92,2013-01-25,44214.38,51275.07,False,44214.38,2012-10-26,13,Seasonal baseline
44,93,2013-01-25,11979.34,12166.94,False,11979.34,2012-10-26,13,Seasonal baseline
44,94,2013-01-25,23285.74,26641.59,False,23285.74,2012-10-26,13,Seasonal baseline
44,95,2013-01-25,30923.93,32196.45,False,30923.93,2012-10-26,13,Seasonal baseline
44,96,2013-01-25,2109.81,2983.19,False,2109.81,2012-10-26,13,Seasonal baseline
44,97,2013-01-25,6643.33,7054.8,False,6643.33,2012-10-26,13,Seasonal baseline
44,98,2013-01-25,3481.92,4348.96,False,3481.92,2012-10-26,13,Seasonal baseline
45,1,2013-01-25,12871.85,27117.16,False,12871.85,2012-10-26,13,Seasonal baseline
45,2,2013-01-25,29293.29,36074.86,False,29293.29,2012-10-26,13,Seasonal baseline
45,3,2013-01-25,8444.53,6726.03,False,8444.53,2012-10-26,13,Seasonal baseline
45,4,2013-01-25,20864.52,24627.94,False,20864.52,2012-10-26,13,Seasonal baseline
45,5,2013-01-25,11479.55,13256.59,False,11479.55,2012-10-26,13,Seasonal baseline
45,6,2013-01-25,1570.76,1086.31,False,1570.76,2012-10-26,13,Seasonal baseline
45,7,2013-01-25,9497.82,20356.73,False,9497.82,2012-10-26,13,Seasonal baseline
45,8,2013-01-25,29979.38,37857.64,False,29979.38,2012-10-26,13,Seasonal baseline
45,9,2013-01-25,8815.9,16049.13,False,8815.9,2012-10-26,13,Seasonal baseline
45,10,2013-01-25,12511.84,13565.63,False,12511.84,2012-10-26,13,Seasonal baseline
45,11,2013-01-25,9547.76,10362.64,False,9547.76,2012-10-26,13,Seasonal baseline
45,12,2013-01-25,2683.76,3791.88,False,2683.76,2012-10-26,13,Seasonal baseline
45,13,2013-01-25,23377.45,26240.14,False,23377.45,2012-10-26,13,Seasonal baseline
45,14,2013-01-25,11051.41,9865.26,False,11051.41,2012-10-26,13,Seasonal baseline
45,16,2013-01-25,5269.57,2660.02,False,5269.57,2012-10-26,13,Seasonal baseline
45,17,2013-01-25,8161.33,10308.6,False,8161.33,2012-10-26,13,Seasonal baseline
45,18,2013-01-25,1523.52,10971.58,False,1523.52,2012-10-26,13,Seasonal baseline
45,19,2013-01-25,1085.29,1350.87,False,1085.29,2012-10-26,13,Seasonal baseline
45,20,2013-01-25,2646.01,3723.93,False,2646.01,2012-10-26,13,Seasonal baseline
45,21,2013-01-25,2816.24,3260.65,False,2816.24,2012-10-26,13,Seasonal baseline
45,22,2013-01-25,4724.55,7971.36,False,4724.55,2012-10-26,13,Seasonal baseline
45,23,2013-01-25,14769.25,19992.29,False,14769.25,2012-10-26,13,Seasonal baseline
45,24,2013-01-25,2918.81,5865.79,False,2918.81,2012-10-26,13,Seasonal baseline
45,25,2013-01-25,6971.66,8308.81,False,6971.66,2012-10-26,13,Seasonal baseline
45,26,2013-01-25,3837.1,8332.12,False,3837.1,2012-10-26,13,Seasonal baseline
45,27,2013-01-25,1121.14,1459.97,False,1121.14,2012-10-26,13,Seasonal baseline
45,28,2013-01-25,603.4,1206.0,False,603.4,2012-10-26,13,Seasonal baseline
45,29,2013-01-25,3270.85,3923.41,False,3270.85,2012-10-26,13,Seasonal baseline
45,30,2013-01-25,1425.72,1992.0,False,1425.72,2012-10-26,13,Seasonal baseline
45,31,2013-01-25,1516.62,1903.56,False,1516.62,2012-10-26,13,Seasonal baseline
45,32,2013-01-25,1763.32,4131.54,False,1763.32,2012-10-26,13,Seasonal baseline
45,33,2013-01-25,2112.3,5291.62,False,2112.3,2012-10-26,13,Seasonal baseline
45,34,2013-01-25,7969.2,13951.44,False,7969.2,2012-10-26,13,Seasonal baseline
45,35,2013-01-25,1215.87,1712.08,False,1215.87,2012-10-26,13,Seasonal baseline
45,36,2013-01-25,574.58,1506.97,False,574.58,2012-10-26,13,Seasonal baseline
45,38,2013-01-25,56173.04,47799.07,False,56173.04,2012-10-26,13,Seasonal baseline
45,40,2013-01-25,39825.45,38673.87,False,39825.45,2012-10-26,13,Seasonal baseline
45,41,2013-01-25,558.25,1954.67,False,558.25,2012-10-26,13,Seasonal baseline
45,42,2013-01-25,3749.71,4894.78,False,3749.71,2012-10-26,13,Seasonal baseline
45,44,2013-01-25,2340.79,3144.09,False,2340.79,2012-10-26,13,Seasonal baseline
45,46,2013-01-25,10746.15,13329.25,False,10746.15,2012-10-26,13,Seasonal baseline
45,52,2013-01-25,1420.35,1104.16,False,1420.35,2012-10-26,13,Seasonal baseline
45,54,2013-01-25,,23.92,True,23.92,2012-10-26,13,Seasonal baseline
45,55,2013-01-25,4326.99,3458.17,False,4326.99,2012-10-26,13,Seasonal baseline
45,56,2013-01-25,260.03,937.72,False,260.03,2012-10-26,13,Seasonal baseline
45,58,2013-01-25,1255.0,275.0,False,1255.0,2012-10-26,13,Seasonal baseline
45,59,2013-01-25,107.83,191.98,False,107.83,2012-10-26,13,Seasonal baseline
45,60,2013-01-25,88.2,117.0,False,88.2,2012-10-26,13,Seasonal baseline
45,67,2013-01-25,4404.77,5772.09,False,4404.77,2012-10-26,13,Seasonal baseline
45,71,2013-01-25,3310.45,2789.38,False,3310.45,2012-10-26,13,Seasonal baseline
45,72,2013-01-25,27974.38,33366.6,False,27974.38,2012-10-26,13,Seasonal baseline
45,74,2013-01-25,8493.61,9814.88,False,8493.61,2012-10-26,13,Seasonal baseline
45,79,2013-01-25,14059.34,14618.6,False,14059.34,2012-10-26,13,Seasonal baseline
45,80,2013-01-25,735.64,670.88,False,735.64,2012-10-26,13,Seasonal baseline
45,81,2013-01-25,12827.61,14693.09,False,12827.61,2012-10-26,13,Seasonal baseline
45,82,2013-01-25,10451.08,17360.33,False,10451.08,2012-10-26,13,Seasonal baseline
45,83,2013-01-25,553.94,717.82,False,553.94,2012-10-26,13,Seasonal baseline
45,85,2013-01-25,1508.83,1689.1,False,1508.83,2012-10-26,13,Seasonal baseline
45,87,2013-01-25,5485.46,8187.66,False,5485.46,2012-10-26,13,Seasonal baseline
45,90,2013-01-25,24808.64,25352.32,False,24808.64,2012-10-26,13,Seasonal baseline
45,91,2013-01-25,16639.89,16330.84,False,16639.89,2012-10-26,13,Seasonal baseline
45,92,2013-01-25,47408.04,54608.75,False,47408.04,2012-10-26,13,Seasonal baseline
45,93,2013-01-25,1397.34,2487.8,False,1397.34,2012-10-26,13,Seasonal baseline
45,94,2013-01-25,3904.32,5203.31,False,3904.32,2012-10-26,13,Seasonal baseline
45,95,2013-01-25,44521.65,56017.47,False,44521.65,2012-10-26,13,Seasonal baseline
45,97,2013-01-25,5724.94,6817.48,False,5724.94,2012-10-26,13,Seasonal baseline
45,98,2013-01-25,671.4,1076.8,False,671.4,2012-10-26,13,Seasonal baseline

